Sort#,Species_Name,ESU_DPS,PBF_category,Freshwater,Estuarine,Marine,Land,PBF,Shorter_PBFs,Uses_PCE,Riparian,Oceanography,Food,Benthic,Substrate,Structure,Noise,Contaminants,Passage,Cover,Depth,Space,Water_Quality,Temperature,Salinity,Oxygen,Nutrients_Productivity,Turbidity_Sedimentation,Water_Clarity,Water_Flow,Water_Velocity,Aquatic_Vegetation,Light,OTHER,OTHER_NONE
1,Leatherback Sea Turtle,,,0,0,1,1,"U.S. East Coast – Habitat essential for nesting, within the Sandy Point National Wildlife Refuge","U.S. East Coast – Habitat essential for nesting, within the Sandy Point National Wildlife Refuge",0,0,0,0,0,0,0,0,0,0,0,0,0,0,0,0,0,0,0,0,0,0,0,0,0,1
2,Leatherback Sea Turtle,,,0,0,1,0,"U.S. West Coast – Prey species, primarily scyphomedusae (i.e., jellyfish) of the order Semaeostomeae (e.g., Chrysaora, Aurelia, Phacellophora, and Cyanea), of sufficient condition, distribution, diversity, abundance, and density necessary to support individual as well as population growth, reproduction, and development",U.S. West Coast – Prey species,1,0,0,1,0,0,0,0,0,0,0,0,0,0,0,0,0,0,0,0,0,0,0,0,0,0
3,Chinook Salmon,Sacramento River Winter-Run ESU,,1,1,1,0,Access from the Pacific Ocean to appropriate spawning areas in the upper Sacramento River,Access from the Pacific Ocean to appropriate spawning areas,0,0,0,0,0,0,0,0,0,1,0,0,0,0,0,0,0,0,0,0,0,0,0,0,0,0
4,Chinook Salmon,Sacramento River Winter-Run ESU,,1,0,0,0,The availability of clean gravel for spawning substrate,The availability of clean gravel for spawning substrate,0,0,0,0,1,1,0,0,1,0,0,0,0,0,0,0,0,0,1,0,0,0,0,0,0,0
5,Chinook Salmon,Sacramento River Winter-Run ESU,,1,0,0,0,"Adequate river flows for successful spawning, incubation of eggs, fry development and emergence, and downstream transport of juveniles","Adequate river flows for successful spawning, incubation of eggs, fry development and emergence, and downstream transport of juveniles",0,0,0,0,0,0,0,0,0,0,0,0,0,0,0,0,0,0,0,0,1,0,0,0,0,0
6,Chinook Salmon,Sacramento River Winter-Run ESU,,1,0,0,0,"Water temperatures between 42.5 and 57.5°F (5.8 and 14.1°C) for successful spawning, egg incubation, and fry development","Water temperatures between 42.5 and 57.5°F (5.8 and 14.1°C) for successful spawning, egg incubation, and fry development",0,0,0,0,0,0,0,0,0,0,0,0,0,1,1,0,0,0,0,0,0,0,0,0,0,0
7,Chinook Salmon,Sacramento River Winter-Run ESU,,1,1,0,0,Habitat areas and adequate prey that are not contaminated,Habitat areas and adequate prey that are not contaminated,0,0,0,1,0,0,0,0,1,0,0,0,0,1,0,0,0,0,0,0,0,0,0,0,0,0
8,Chinook Salmon,Sacramento River Winter-Run ESU,,1,1,0,1,Riparian habitat that provides for successful juvenile development and survival,Riparian habitat that provides for successful juvenile development and survival,0,1,0,0,0,0,0,0,0,0,1,0,0,0,0,0,0,0,0,0,0,0,0,0,0,0
9,Chinook Salmon,Sacramento River Winter-Run ESU,,1,1,0,0,Access downstream so that juveniles can migrate from the spawning grounds to San Francisco Bay and the Pacific Ocean,Access downstream so that juveniles can migrate from the spawning grounds to San Francisco Bay and the Pacific Ocean,0,0,0,0,0,0,0,0,0,1,0,0,0,0,0,0,0,0,0,0,0,0,0,0,0,0
10,Steller Sea Lion,Western DPS,,0,0,1,1,"Terrestrial, air, and aquatic areas that support reproduction, foraging, rest, and refuge","Terrestrial, air, and aquatic areas that support reproduction, foraging, rest, and refuge",0,0,0,1,1,1,0,1,1,0,1,1,0,1,0,0,0,0,0,0,0,0,0,0,1,0
11,Chinook Salmon,Snake River Fall-Run ESU,Spawning and juvenile rearing areas,1,1,0,0,Spawning gravel,Spawning gravel,0,0,0,0,1,1,0,0,0,0,0,0,0,0,0,0,0,0,1,0,0,0,0,0,0,0
12,Chinook Salmon,Snake River Fall-Run ESU,Spawning and juvenile rearing areas,1,1,0,0,Water quality,Water quality,0,0,0,0,0,0,0,0,1,0,0,0,0,1,0,0,0,0,0,0,0,0,0,0,0,0
13,Chinook Salmon,Snake River Fall-Run ESU,Spawning and juvenile rearing areas,1,1,0,0,Water quantity,Water quantity,0,0,0,0,0,0,0,0,0,0,0,0,0,0,0,0,0,0,0,0,1,0,0,0,0,0
14,Chinook Salmon,Snake River Fall-Run ESU,Spawning and juvenile rearing areas,1,1,0,0,Water temperature,Water temperature,0,0,0,0,0,0,0,0,0,0,0,0,0,1,1,0,0,0,0,0,0,0,0,0,0,0
15,Chinook Salmon,Snake River Fall-Run ESU,Spawning and juvenile rearing areas,1,1,0,1,Cover/shelter,Cover/shelter,0,0,0,0,0,0,0,0,0,0,1,0,0,0,0,0,0,0,0,0,0,0,1,0,0,0
16,Chinook Salmon,Snake River Fall-Run ESU,Spawning and juvenile rearing areas,1,1,0,0,Food,Food,0,0,0,1,0,0,0,0,0,0,0,0,0,0,0,0,0,0,0,0,0,0,0,0,0,0
17,Chinook Salmon,Snake River Fall-Run ESU,Spawning and juvenile rearing areas,1,1,0,1,Riparian vegetation,Riparian vegetation,0,1,0,0,0,0,0,0,0,0,1,0,0,0,0,0,0,0,0,0,0,0,0,0,0,0
18,Chinook Salmon,Snake River Fall-Run ESU,Spawning and juvenile rearing areas,1,1,0,0,Space,Space,0,0,0,0,0,0,0,0,0,0,0,0,1,0,0,0,0,0,0,0,0,0,0,0,0,0
19,Chinook Salmon,Snake River Fall-Run ESU,Juvenile migration corridors,1,1,0,0,Substrate,Substrate,0,0,0,0,1,1,0,0,0,0,0,0,0,0,0,0,0,0,1,0,0,0,0,0,0,0
20,Chinook Salmon,Snake River Fall-Run ESU,Juvenile migration corridors,1,1,0,0,Water quality,Water quality,0,0,0,0,0,0,0,0,1,0,0,0,0,1,0,0,0,0,0,0,0,0,0,0,0,0
21,Chinook Salmon,Snake River Fall-Run ESU,Juvenile migration corridors,1,1,0,0,Water quantity,Water quantity,0,0,0,0,0,0,0,0,0,0,0,0,0,0,0,0,0,0,0,0,1,0,0,0,0,0
22,Chinook Salmon,Snake River Fall-Run ESU,Juvenile migration corridors,1,1,0,0,Water temperature,Water temperature,0,0,0,0,0,0,0,0,0,0,0,0,0,1,1,0,0,0,0,0,0,0,0,0,0,0
23,Chinook Salmon,Snake River Fall-Run ESU,Juvenile migration corridors,1,1,0,0,Water velocity,Water velocity,0,0,0,0,0,0,0,0,0,0,0,0,0,0,0,0,0,0,0,0,0,1,0,0,0,0
24,Chinook Salmon,Snake River Fall-Run ESU,Juvenile migration corridors,1,1,0,1,Cover/shelter,Cover/shelter,0,0,0,0,0,0,0,0,0,0,1,0,0,0,0,0,0,0,0,0,0,0,1,0,0,0
25,Chinook Salmon,Snake River Fall-Run ESU,Juvenile migration corridors,1,1,0,0,Food,Food,0,0,0,1,0,0,0,0,0,0,0,0,0,0,0,0,0,0,0,0,0,0,0,0,0,0
26,Chinook Salmon,Snake River Fall-Run ESU,Juvenile migration corridors,1,1,0,1,Riparian vegetation,Riparian vegetation,0,1,0,0,0,0,0,0,0,0,1,0,0,0,0,0,0,0,0,0,0,0,0,0,0,0
27,Chinook Salmon,Snake River Fall-Run ESU,Juvenile migration corridors,1,1,0,0,Space,Space,0,0,0,0,0,0,0,0,0,0,0,0,1,0,0,0,0,0,0,0,0,0,0,0,0,0
28,Chinook Salmon,Snake River Fall-Run ESU,Juvenile migration corridors,1,1,0,0,Safe passage conditions,Safe passage conditions,0,0,0,0,0,0,0,0,0,1,0,0,0,0,0,0,0,0,0,0,0,0,0,0,0,0
29,Chinook Salmon,Snake River Fall-Run ESU,Areas for growth and development to adulthood,1,1,0,0,Essential areas and features have not been identified,Essential areas and features for growth and development to adulthood have not been identified,0,0,0,0,0,0,0,0,0,0,0,0,0,0,0,0,0,0,0,0,0,0,0,0,0,1
30,Chinook Salmon,Snake River Fall-Run ESU,Adult migration corridors,1,1,0,0,Substrate,Substrate,0,0,0,0,1,1,0,0,0,0,0,0,0,0,0,0,0,0,1,0,0,0,0,0,0,0
31,Chinook Salmon,Snake River Fall-Run ESU,Adult migration corridors,1,1,0,0,Water quality,Water quality,0,0,0,0,0,0,0,0,1,0,0,0,0,1,0,0,0,0,0,0,0,0,0,0,0,0
32,Chinook Salmon,Snake River Fall-Run ESU,Adult migration corridors,1,1,0,0,Water quantity,Water quantity,0,0,0,0,0,0,0,0,0,0,0,0,0,0,0,0,0,0,0,0,1,0,0,0,0,0
33,Chinook Salmon,Snake River Fall-Run ESU,Adult migration corridors,1,1,0,0,Water temperature,Water temperature,0,0,0,0,0,0,0,0,0,0,0,0,0,1,1,0,0,0,0,0,0,0,0,0,0,0
34,Chinook Salmon,Snake River Fall-Run ESU,Adult migration corridors,1,1,0,0,Water velocity,Water velocity,0,0,0,0,0,0,0,0,0,0,0,0,0,0,0,0,0,0,0,0,0,1,0,0,0,0
35,Chinook Salmon,Snake River Fall-Run ESU,Adult migration corridors,1,1,0,1,Cover/shelter,Cover/shelter,0,0,0,0,0,0,0,0,0,0,1,0,0,0,0,0,0,0,0,0,0,0,1,0,0,0
36,Chinook Salmon,Snake River Fall-Run ESU,Adult migration corridors,1,1,0,1,Riparian vegetation,Riparian vegetation,0,1,0,0,0,0,0,0,0,0,1,0,0,0,0,0,0,0,0,0,0,0,0,0,0,0
37,Chinook Salmon,Snake River Fall-Run ESU,Adult migration corridors,1,1,0,0,Space,Space,0,0,0,0,0,0,0,0,0,0,0,0,1,0,0,0,0,0,0,0,0,0,0,0,0,0
38,Chinook Salmon,Snake River Fall-Run ESU,Adult migration corridors,1,1,0,0,Safe passage conditions,Safe passage conditions,0,0,0,0,0,0,0,0,0,1,0,0,0,0,0,0,0,0,0,0,0,0,0,0,0,0
39,Chinook Salmon,Snake River Spring/Summer Run ESU,Spawning and juvenile rearing areas,1,1,0,0,Spawning gravel,Spawning gravel,0,0,0,0,1,1,0,0,0,0,0,0,0,0,0,0,0,0,1,0,0,0,0,0,0,0
40,Chinook Salmon,Snake River Spring/Summer Run ESU,Spawning and juvenile rearing areas,1,1,0,0,Water quality,Water quality,0,0,0,0,0,0,0,0,1,0,0,0,0,1,0,0,0,0,0,0,0,0,0,0,0,0
41,Chinook Salmon,Snake River Spring/Summer Run ESU,Spawning and juvenile rearing areas,1,1,0,0,Water quantity,Water quantity,0,0,0,0,0,0,0,0,0,0,0,0,0,0,0,0,0,0,0,0,1,0,0,0,0,0
42,Chinook Salmon,Snake River Spring/Summer Run ESU,Spawning and juvenile rearing areas,1,1,0,0,Water temperature,Water temperature,0,0,0,0,0,0,0,0,0,0,0,0,0,1,1,0,0,0,0,0,0,0,0,0,0,0
43,Chinook Salmon,Snake River Spring/Summer Run ESU,Spawning and juvenile rearing areas,1,1,0,1,Cover/shelter,Cover/shelter,0,0,0,0,0,0,0,0,0,0,1,0,0,0,0,0,0,0,0,0,0,0,1,0,0,0
44,Chinook Salmon,Snake River Spring/Summer Run ESU,Spawning and juvenile rearing areas,1,1,0,0,Food,Food,0,0,0,1,0,0,0,0,0,0,0,0,0,0,0,0,0,0,0,0,0,0,0,0,0,0
45,Chinook Salmon,Snake River Spring/Summer Run ESU,Spawning and juvenile rearing areas,1,1,0,1,Riparian vegetation,Riparian vegetation,0,1,0,0,0,0,0,0,0,0,1,0,0,0,0,0,0,0,0,0,0,0,0,0,0,0
46,Chinook Salmon,Snake River Spring/Summer Run ESU,Spawning and juvenile rearing areas,1,1,0,0,Space,Space,0,0,0,0,0,0,0,0,0,0,0,0,1,0,0,0,0,0,0,0,0,0,0,0,0,0
47,Chinook Salmon,Snake River Spring/Summer Run ESU,Juvenile migration corridors,1,1,0,0,Substrate,Substrate,0,0,0,0,1,1,0,0,0,0,0,0,0,0,0,0,0,0,1,0,0,0,0,0,0,0
48,Chinook Salmon,Snake River Spring/Summer Run ESU,Juvenile migration corridors,1,1,0,0,Water quality,Water quality,0,0,0,0,0,0,0,0,1,0,0,0,0,1,0,0,0,0,0,0,0,0,0,0,0,0
49,Chinook Salmon,Snake River Spring/Summer Run ESU,Juvenile migration corridors,1,1,0,0,Water quantity,Water quantity,0,0,0,0,0,0,0,0,0,0,0,0,0,0,0,0,0,0,0,0,1,0,0,0,0,0
50,Chinook Salmon,Snake River Spring/Summer Run ESU,Juvenile migration corridors,1,1,0,0,Water temperature,Water temperature,0,0,0,0,0,0,0,0,0,0,0,0,0,1,1,0,0,0,0,0,0,0,0,0,0,0
51,Chinook Salmon,Snake River Spring/Summer Run ESU,Juvenile migration corridors,1,1,0,0,Water velocity,Water velocity,0,0,0,0,0,0,0,0,0,0,0,0,0,0,0,0,0,0,0,0,0,1,0,0,0,0
52,Chinook Salmon,Snake River Spring/Summer Run ESU,Juvenile migration corridors,1,1,0,1,Cover/shelter,Cover/shelter,0,0,0,0,0,0,0,0,0,0,1,0,0,0,0,0,0,0,0,0,0,0,1,0,0,0
53,Chinook Salmon,Snake River Spring/Summer Run ESU,Juvenile migration corridors,1,1,0,0,Food,Food,0,0,0,1,0,0,0,0,0,0,0,0,0,0,0,0,0,0,0,0,0,0,0,0,0,0
54,Chinook Salmon,Snake River Spring/Summer Run ESU,Juvenile migration corridors,1,1,0,1,Riparian vegetation,Riparian vegetation,0,1,0,0,0,0,0,0,0,0,1,0,0,0,0,0,0,0,0,0,0,0,0,0,0,0
55,Chinook Salmon,Snake River Spring/Summer Run ESU,Juvenile migration corridors,1,1,0,0,Space,Space,0,0,0,0,0,0,0,0,0,0,0,0,1,0,0,0,0,0,0,0,0,0,0,0,0,0
56,Chinook Salmon,Snake River Spring/Summer Run ESU,Juvenile migration corridors,1,1,0,0,Safe passage conditions,Safe passage conditions,0,0,0,0,0,0,0,0,0,1,0,0,0,0,0,0,0,0,0,0,0,0,0,0,0,0
57,Chinook Salmon,Snake River Spring/Summer Run ESU,Areas for growth and development to adulthood,1,1,0,0,Essential areas and features have not been identified,Essential areas and features for growth and development to adulthood have not been identified,0,0,0,0,0,0,0,0,0,0,0,0,0,0,0,0,0,0,0,0,0,0,0,0,0,1
58,Chinook Salmon,Snake River Spring/Summer Run ESU,Adult migration corridors,1,1,0,0,Substrate,Substrate,0,0,0,0,1,1,0,0,0,0,0,0,0,0,0,0,0,0,1,0,0,0,0,0,0,0
59,Chinook Salmon,Snake River Spring/Summer Run ESU,Adult migration corridors,1,1,0,0,Water quality,Water quality,0,0,0,0,0,0,0,0,1,0,0,0,0,1,0,0,0,0,0,0,0,0,0,0,0,0
60,Chinook Salmon,Snake River Spring/Summer Run ESU,Adult migration corridors,1,1,0,0,Water quantity,Water quantity,0,0,0,0,0,0,0,0,0,0,0,0,0,0,0,0,0,0,0,0,1,0,0,0,0,0
61,Chinook Salmon,Snake River Spring/Summer Run ESU,Adult migration corridors,1,1,0,0,Water temperature,Water temperature,0,0,0,0,0,0,0,0,0,0,0,0,0,1,1,0,0,0,0,0,0,0,0,0,0,0
62,Chinook Salmon,Snake River Spring/Summer Run ESU,Adult migration corridors,1,1,0,0,Water velocity,Water velocity,0,0,0,0,0,0,0,0,0,0,0,0,0,0,0,0,0,0,0,0,0,1,0,0,0,0
63,Chinook Salmon,Snake River Spring/Summer Run ESU,Adult migration corridors,1,1,0,1,Cover/shelter,Cover/shelter,0,0,0,0,0,0,0,0,0,0,1,0,0,0,0,0,0,0,0,0,0,0,1,0,0,0
64,Chinook Salmon,Snake River Spring/Summer Run ESU,Adult migration corridors,1,1,0,1,Riparian vegetation,Riparian vegetation,0,1,0,0,0,0,0,0,0,0,1,0,0,0,0,0,0,0,0,0,0,0,0,0,0,0
65,Chinook Salmon,Snake River Spring/Summer Run ESU,Adult migration corridors,1,1,0,0,Space,Space,0,0,0,0,0,0,0,0,0,0,0,0,1,0,0,0,0,0,0,0,0,0,0,0,0,0
66,Chinook Salmon,Snake River Spring/Summer Run ESU,Adult migration corridors,1,1,0,0,Safe passage conditions,Safe passage conditions,0,0,0,0,0,0,0,0,0,1,0,0,0,0,0,0,0,0,0,0,0,0,0,0,0,0
67,Sockeye Salmon,Snake River ESU,Spawning and juvenile rearing areas,1,1,0,0,Spawning gravel,Spawning gravel,0,0,0,0,1,1,0,0,0,0,0,0,0,0,0,0,0,0,1,0,0,0,0,0,0,0
68,Sockeye Salmon,Snake River ESU,Spawning and juvenile rearing areas,1,1,0,0,Water quality,Water quality,0,0,0,0,0,0,0,0,1,0,0,0,0,1,0,0,0,0,0,0,0,0,0,0,0,0
69,Sockeye Salmon,Snake River ESU,Spawning and juvenile rearing areas,1,1,0,0,Water quantity,Water quantity,0,0,0,0,0,0,0,0,0,0,0,0,0,0,0,0,0,0,0,0,1,0,0,0,0,0
70,Sockeye Salmon,Snake River ESU,Spawning and juvenile rearing areas,1,1,0,0,Water temperature,Water temperature,0,0,0,0,0,0,0,0,0,0,0,0,0,1,1,0,0,0,0,0,0,0,0,0,0,0
71,Sockeye Salmon,Snake River ESU,Spawning and juvenile rearing areas,1,1,0,0,Food,Food,0,0,0,1,0,0,0,0,0,0,0,0,0,0,0,0,0,0,0,0,0,0,0,0,0,0
72,Sockeye Salmon,Snake River ESU,Spawning and juvenile rearing areas,1,1,0,1,Riparian vegetation,Riparian vegetation,0,1,0,0,0,0,0,0,0,0,0,0,0,0,0,0,0,0,0,0,0,0,0,0,0,0
73,Sockeye Salmon,Snake River ESU,Spawning and juvenile rearing areas,1,1,0,0,Access,Access,0,0,0,0,0,0,0,0,0,1,0,0,0,0,0,0,0,0,0,0,0,0,0,0,0,0
74,Sockeye Salmon,Snake River ESU,Juvenile migration corridors,1,1,0,0,Substrate,Substrate,0,0,0,0,1,1,0,0,0,0,0,0,0,0,0,0,0,0,1,0,0,0,0,0,0,0
75,Sockeye Salmon,Snake River ESU,Juvenile migration corridors,1,1,0,0,Water quality,Water quality,0,0,0,0,0,0,0,0,1,0,0,0,0,1,0,0,0,0,0,0,0,0,0,0,0,0
76,Sockeye Salmon,Snake River ESU,Juvenile migration corridors,1,1,0,0,Water quantity,Water quantity,0,0,0,0,0,0,0,0,0,0,0,0,0,0,0,0,0,0,0,0,1,0,0,0,0,0
77,Sockeye Salmon,Snake River ESU,Juvenile migration corridors,1,1,0,0,Water temperature,Water temperature,0,0,0,0,0,0,0,0,0,0,0,0,0,1,1,0,0,0,0,0,0,0,0,0,0,0
78,Sockeye Salmon,Snake River ESU,Juvenile migration corridors,1,1,0,0,Water velocity,Water velocity,0,0,0,0,0,0,0,0,0,0,0,0,0,0,0,0,0,0,0,0,0,1,0,0,0,0
79,Sockeye Salmon,Snake River ESU,Juvenile migration corridors,1,1,0,1,Cover/shelter,Cover/shelter,0,0,0,0,0,0,0,0,0,0,1,0,0,0,0,0,0,0,0,0,0,0,1,0,0,0
80,Sockeye Salmon,Snake River ESU,Juvenile migration corridors,1,1,0,0,Food,Food,0,0,0,1,0,0,0,0,0,0,0,0,0,0,0,0,0,0,0,0,0,0,0,0,0,0
81,Sockeye Salmon,Snake River ESU,Juvenile migration corridors,1,1,0,1,Riparian vegetation,Riparian vegetation,0,1,0,0,0,0,0,0,0,0,0,0,0,0,0,0,0,0,0,0,0,0,0,0,0,0
82,Sockeye Salmon,Snake River ESU,Juvenile migration corridors,1,1,0,0,Space,Space,0,0,0,0,0,0,0,0,0,0,0,0,1,0,0,0,0,0,0,0,0,0,0,0,0,0
83,Sockeye Salmon,Snake River ESU,Juvenile migration corridors,1,1,0,0,Safe passage conditions,Safe passage conditions,0,0,0,0,0,0,0,0,0,1,0,0,0,0,0,0,0,0,0,0,0,0,0,0,0,0
84,Sockeye Salmon,Snake River ESU,Areas for growth and development to adulthood,1,1,0,0,Essential areas and features have not been identified,Essential areas and features for growth and development to adulthood have not been identified,0,0,0,0,0,0,0,0,0,0,0,0,0,0,0,0,0,0,0,0,0,0,0,0,0,1
85,Sockeye Salmon,Snake River ESU,Adult migration corridors,1,1,0,0,Substrate,Substrate,0,0,0,0,1,1,0,0,0,0,0,0,0,0,0,0,0,0,1,0,0,0,0,0,0,0
86,Sockeye Salmon,Snake River ESU,Adult migration corridors,1,1,0,0,Water quality,Water quality,0,0,0,0,0,0,0,0,1,0,0,0,0,1,0,0,0,0,0,0,0,0,0,0,0,0
87,Sockeye Salmon,Snake River ESU,Adult migration corridors,1,1,0,0,Water quantity,Water quantity,0,0,0,0,0,0,0,0,0,0,0,0,0,0,0,0,0,0,0,0,1,0,0,0,0,0
88,Sockeye Salmon,Snake River ESU,Adult migration corridors,1,1,0,0,Water temperature,Water temperature,0,0,0,0,0,0,0,0,0,0,0,0,0,1,1,0,0,0,0,0,0,0,0,0,0,0
89,Sockeye Salmon,Snake River ESU,Adult migration corridors,1,1,0,0,Water velocity,Water velocity,0,0,0,0,0,0,0,0,0,0,0,0,0,0,0,0,0,0,0,0,0,1,0,0,0,0
90,Sockeye Salmon,Snake River ESU,Adult migration corridors,1,1,0,1,Cover/shelter,Cover/shelter,0,0,0,0,0,0,0,0,0,0,1,0,0,0,0,0,0,0,0,0,0,0,1,0,0,0
91,Sockeye Salmon,Snake River ESU,Adult migration corridors,1,1,0,1,Riparian vegetation,Riparian vegetation,0,1,0,0,0,0,0,0,0,0,0,0,0,0,0,0,0,0,0,0,0,0,0,0,0,0
92,Sockeye Salmon,Snake River ESU,Adult migration corridors,1,1,0,0,Space,Space,0,0,0,0,0,0,0,0,0,0,0,0,1,0,0,0,0,0,0,0,0,0,0,0,0,0
93,Sockeye Salmon,Snake River ESU,Adult migration corridors,1,1,0,0,Safe passage conditions,Safe passage conditions,0,0,0,0,0,0,0,0,0,1,0,0,0,0,0,0,0,0,0,0,0,0,0,0,0,0
94,Green Sea Turtle,North Atlantic DPS,,0,0,1,1,"The critical habitat designation did not precisely define PBFs; however, critical habitat was designated to provide protection for important developmental and resting habitats. Seagrass is the principal dietary component of juvenile and adult green sea turtles. Coral reefs and other topographic features within the waters surrounding Culebra provide shelter from predators. Nearby sandy beaches provide nesting grounds for adult females","The critical habitat designation did not precisely define PBFs; however, seagrass is the principal dietary component of juvenile and adult green sea turtles, coral reefs and other topographic features provide shelter from predators, and sandy beaches provide nesting grounds for adult females",0,0,1,1,1,0,1,0,1,0,1,0,0,1,0,0,0,1,1,1,0,0,1,0,1,0
95,Hawksbill Sea Turtle,,,0,0,1,1,"The critical habitat designation did not precisely define PBFs; however, important features of these areas for hawksbill turtles include foraging habitat, shelter for resting and refuge from predators, access to nesting sites, and natal development habitat","The critical habitat designation did not precisely define PBFs; however, important features of these areas for hawksbill turtles include foraging habitat, shelter for resting and refuge from predators, access to nesting sites, and natal development habitat",0,0,0,1,1,0,1,0,1,0,1,0,0,1,0,0,0,1,1,1,0,0,1,0,1,0
96,Coho Salmon,Central California Coast ESU,,1,1,0,0,Substrate,Substrate,0,0,0,0,1,1,0,0,0,0,0,0,0,0,0,0,0,0,1,0,0,0,0,0,0,0
97,Coho Salmon,Central California Coast ESU,,1,1,0,0,Water quality,Water quality,0,0,0,0,0,0,0,0,1,0,0,0,0,1,0,0,0,0,0,0,0,0,0,0,0,0
98,Coho Salmon,Central California Coast ESU,,1,1,0,0,Water quantity,Water quantity,0,0,0,0,0,0,0,0,0,0,0,0,0,0,0,0,0,0,0,0,1,0,0,0,0,0
99,Coho Salmon,Central California Coast ESU,,1,1,0,0,Water temperature,Water temperature,0,0,0,0,0,0,0,0,0,0,0,0,0,1,1,0,0,0,0,0,0,0,0,0,0,0
100,Coho Salmon,Central California Coast ESU,,1,1,0,0,Water velocity,Water velocity,0,0,0,0,0,0,0,0,0,0,0,0,0,0,0,0,0,0,0,0,0,1,0,0,0,0
101,Coho Salmon,Central California Coast ESU,,1,1,0,1,Cover/shelter,Cover/shelter,0,0,0,0,0,0,0,0,0,0,1,0,0,0,0,0,0,0,0,0,0,0,1,0,0,0
102,Coho Salmon,Central California Coast ESU,,1,1,0,0,Food,Food,0,0,0,1,0,0,0,0,0,0,0,0,0,0,0,0,0,0,0,0,0,0,0,0,0,0
103,Coho Salmon,Central California Coast ESU,,1,1,0,1,Riparian vegetation,Riparian vegetation,0,1,0,0,0,0,0,0,0,0,1,0,0,0,0,0,0,0,0,0,0,0,0,0,0,0
104,Coho Salmon,Central California Coast ESU,,1,1,0,0,Space,Space,0,0,0,0,0,0,0,0,0,0,0,0,1,0,0,0,0,0,0,0,0,0,0,0,0,0
105,Coho Salmon,Central California Coast ESU,,1,1,0,0,Safe passage conditions,Safe passage conditions,0,0,0,0,0,0,0,0,0,1,0,0,0,0,0,0,0,0,0,0,0,0,0,0,0,0
106,Coho Salmon,Southern Oregon/Northern California Coast ESU,,1,1,0,0,Substrate,Substrate,0,0,0,0,1,1,0,0,0,0,0,0,0,0,0,0,0,0,1,0,0,0,0,0,0,0
107,Coho Salmon,Southern Oregon/Northern California Coast ESU,,1,1,0,0,Water quality,Water quality,0,0,0,0,0,0,0,0,1,0,0,0,0,1,0,0,0,0,0,0,0,0,0,0,0,0
108,Coho Salmon,Southern Oregon/Northern California Coast ESU,,1,1,0,0,Water quantity,Water quantity,0,0,0,0,0,0,0,0,0,0,0,0,0,0,0,0,0,0,0,0,1,0,0,0,0,0
109,Coho Salmon,Southern Oregon/Northern California Coast ESU,,1,1,0,0,Water temperature,Water temperature,0,0,0,0,0,0,0,0,0,0,0,0,0,1,1,0,0,0,0,0,0,0,0,0,0,0
110,Coho Salmon,Southern Oregon/Northern California Coast ESU,,1,1,0,0,Water velocity,Water velocity,0,0,0,0,0,0,0,0,0,0,0,0,0,0,0,0,0,0,0,0,0,1,0,0,0,0
111,Coho Salmon,Southern Oregon/Northern California Coast ESU,,1,1,0,1,Cover/shelter,Cover/shelter,0,0,0,0,0,0,0,0,0,0,1,0,0,0,0,0,0,0,0,0,0,0,1,0,0,0
112,Coho Salmon,Southern Oregon/Northern California Coast ESU,,1,1,0,0,Food,Food,0,0,0,1,0,0,0,0,0,0,0,0,0,0,0,0,0,0,0,0,0,0,0,0,0,0
113,Coho Salmon,Southern Oregon/Northern California Coast ESU,,1,1,0,1,Riparian vegetation,Riparian vegetation,0,1,0,0,0,0,0,0,0,0,0,0,0,0,0,0,0,0,0,0,0,0,0,0,0,0
114,Coho Salmon,Southern Oregon/Northern California Coast ESU,,1,1,0,0,Space,Space,0,0,0,0,0,0,0,0,0,0,0,0,1,0,0,0,0,0,0,0,0,0,0,0,0,0
115,Coho Salmon,Southern Oregon/Northern California Coast ESU,,1,1,0,0,Safe passage conditions,Safe passage conditions,0,0,0,0,0,0,0,0,0,1,0,0,0,0,0,0,0,0,0,0,0,0,0,0,0,0
116,Gulf Sturgeon,,,1,1,1,0,"Abundant food items, such as detritus, aquatic insects, worms, and/or molluscs, within riverine habitats for larval and juvenile life stages; and abundant prey items, such as amphipods, lancelets, polychaetes, gastropods, ghost shrimp, isopods, molluscs and/or crustaceans, within estuarine and marine habitats and substrates for subadult and adult life stages",Abundant food items within riverine habitats for larval and juvenile life stages and abundant prey items within estuarine and marine habitats and substrates for subadult and adult life stages,1,0,0,1,0,0,0,0,0,0,0,0,0,0,0,0,0,0,0,0,0,0,0,0,0,0
117,Gulf Sturgeon,,,1,0,0,0,"Riverine spawning sites with substrates suitable for egg deposition and development, such as limestone outcrops and cut limestone banks, bedrock, large gravel or cobble beds, marl, soapstone, or hard clay",Riverine spawning sites with substrates suitable for egg deposition and development,1,0,0,0,1,1,1,0,0,0,0,0,0,0,0,0,0,0,1,0,0,0,0,0,0,0
118,Gulf Sturgeon,,,1,0,0,0,"Riverine aggregation areas, also referred to as resting, holding, and staging areas, used by adult, subadult, and/or juveniles, generally, but not always, located in holes below normal riverbed depths, believed necessary for minimizing energy expenditures during fresh water residency and possibly for osmoregulatory functions","Riverine aggregation areas, also referred to as resting, holding, and staging areas, used by adult, subadult, and/or juveniles",1,0,0,0,1,0,1,0,0,0,0,1,0,0,0,0,0,0,0,0,0,0,0,0,0,0
119,Gulf Sturgeon,,,1,0,0,0,"A flow regime (i.e., the magnitude, frequency, duration, seasonality, and rate-of-change of fresh water discharge over time) necessary for normal behavior, growth, and survival of all life stages in the riverine environment, including migration, breeding site selection, courtship, egg fertilization, resting, and staging, and for maintaining spawning sites in suitable condition for egg attachment, egg sheltering, resting, and larval staging","A flow regime necessary for normal behavior, growth, and survival of all life stages in the riverine environment",1,0,0,0,0,0,0,0,0,0,0,0,0,0,0,0,0,0,0,0,1,1,0,0,1,0
120,Gulf Sturgeon,,,1,1,1,0,"Water quality, including temperature, salinity, pH, hardness, turbidity, oxygen content, and other chemical characteristics, necessary for normal behavior, growth, and viability of all life stages","Water quality, including temperature, salinity, pH, hardness, turbidity, oxygen content, and other chemical characteristics",1,0,0,0,0,0,0,0,1,0,0,0,0,1,1,1,1,0,1,0,0,0,0,0,0,0
121,Gulf Sturgeon,,,1,1,1,0,"Sediment quality, including texture and other chemical characteristics, necessary for normal behavior, growth, and viability of all life stages","Sediment quality, including texture and other chemical characteristics, necessary for normal behavior, growth, and viability of all life stages",1,0,0,0,1,1,0,0,1,0,0,0,0,0,0,0,0,0,1,0,0,0,0,0,0,0
122,Gulf Sturgeon,,,1,1,1,0,"Safe and unobstructed migratory pathways necessary for passage within and between riverine, estuarine, and marine habitats (e.g., an unobstructed river or a dammed river that still allows for passage)","Safe and unobstructed migratory pathways necessary for passage within and between riverine, estuarine, and marine habitats",1,0,0,0,0,0,0,0,0,1,0,0,0,0,0,0,0,0,0,0,0,0,0,0,0,0
123,Chinook Salmon,California Coastal ESU,,1,0,0,0,"Freshwater spawning sites with water quantity and quality conditions and substrate supporting spawning, incubation and larval development",Freshwater spawning sites with water quantity and quality conditions and substrate,1,0,0,0,1,1,0,0,1,0,0,0,0,1,1,0,1,0,1,0,1,0,0,0,0,0
124,Chinook Salmon,California Coastal ESU,,1,0,0,0,"Freshwater rearing sites with water quantity and floodplain connectivity to form and maintain physical habitat conditions and support juvenile growth and mobility; water quality and forage supporting juvenile development; and natural cover such as shade, submerged and overhanging large wood, log jams and beaver dams, aquatic vegetation, large rocks and boulders, side channels, and undercut banks","Freshwater rearing sites with water quantity, floodplain connectivity, water quality, forage, and natural cover",1,1,0,1,1,1,1,0,1,0,1,0,0,1,1,0,1,0,1,0,1,0,1,0,1,0
125,Chinook Salmon,California Coastal ESU,,1,0,0,0,"Freshwater migration corridors free of obstruction with water quantity and quality conditions and natural cover such as submerged and overhanging large wood, aquatic vegetation, large rocks and boulders, side channels, and undercut banks supporting juvenile and adult mobility and survival. ",Freshwater migration corridors free of obstruction with water quantity and quality conditions and natural cover,1,1,0,0,1,1,1,0,0,1,1,0,0,1,1,0,1,0,1,0,1,0,1,0,1,0
126,Chinook Salmon,California Coastal ESU,,0,1,0,0,"Estuarine areas free of obstruction with water quality, water quantity, and salinity conditions supporting juvenile and adult physiological transitions between fresh- and saltwater; natural cover such as submerged and overhanging large wood, aquatic vegetation, large rocks and boulders, and side channels; and juvenile and adult forage, including aquatic invertebrates and fishes, supporting growth and maturation. ","Estuarine areas free of obstruction with water quality, water quantity, and salinity conditions; natural cover; and juvenile and adult forage",1,1,1,1,1,1,1,0,1,1,1,0,0,1,0,1,0,0,0,0,1,0,1,0,0,0
127,Chinook Salmon,California Coastal ESU,,0,0,1,1,"Nearshore marine areas free of obstruction with water quality and quantity conditions and forage, including aquatic invertebrates and fishes, supporting growth and maturation; and natural cover such as submerged and overhanging large wood, aquatic vegetation, large rocks and boulders, and side channels. ","Nearshore marine areas free of obstruction with water quality and quantity conditions, forage, and natural cover",1,1,0,1,1,1,1,0,1,1,1,0,0,1,0,0,0,0,0,0,1,0,1,0,1,0
128,Chinook Salmon,California Coastal ESU,,0,0,1,0,"Offshore marine areas with water quality conditions and forage, including aquatic invertebrates and fishes, supporting growth and maturation. ",Offshore marine areas with water quality conditions and forage,1,0,0,1,0,0,0,0,1,0,0,0,0,1,0,0,0,0,0,0,0,0,0,0,0,0
129,Chinook Salmon,Central Valley Spring-Run ESU,,1,0,0,0,"Freshwater spawning sites with water quantity and quality conditions and substrate supporting spawning, incubation and larval development",Freshwater spawning sites with water quantity and quality conditions and substrate,1,0,0,0,1,1,0,0,1,0,0,0,0,1,1,0,1,0,1,0,1,0,0,0,0,0
130,Chinook Salmon,Central Valley Spring-Run ESU,,1,0,0,0,"Freshwater rearing sites with water quantity and floodplain connectivity to form and maintain physical habitat conditions and support juvenile growth and mobility; water quality and forage supporting juvenile development; and natural cover such as shade, submerged and overhanging large wood, log jams and beaver dams, aquatic vegetation, large rocks and boulders, side channels, and undercut banks","Freshwater rearing sites with water quantity, floodplain connectivity, water quality, forage, and natural cover",1,1,0,1,1,1,1,0,1,0,1,0,0,1,1,0,1,0,1,0,1,0,1,0,1,0
131,Chinook Salmon,Central Valley Spring-Run ESU,,1,0,0,0,"Freshwater migration corridors free of obstruction with water quantity and quality conditions and natural cover such as submerged and overhanging large wood, aquatic vegetation, large rocks and boulders, side channels, and undercut banks supporting juvenile and adult mobility and survival. ",Freshwater migration corridors free of obstruction with water quantity and quality conditions and natural cover,1,1,0,0,1,1,1,0,0,1,1,0,0,1,1,0,1,0,1,0,1,0,1,0,1,0
132,Chinook Salmon,Central Valley Spring-Run ESU,,0,1,0,0,"Estuarine areas free of obstruction with water quality, water quantity, and salinity conditions supporting juvenile and adult physiological transitions between fresh- and saltwater; natural cover such as submerged and overhanging large wood, aquatic vegetation, large rocks and boulders, and side channels; and juvenile and adult forage, including aquatic invertebrates and fishes, supporting growth and maturation. ","Estuarine areas free of obstruction with water quality, water quantity, and salinity conditions; natural cover; and juvenile and adult forage",1,1,1,1,1,1,1,0,1,1,1,0,0,1,0,1,0,0,0,0,1,0,1,0,0,0
133,Chinook Salmon,Central Valley Spring-Run ESU,,0,0,1,1,"Nearshore marine areas free of obstruction with water quality and quantity conditions and forage, including aquatic invertebrates and fishes, supporting growth and maturation; and natural cover such as submerged and overhanging large wood, aquatic vegetation, large rocks and boulders, and side channels. ","Nearshore marine areas free of obstruction with water quality and quantity conditions, forage, and natural cover",1,1,0,1,1,1,1,0,1,1,1,0,0,1,0,0,0,0,0,0,1,0,1,0,1,0
134,Chinook Salmon,Central Valley Spring-Run ESU,,0,0,1,0,"Offshore marine areas with water quality conditions and forage, including aquatic invertebrates and fishes, supporting growth and maturation. ",Offshore marine areas with water quality conditions and forage,1,0,0,1,0,0,0,0,1,0,0,0,0,1,0,0,0,0,0,0,0,0,0,0,0,0
135,Steelhead,California Central Valley DPS,,1,0,0,0,"Freshwater spawning sites with water quantity and quality conditions and substrate supporting spawning, incubation and larval development",Freshwater spawning sites with water quantity and quality conditions and substrate,1,0,0,0,1,1,0,0,1,0,0,0,0,1,1,0,1,0,1,0,1,0,0,0,0,0
136,Steelhead,California Central Valley DPS,,1,0,0,0,"Freshwater rearing sites with water quantity and floodplain connectivity to form and maintain physical habitat conditions and support juvenile growth and mobility; water quality and forage supporting juvenile development; and natural cover such as shade, submerged and overhanging large wood, log jams and beaver dams, aquatic vegetation, large rocks and boulders, side channels, and undercut banks","Freshwater rearing sites with water quantity, floodplain connectivity, water quality, forage, and natural cover",1,1,0,1,1,1,1,0,1,0,1,0,0,1,1,0,1,0,1,0,1,0,1,0,1,0
137,Steelhead,California Central Valley DPS,,1,0,0,0,"Freshwater migration corridors free of obstruction with water quantity and quality conditions and natural cover such as submerged and overhanging large wood, aquatic vegetation, large rocks and boulders, side channels, and undercut banks supporting juvenile and adult mobility and survival. ",Freshwater migration corridors free of obstruction with water quantity and quality conditions and natural cover,1,1,0,0,1,1,1,0,0,1,1,0,0,1,1,0,1,0,1,0,1,0,1,0,1,0
138,Steelhead,California Central Valley DPS,,0,1,0,0,"Estuarine areas free of obstruction with water quality, water quantity, and salinity conditions supporting juvenile and adult physiological transitions between fresh- and saltwater; natural cover such as submerged and overhanging large wood, aquatic vegetation, large rocks and boulders, and side channels; and juvenile and adult forage, including aquatic invertebrates and fishes, supporting growth and maturation. ","Estuarine areas free of obstruction with water quality, water quantity, and salinity conditions; natural cover; and juvenile and adult forage",1,1,1,1,1,1,1,0,1,1,1,0,0,1,0,1,0,0,0,0,1,0,1,0,0,0
139,Steelhead,California Central Valley DPS,,0,0,1,1,"Nearshore marine areas free of obstruction with water quality and quantity conditions and forage, including aquatic invertebrates and fishes, supporting growth and maturation; and natural cover such as submerged and overhanging large wood, aquatic vegetation, large rocks and boulders, and side channels. ","Nearshore marine areas free of obstruction with water quality and quantity conditions, forage, and natural cover",1,1,0,1,1,1,1,0,1,1,1,0,0,1,0,0,0,0,0,0,1,0,1,0,1,0
140,Steelhead,California Central Valley DPS,,0,0,1,0,"Offshore marine areas with water quality conditions and forage, including aquatic invertebrates and fishes, supporting growth and maturation. ",Offshore marine areas with water quality conditions and forage,1,0,0,1,0,0,0,0,1,0,0,0,0,1,0,0,0,0,0,0,0,0,0,0,0,0
141,Steelhead,Central California Coast DPS,,1,0,0,0,"Freshwater spawning sites with water quantity and quality conditions and substrate supporting spawning, incubation and larval development",Freshwater spawning sites with water quantity and quality conditions and substrate,1,0,0,0,1,1,0,0,1,0,0,0,0,1,1,0,1,0,1,0,1,0,0,0,0,0
142,Steelhead,Central California Coast DPS,,1,0,0,0,"Freshwater rearing sites with water quantity and floodplain connectivity to form and maintain physical habitat conditions and support juvenile growth and mobility; water quality and forage supporting juvenile development; and natural cover such as shade, submerged and overhanging large wood, log jams and beaver dams, aquatic vegetation, large rocks and boulders, side channels, and undercut banks","Freshwater rearing sites with water quantity, floodplain connectivity, water quality, forage, and natural cover",1,1,0,1,1,1,1,0,1,0,1,0,0,1,1,0,1,0,1,0,1,0,1,0,1,0
143,Steelhead,Central California Coast DPS,,1,0,0,0,"Freshwater migration corridors free of obstruction with water quantity and quality conditions and natural cover such as submerged and overhanging large wood, aquatic vegetation, large rocks and boulders, side channels, and undercut banks supporting juvenile and adult mobility and survival. ",Freshwater migration corridors free of obstruction with water quantity and quality conditions and natural cover,1,1,0,0,1,1,1,0,0,1,1,0,0,1,1,0,1,0,1,0,1,0,1,0,1,0
144,Steelhead,Central California Coast DPS,,0,1,0,0,"Estuarine areas free of obstruction with water quality, water quantity, and salinity conditions supporting juvenile and adult physiological transitions between fresh- and saltwater; natural cover such as submerged and overhanging large wood, aquatic vegetation, large rocks and boulders, and side channels; and juvenile and adult forage, including aquatic invertebrates and fishes, supporting growth and maturation. ","Estuarine areas free of obstruction with water quality, water quantity, and salinity conditions; natural cover; and juvenile and adult forage",1,1,1,1,1,1,1,0,1,1,1,0,0,1,0,1,0,0,0,0,1,0,1,0,0,0
145,Steelhead,Central California Coast DPS,,0,0,1,1,"Nearshore marine areas free of obstruction with water quality and quantity conditions and forage, including aquatic invertebrates and fishes, supporting growth and maturation; and natural cover such as submerged and overhanging large wood, aquatic vegetation, large rocks and boulders, and side channels. ","Nearshore marine areas free of obstruction with water quality and quantity conditions, forage, and natural cover",1,1,0,1,1,1,1,0,1,1,1,0,0,1,0,0,0,0,0,0,1,0,1,0,1,0
146,Steelhead,Central California Coast DPS,,0,0,1,0,"Offshore marine areas with water quality conditions and forage, including aquatic invertebrates and fishes, supporting growth and maturation. ",Offshore marine areas with water quality conditions and forage,1,0,0,1,0,0,0,0,1,0,0,0,0,1,0,0,0,0,0,0,0,0,0,0,0,0
147,Steelhead,Northern California DPS,,1,0,0,0,"Freshwater spawning sites with water quantity and quality conditions and substrate supporting spawning, incubation and larval development",Freshwater spawning sites with water quantity and quality conditions and substrate,1,0,0,0,1,1,0,0,1,0,0,0,0,1,1,0,1,0,1,0,1,0,0,0,0,0
148,Steelhead,Northern California DPS,,1,0,0,0,"Freshwater rearing sites with water quantity and floodplain connectivity to form and maintain physical habitat conditions and support juvenile growth and mobility; water quality and forage supporting juvenile development; and natural cover such as shade, submerged and overhanging large wood, log jams and beaver dams, aquatic vegetation, large rocks and boulders, side channels, and undercut banks","Freshwater rearing sites with water quantity, floodplain connectivity, water quality, forage, and natural cover",1,1,0,1,1,1,1,0,1,0,1,0,0,1,1,0,1,0,1,0,1,0,1,0,1,0
149,Steelhead,Northern California DPS,,1,0,0,0,"Freshwater migration corridors free of obstruction with water quantity and quality conditions and natural cover such as submerged and overhanging large wood, aquatic vegetation, large rocks and boulders, side channels, and undercut banks supporting juvenile and adult mobility and survival. ",Freshwater migration corridors free of obstruction with water quantity and quality conditions and natural cover,1,1,0,0,1,1,1,0,0,1,1,0,0,1,1,0,1,0,1,0,1,0,1,0,1,0
150,Steelhead,Northern California DPS,,0,1,0,0,"Estuarine areas free of obstruction with water quality, water quantity, and salinity conditions supporting juvenile and adult physiological transitions between fresh- and saltwater; natural cover such as submerged and overhanging large wood, aquatic vegetation, large rocks and boulders, and side channels; and juvenile and adult forage, including aquatic invertebrates and fishes, supporting growth and maturation. ","Estuarine areas free of obstruction with water quality, water quantity, and salinity conditions; natural cover; and juvenile and adult forage",1,1,1,1,1,1,1,0,1,1,1,0,0,1,0,1,0,0,0,0,1,0,1,0,0,0
151,Steelhead,Northern California DPS,,0,0,1,1,"Nearshore marine areas free of obstruction with water quality and quantity conditions and forage, including aquatic invertebrates and fishes, supporting growth and maturation; and natural cover such as submerged and overhanging large wood, aquatic vegetation, large rocks and boulders, and side channels. ","Nearshore marine areas free of obstruction with water quality and quantity conditions, forage, and natural cover",1,1,0,1,1,1,1,0,1,1,1,0,0,1,0,0,0,0,0,0,1,0,1,0,1,0
152,Steelhead,Northern California DPS,,0,0,1,0,"Offshore marine areas with water quality conditions and forage, including aquatic invertebrates and fishes, supporting growth and maturation. ",Offshore marine areas with water quality conditions and forage,1,0,0,1,0,0,0,0,1,0,0,0,0,1,0,0,0,0,0,0,0,0,0,0,0,0
153,Steelhead,South-Central California Coast DPS,,1,0,0,0,"Freshwater spawning sites with water quantity and quality conditions and substrate supporting spawning, incubation and larval development",Freshwater spawning sites with water quantity and quality conditions and substrate,1,0,0,0,1,1,0,0,1,0,0,0,0,1,1,0,1,0,1,0,1,0,0,0,0,0
154,Steelhead,South-Central California Coast DPS,,1,0,0,0,"Freshwater rearing sites with water quantity and floodplain connectivity to form and maintain physical habitat conditions and support juvenile growth and mobility; water quality and forage supporting juvenile development; and natural cover such as shade, submerged and overhanging large wood, log jams and beaver dams, aquatic vegetation, large rocks and boulders, side channels, and undercut banks","Freshwater rearing sites with water quantity, floodplain connectivity, water quality, forage, and natural cover",1,1,0,1,1,1,1,0,1,0,1,0,0,1,1,0,1,0,1,0,1,0,1,0,1,0
155,Steelhead,South-Central California Coast DPS,,1,0,0,0,"Freshwater migration corridors free of obstruction with water quantity and quality conditions and natural cover such as submerged and overhanging large wood, aquatic vegetation, large rocks and boulders, side channels, and undercut banks supporting juvenile and adult mobility and survival. ",Freshwater migration corridors free of obstruction with water quantity and quality conditions and natural cover,1,1,0,0,1,1,1,0,0,1,1,0,0,1,1,0,1,0,1,0,1,0,1,0,1,0
156,Steelhead,South-Central California Coast DPS,,0,1,0,0,"Estuarine areas free of obstruction with water quality, water quantity, and salinity conditions supporting juvenile and adult physiological transitions between fresh- and saltwater; natural cover such as submerged and overhanging large wood, aquatic vegetation, large rocks and boulders, and side channels; and juvenile and adult forage, including aquatic invertebrates and fishes, supporting growth and maturation. ","Estuarine areas free of obstruction with water quality, water quantity, and salinity conditions; natural cover; and juvenile and adult forage",1,1,1,1,1,1,1,0,1,1,1,0,0,1,0,1,0,0,0,0,1,0,1,0,0,0
157,Steelhead,South-Central California Coast DPS,,0,0,1,1,"Nearshore marine areas free of obstruction with water quality and quantity conditions and forage, including aquatic invertebrates and fishes, supporting growth and maturation; and natural cover such as submerged and overhanging large wood, aquatic vegetation, large rocks and boulders, and side channels. ","Nearshore marine areas free of obstruction with water quality and quantity conditions, forage, and natural cover",1,1,0,1,1,1,1,0,1,1,1,0,0,1,0,0,0,0,0,0,1,0,1,0,1,0
158,Steelhead,South-Central California Coast DPS,,0,0,1,0,"Offshore marine areas with water quality conditions and forage, including aquatic invertebrates and fishes, supporting growth and maturation. ",Offshore marine areas with water quality conditions and forage,1,0,0,1,0,0,0,0,1,0,0,0,0,1,0,0,0,0,0,0,0,0,0,0,0,0
159,Steelhead,Southern California DPS,,1,0,0,0,"Freshwater spawning sites with water quantity and quality conditions and substrate supporting spawning, incubation and larval development",Freshwater spawning sites with water quantity and quality conditions and substrate,1,0,0,0,1,1,0,0,1,0,0,0,0,1,1,0,1,0,1,0,1,0,0,0,0,0
160,Steelhead,Southern California DPS,,1,0,0,0,"Freshwater rearing sites with water quantity and floodplain connectivity to form and maintain physical habitat conditions and support juvenile growth and mobility; water quality and forage supporting juvenile development; and natural cover such as shade, submerged and overhanging large wood, log jams and beaver dams, aquatic vegetation, large rocks and boulders, side channels, and undercut banks","Freshwater rearing sites with water quantity, floodplain connectivity, water quality, forage, and natural cover",1,1,0,1,1,1,1,0,1,0,1,0,0,1,1,0,1,0,1,0,1,0,1,0,1,0
161,Steelhead,Southern California DPS,,1,0,0,0,"Freshwater migration corridors free of obstruction with water quantity and quality conditions and natural cover such as submerged and overhanging large wood, aquatic vegetation, large rocks and boulders, side channels, and undercut banks supporting juvenile and adult mobility and survival. ",Freshwater migration corridors free of obstruction with water quantity and quality conditions and natural cover,1,1,0,0,1,1,1,0,0,1,1,0,0,1,1,0,1,0,1,0,1,0,1,0,1,0
162,Steelhead,Southern California DPS,,0,1,0,0,"Estuarine areas free of obstruction with water quality, water quantity, and salinity conditions supporting juvenile and adult physiological transitions between fresh- and saltwater; natural cover such as submerged and overhanging large wood, aquatic vegetation, large rocks and boulders, and side channels; and juvenile and adult forage, including aquatic invertebrates and fishes, supporting growth and maturation. ","Estuarine areas free of obstruction with water quality, water quantity, and salinity conditions; natural cover; and juvenile and adult forage",1,1,1,1,1,1,1,0,1,1,1,0,0,1,0,1,0,0,0,0,1,0,1,0,0,0
163,Steelhead,Southern California DPS,,0,0,1,1,"Nearshore marine areas free of obstruction with water quality and quantity conditions and forage, including aquatic invertebrates and fishes, supporting growth and maturation; and natural cover such as submerged and overhanging large wood, aquatic vegetation, large rocks and boulders, and side channels. ","Nearshore marine areas free of obstruction with water quality and quantity conditions, forage, and natural cover",1,1,0,1,1,1,1,0,1,1,1,0,0,1,0,0,0,0,0,0,1,0,1,0,1,0
164,Steelhead,Southern California DPS,,0,0,1,0,"Offshore marine areas with water quality conditions and forage, including aquatic invertebrates and fishes, supporting growth and maturation. ",Offshore marine areas with water quality conditions and forage,1,0,0,1,0,0,0,0,1,0,0,0,0,1,0,0,0,0,0,0,0,0,0,0,0,0
165,Chinook Salmon,Lower Columbia River ESU,,1,0,0,0,"Freshwater spawning sites with water quantity and quality conditions and substrate supporting spawning, incubation and larval development",Freshwater spawning sites with water quantity and quality conditions and substrate,1,0,0,0,1,1,0,0,1,0,0,0,0,1,1,0,1,0,1,0,1,0,0,0,0,0
166,Chinook Salmon,Lower Columbia River ESU,,1,0,0,0,"Freshwater rearing sites with water quantity and floodplain connectivity to form and maintain physical habitat conditions and support juvenile growth and mobility; water quality and forage supporting juvenile development; and natural cover such as shade, submerged and overhanging large wood, log jams and beaver dams, aquatic vegetation, large rocks and boulders, side channels, and undercut banks","Freshwater rearing sites with water quantity, floodplain connectivity, water quality, forage, and natural cover",1,1,0,1,1,1,1,0,1,0,1,0,0,1,1,0,1,0,1,0,1,0,1,0,1,0
167,Chinook Salmon,Lower Columbia River ESU,,1,0,0,0,"Freshwater migration corridors free of obstruction with water quantity and quality conditions and natural cover such as submerged and overhanging large wood, aquatic vegetation, large rocks and boulders, side channels, and undercut banks supporting juvenile and adult mobility and survival. ",Freshwater migration corridors free of obstruction with water quantity and quality conditions and natural cover,1,1,0,0,1,1,1,0,0,1,1,0,0,1,1,0,1,0,1,0,1,0,1,0,1,0
168,Chinook Salmon,Lower Columbia River ESU,,0,1,0,0,"Estuarine areas free of obstruction with water quality, water quantity, and salinity conditions supporting juvenile and adult physiological transitions between fresh- and saltwater; natural cover such as submerged and overhanging large wood, aquatic vegetation, large rocks and boulders, and side channels; and juvenile and adult forage, including aquatic invertebrates and fishes, supporting growth and maturation. ","Estuarine areas free of obstruction with water quality, water quantity, and salinity conditions; natural cover; and juvenile and adult forage",1,1,1,1,1,1,1,0,1,1,1,0,0,1,0,1,0,0,0,0,1,0,1,0,0,0
169,Chinook Salmon,Lower Columbia River ESU,,0,0,1,1,"Nearshore marine areas free of obstruction with water quality and quantity conditions and forage, including aquatic invertebrates and fishes, supporting growth and maturation; and natural cover such as submerged and overhanging large wood, aquatic vegetation, large rocks and boulders, and side channels. ","Nearshore marine areas free of obstruction with water quality and quantity conditions, forage, and natural cover",1,1,0,1,1,1,1,0,1,1,1,0,0,1,0,0,0,0,0,0,1,0,1,0,1,0
170,Chinook Salmon,Lower Columbia River ESU,,0,0,1,0,"Offshore marine areas with water quality conditions and forage, including aquatic invertebrates and fishes, supporting growth and maturation. ",Offshore marine areas with water quality conditions and forage,1,0,0,1,0,0,0,0,1,0,0,0,0,1,0,0,0,0,0,0,0,0,0,0,0,0
171,Chinook Salmon,Puget Sound ESU,,1,0,0,0,"Freshwater spawning sites with water quantity and quality conditions and substrate supporting spawning, incubation and larval development",Freshwater spawning sites with water quantity and quality conditions and substrate,1,0,0,0,1,1,0,0,1,0,0,0,0,1,1,0,1,0,1,0,1,0,0,0,0,0
172,Chinook Salmon,Puget Sound ESU,,1,0,0,0,"Freshwater rearing sites with water quantity and floodplain connectivity to form and maintain physical habitat conditions and support juvenile growth and mobility; water quality and forage supporting juvenile development; and natural cover such as shade, submerged and overhanging large wood, log jams and beaver dams, aquatic vegetation, large rocks and boulders, side channels, and undercut banks","Freshwater rearing sites with water quantity, floodplain connectivity, water quality, forage, and natural cover",1,1,0,1,1,1,1,0,1,0,1,0,0,1,1,0,1,0,1,0,1,0,1,0,1,0
173,Chinook Salmon,Puget Sound ESU,,1,0,0,0,"Freshwater migration corridors free of obstruction with water quantity and quality conditions and natural cover such as submerged and overhanging large wood, aquatic vegetation, large rocks and boulders, side channels, and undercut banks supporting juvenile and adult mobility and survival. ",Freshwater migration corridors free of obstruction with water quantity and quality conditions and natural cover,1,1,0,0,1,1,1,0,0,1,1,0,0,1,1,0,1,0,1,0,1,0,1,0,1,0
174,Chinook Salmon,Puget Sound ESU,,0,1,0,0,"Estuarine areas free of obstruction with water quality, water quantity, and salinity conditions supporting juvenile and adult physiological transitions between fresh- and saltwater; natural cover such as submerged and overhanging large wood, aquatic vegetation, large rocks and boulders, and side channels; and juvenile and adult forage, including aquatic invertebrates and fishes, supporting growth and maturation. ","Estuarine areas free of obstruction with water quality, water quantity, and salinity conditions; natural cover; and juvenile and adult forage",1,1,1,1,1,1,1,0,1,1,1,0,0,1,0,1,0,0,0,0,1,0,1,0,0,0
175,Chinook Salmon,Puget Sound ESU,,0,0,1,1,"Nearshore marine areas free of obstruction with water quality and quantity conditions and forage, including aquatic invertebrates and fishes, supporting growth and maturation; and natural cover such as submerged and overhanging large wood, aquatic vegetation, large rocks and boulders, and side channels. ","Nearshore marine areas free of obstruction with water quality and quantity conditions, forage, and natural cover",1,1,0,1,1,1,1,0,1,1,1,0,0,1,0,0,0,0,0,0,1,0,1,0,1,0
176,Chinook Salmon,Puget Sound ESU,,0,0,1,0,"Offshore marine areas with water quality conditions and forage, including aquatic invertebrates and fishes, supporting growth and maturation. ",Offshore marine areas with water quality conditions and forage,1,0,0,1,0,0,0,0,1,0,0,0,0,1,0,0,0,0,0,0,0,0,0,0,0,0
177,Chinook Salmon,Upper Columbia River Spring-Run ESU,,1,0,0,0,"Freshwater spawning sites with water quantity and quality conditions and substrate supporting spawning, incubation and larval development",Freshwater spawning sites with water quantity and quality conditions and substrate,1,0,0,0,1,1,0,0,1,0,0,0,0,1,1,0,1,0,1,0,1,0,0,0,0,0
178,Chinook Salmon,Upper Columbia River Spring-Run ESU,,1,0,0,0,"Freshwater rearing sites with water quantity and floodplain connectivity to form and maintain physical habitat conditions and support juvenile growth and mobility; water quality and forage supporting juvenile development; and natural cover such as shade, submerged and overhanging large wood, log jams and beaver dams, aquatic vegetation, large rocks and boulders, side channels, and undercut banks","Freshwater rearing sites with water quantity, floodplain connectivity, water quality, forage, and natural cover",1,1,0,1,1,1,1,0,1,0,1,0,0,1,1,0,1,0,1,0,1,0,1,0,1,0
179,Chinook Salmon,Upper Columbia River Spring-Run ESU,,1,0,0,0,"Freshwater migration corridors free of obstruction with water quantity and quality conditions and natural cover such as submerged and overhanging large wood, aquatic vegetation, large rocks and boulders, side channels, and undercut banks supporting juvenile and adult mobility and survival. ",Freshwater migration corridors free of obstruction with water quantity and quality conditions and natural cover,1,1,0,0,1,1,1,0,0,1,1,0,0,1,1,0,1,0,1,0,1,0,1,0,1,0
180,Chinook Salmon,Upper Columbia River Spring-Run ESU,,0,1,0,0,"Estuarine areas free of obstruction with water quality, water quantity, and salinity conditions supporting juvenile and adult physiological transitions between fresh- and saltwater; natural cover such as submerged and overhanging large wood, aquatic vegetation, large rocks and boulders, and side channels; and juvenile and adult forage, including aquatic invertebrates and fishes, supporting growth and maturation. ","Estuarine areas free of obstruction with water quality, water quantity, and salinity conditions; natural cover; and juvenile and adult forage",1,1,1,1,1,1,1,0,1,1,1,0,0,1,0,1,0,0,0,0,1,0,1,0,0,0
181,Chinook Salmon,Upper Columbia River Spring-Run ESU,,0,0,1,1,"Nearshore marine areas free of obstruction with water quality and quantity conditions and forage, including aquatic invertebrates and fishes, supporting growth and maturation; and natural cover such as submerged and overhanging large wood, aquatic vegetation, large rocks and boulders, and side channels. ","Nearshore marine areas free of obstruction with water quality and quantity conditions, forage, and natural cover",1,1,0,1,1,1,1,0,1,1,1,0,0,1,0,0,0,0,0,0,1,0,1,0,1,0
182,Chinook Salmon,Upper Columbia River Spring-Run ESU,,0,0,1,0,"Offshore marine areas with water quality conditions and forage, including aquatic invertebrates and fishes, supporting growth and maturation. ",Offshore marine areas with water quality conditions and forage,1,0,0,1,0,0,0,0,1,0,0,0,0,1,0,0,0,0,0,0,0,0,0,0,0,0
183,Chinook Salmon,Upper Willamette River ESU,,1,0,0,0,"Freshwater spawning sites with water quantity and quality conditions and substrate supporting spawning, incubation and larval development",Freshwater spawning sites with water quantity and quality conditions and substrate,1,0,0,0,1,1,0,0,1,0,0,0,0,1,1,0,1,0,1,0,1,0,0,0,0,0
184,Chinook Salmon,Upper Willamette River ESU,,1,0,0,0,"Freshwater rearing sites with water quantity and floodplain connectivity to form and maintain physical habitat conditions and support juvenile growth and mobility; water quality and forage supporting juvenile development; and natural cover such as shade, submerged and overhanging large wood, log jams and beaver dams, aquatic vegetation, large rocks and boulders, side channels, and undercut banks","Freshwater rearing sites with water quantity, floodplain connectivity, water quality, forage, and natural cover",1,1,0,1,1,1,1,0,1,0,1,0,0,1,1,0,1,0,1,0,1,0,1,0,1,0
185,Chinook Salmon,Upper Willamette River ESU,,1,0,0,0,"Freshwater migration corridors free of obstruction with water quantity and quality conditions and natural cover such as submerged and overhanging large wood, aquatic vegetation, large rocks and boulders, side channels, and undercut banks supporting juvenile and adult mobility and survival. ",Freshwater migration corridors free of obstruction with water quantity and quality conditions and natural cover,1,1,0,0,1,1,1,0,0,1,1,0,0,1,1,0,1,0,1,0,1,0,1,0,1,0
186,Chinook Salmon,Upper Willamette River ESU,,0,1,0,0,"Estuarine areas free of obstruction with water quality, water quantity, and salinity conditions supporting juvenile and adult physiological transitions between fresh- and saltwater; natural cover such as submerged and overhanging large wood, aquatic vegetation, large rocks and boulders, and side channels; and juvenile and adult forage, including aquatic invertebrates and fishes, supporting growth and maturation. ","Estuarine areas free of obstruction with water quality, water quantity, and salinity conditions; natural cover; and juvenile and adult forage",1,1,1,1,1,1,1,0,1,1,1,0,0,1,0,1,0,0,0,0,1,0,1,0,0,0
187,Chinook Salmon,Upper Willamette River ESU,,0,0,1,1,"Nearshore marine areas free of obstruction with water quality and quantity conditions and forage, including aquatic invertebrates and fishes, supporting growth and maturation; and natural cover such as submerged and overhanging large wood, aquatic vegetation, large rocks and boulders, and side channels. ","Nearshore marine areas free of obstruction with water quality and quantity conditions, forage, and natural cover",1,1,0,1,1,1,1,0,1,1,1,0,0,1,0,0,0,0,0,0,1,0,1,0,1,0
188,Chinook Salmon,Upper Willamette River ESU,,0,0,1,0,"Offshore marine areas with water quality conditions and forage, including aquatic invertebrates and fishes, supporting growth and maturation. ",Offshore marine areas with water quality conditions and forage,1,0,0,1,0,0,0,0,1,0,0,0,0,1,0,0,0,0,0,0,0,0,0,0,0,0
189,Chum Salmon,Columbia River ESU,,1,0,0,0,"Freshwater spawning sites with water quantity and quality conditions and substrate supporting spawning, incubation and larval development",Freshwater spawning sites with water quantity and quality conditions and substrate,1,0,0,0,1,1,0,0,1,0,0,0,0,1,1,0,1,0,1,0,1,0,0,0,0,0
190,Chum Salmon,Columbia River ESU,,1,0,0,0,"Freshwater rearing sites with water quantity and floodplain connectivity to form and maintain physical habitat conditions and support juvenile growth and mobility; water quality and forage supporting juvenile development; and natural cover such as shade, submerged and overhanging large wood, log jams and beaver dams, aquatic vegetation, large rocks and boulders, side channels, and undercut banks","Freshwater rearing sites with water quantity, floodplain connectivity, water quality, forage, and natural cover",1,1,0,1,1,1,1,0,1,0,1,0,0,1,1,0,1,0,1,0,1,0,1,0,1,0
191,Chum Salmon,Columbia River ESU,,1,0,0,0,"Freshwater migration corridors free of obstruction with water quantity and quality conditions and natural cover such as submerged and overhanging large wood, aquatic vegetation, large rocks and boulders, side channels, and undercut banks supporting juvenile and adult mobility and survival. ",Freshwater migration corridors free of obstruction with water quantity and quality conditions and natural cover,1,1,0,0,1,1,1,0,0,1,1,0,0,1,1,0,1,0,1,0,1,0,1,0,1,0
192,Chum Salmon,Columbia River ESU,,0,1,0,0,"Estuarine areas free of obstruction with water quality, water quantity, and salinity conditions supporting juvenile and adult physiological transitions between fresh- and saltwater; natural cover such as submerged and overhanging large wood, aquatic vegetation, large rocks and boulders, and side channels; and juvenile and adult forage, including aquatic invertebrates and fishes, supporting growth and maturation. ","Estuarine areas free of obstruction with water quality, water quantity, and salinity conditions; natural cover; and juvenile and adult forage",1,1,1,1,1,1,1,0,1,1,1,0,0,1,0,1,0,0,0,0,1,0,1,0,0,0
193,Chum Salmon,Columbia River ESU,,0,0,1,1,"Nearshore marine areas free of obstruction with water quality and quantity conditions and forage, including aquatic invertebrates and fishes, supporting growth and maturation; and natural cover such as submerged and overhanging large wood, aquatic vegetation, large rocks and boulders, and side channels. ","Nearshore marine areas free of obstruction with water quality and quantity conditions, forage, and natural cover",1,1,0,1,1,1,1,0,1,1,1,0,0,1,0,0,0,0,0,0,1,0,1,0,1,0
194,Chum Salmon,Columbia River ESU,,0,0,1,0,"Offshore marine areas with water quality conditions and forage, including aquatic invertebrates and fishes, supporting growth and maturation. ",Offshore marine areas with water quality conditions and forage,1,0,0,1,0,0,0,0,1,0,0,0,0,1,0,0,0,0,0,0,0,0,0,0,0,0
195,Chum Salmon,Hood Canal Summer-Run ESU,,1,0,0,0,"Freshwater spawning sites with water quantity and quality conditions and substrate supporting spawning, incubation and larval development",Freshwater spawning sites with water quantity and quality conditions and substrate,1,0,0,0,1,1,0,0,1,0,0,0,0,1,1,0,1,0,1,0,1,0,0,0,0,0
196,Chum Salmon,Hood Canal Summer-Run ESU,,1,0,0,0,"Freshwater rearing sites with water quantity and floodplain connectivity to form and maintain physical habitat conditions and support juvenile growth and mobility; water quality and forage supporting juvenile development; and natural cover such as shade, submerged and overhanging large wood, log jams and beaver dams, aquatic vegetation, large rocks and boulders, side channels, and undercut banks","Freshwater rearing sites with water quantity, floodplain connectivity, water quality, forage, and natural cover",1,1,0,1,1,1,1,0,1,0,1,0,0,1,1,0,1,0,1,0,1,0,1,0,1,0
197,Chum Salmon,Hood Canal Summer-Run ESU,,1,0,0,0,"Freshwater migration corridors free of obstruction with water quantity and quality conditions and natural cover such as submerged and overhanging large wood, aquatic vegetation, large rocks and boulders, side channels, and undercut banks supporting juvenile and adult mobility and survival. ",Freshwater migration corridors free of obstruction with water quantity and quality conditions and natural cover,1,1,0,0,1,1,1,0,0,1,1,0,0,1,1,0,1,0,1,0,1,0,1,0,1,0
198,Chum Salmon,Hood Canal Summer-Run ESU,,0,1,0,0,"Estuarine areas free of obstruction with water quality, water quantity, and salinity conditions supporting juvenile and adult physiological transitions between fresh- and saltwater; natural cover such as submerged and overhanging large wood, aquatic vegetation, large rocks and boulders, and side channels; and juvenile and adult forage, including aquatic invertebrates and fishes, supporting growth and maturation. ","Estuarine areas free of obstruction with water quality, water quantity, and salinity conditions; natural cover; and juvenile and adult forage",1,1,1,1,1,1,1,0,1,1,1,0,0,1,0,1,0,0,0,0,1,0,1,0,0,0
199,Chum Salmon,Hood Canal Summer-Run ESU,,0,0,1,1,"Nearshore marine areas free of obstruction with water quality and quantity conditions and forage, including aquatic invertebrates and fishes, supporting growth and maturation; and natural cover such as submerged and overhanging large wood, aquatic vegetation, large rocks and boulders, and side channels. ","Nearshore marine areas free of obstruction with water quality and quantity conditions, forage, and natural cover",1,1,0,1,1,1,1,0,1,1,1,0,0,1,0,0,0,0,0,0,1,0,1,0,1,0
200,Chum Salmon,Hood Canal Summer-Run ESU,,0,0,1,0,"Offshore marine areas with water quality conditions and forage, including aquatic invertebrates and fishes, supporting growth and maturation. ",Offshore marine areas with water quality conditions and forage,1,0,0,1,0,0,0,0,1,0,0,0,0,1,0,0,0,0,0,0,0,0,0,0,0,0
201,Sockeye Salmon,Ozette Lake ESU,,1,0,0,0,"Freshwater spawning sites with water quantity and quality conditions and substrate supporting spawning, incubation and larval development",Freshwater spawning sites with water quantity and quality conditions and substrate,1,0,0,0,1,1,0,0,1,0,0,0,0,1,1,0,1,0,1,0,1,0,0,0,0,0
202,Sockeye Salmon,Ozette Lake ESU,,1,0,0,0,"Freshwater rearing sites with water quantity and floodplain connectivity to form and maintain physical habitat conditions and support juvenile growth and mobility; water quality and forage supporting juvenile development; and natural cover such as shade, submerged and overhanging large wood, log jams and beaver dams, aquatic vegetation, large rocks and boulders, side channels, and undercut banks","Freshwater rearing sites with water quantity, floodplain connectivity, water quality, forage, and natural cover",1,1,0,1,1,1,1,0,1,0,1,0,0,1,1,0,1,0,1,0,1,0,1,0,1,0
203,Sockeye Salmon,Ozette Lake ESU,,1,0,0,0,"Freshwater migration corridors free of obstruction with water quantity and quality conditions and natural cover such as submerged and overhanging large wood, aquatic vegetation, large rocks and boulders, side channels, and undercut banks supporting juvenile and adult mobility and survival. ",Freshwater migration corridors free of obstruction with water quantity and quality conditions and natural cover,1,1,0,0,1,1,1,0,0,1,1,0,0,1,1,0,1,0,1,0,1,0,1,0,1,0
204,Sockeye Salmon,Ozette Lake ESU,,0,1,0,0,"Estuarine areas free of obstruction with water quality, water quantity, and salinity conditions supporting juvenile and adult physiological transitions between fresh- and saltwater; natural cover such as submerged and overhanging large wood, aquatic vegetation, large rocks and boulders, and side channels; and juvenile and adult forage, including aquatic invertebrates and fishes, supporting growth and maturation. ","Estuarine areas free of obstruction with water quality, water quantity, and salinity conditions; natural cover; and juvenile and adult forage",1,1,1,1,1,1,1,0,1,1,1,0,0,1,0,1,0,0,0,0,1,0,1,0,0,0
205,Sockeye Salmon,Ozette Lake ESU,,0,0,1,1,"Nearshore marine areas free of obstruction with water quality and quantity conditions and forage, including aquatic invertebrates and fishes, supporting growth and maturation; and natural cover such as submerged and overhanging large wood, aquatic vegetation, large rocks and boulders, and side channels. ","Nearshore marine areas free of obstruction with water quality and quantity conditions, forage, and natural cover",1,1,0,1,1,1,1,0,1,1,1,0,0,1,0,0,0,0,0,0,1,0,1,0,1,0
206,Sockeye Salmon,Ozette Lake ESU,,0,0,1,0,"Offshore marine areas with water quality conditions and forage, including aquatic invertebrates and fishes, supporting growth and maturation. ",Offshore marine areas with water quality conditions and forage,1,0,0,1,0,0,0,0,1,0,0,0,0,1,0,0,0,0,0,0,0,0,0,0,0,0
207,Steelhead,Lower Columbia River DPS,,1,0,0,0,"Freshwater spawning sites with water quantity and quality conditions and substrate supporting spawning, incubation and larval development",Freshwater spawning sites with water quantity and quality conditions and substrate,1,0,0,0,1,1,0,0,1,0,0,0,0,1,1,0,1,0,1,0,1,0,0,0,0,0
208,Steelhead,Lower Columbia River DPS,,1,0,0,0,"Freshwater rearing sites with water quantity and floodplain connectivity to form and maintain physical habitat conditions and support juvenile growth and mobility; water quality and forage supporting juvenile development; and natural cover such as shade, submerged and overhanging large wood, log jams and beaver dams, aquatic vegetation, large rocks and boulders, side channels, and undercut banks","Freshwater rearing sites with water quantity, floodplain connectivity, water quality, forage, and natural cover",1,1,0,1,1,1,1,0,1,0,1,0,0,1,1,0,1,0,1,0,1,0,1,0,1,0
209,Steelhead,Lower Columbia River DPS,,1,0,0,0,"Freshwater migration corridors free of obstruction with water quantity and quality conditions and natural cover such as submerged and overhanging large wood, aquatic vegetation, large rocks and boulders, side channels, and undercut banks supporting juvenile and adult mobility and survival. ",Freshwater migration corridors free of obstruction with water quantity and quality conditions and natural cover,1,1,0,0,1,1,1,0,0,1,1,0,0,1,1,0,1,0,1,0,1,0,1,0,1,0
210,Steelhead,Lower Columbia River DPS,,0,1,0,0,"Estuarine areas free of obstruction with water quality, water quantity, and salinity conditions supporting juvenile and adult physiological transitions between fresh- and saltwater; natural cover such as submerged and overhanging large wood, aquatic vegetation, large rocks and boulders, and side channels; and juvenile and adult forage, including aquatic invertebrates and fishes, supporting growth and maturation. ","Estuarine areas free of obstruction with water quality, water quantity, and salinity conditions; natural cover; and juvenile and adult forage",1,1,1,1,1,1,1,0,1,1,1,0,0,1,0,1,0,0,0,0,1,0,1,0,0,0
211,Steelhead,Lower Columbia River DPS,,0,0,1,1,"Nearshore marine areas free of obstruction with water quality and quantity conditions and forage, including aquatic invertebrates and fishes, supporting growth and maturation; and natural cover such as submerged and overhanging large wood, aquatic vegetation, large rocks and boulders, and side channels. ","Nearshore marine areas free of obstruction with water quality and quantity conditions, forage, and natural cover",1,1,0,1,1,1,1,0,1,1,1,0,0,1,0,0,0,0,0,0,1,0,1,0,1,0
212,Steelhead,Lower Columbia River DPS,,0,0,1,0,"Offshore marine areas with water quality conditions and forage, including aquatic invertebrates and fishes, supporting growth and maturation. ",Offshore marine areas with water quality conditions and forage,1,0,0,1,0,0,0,0,1,0,0,0,0,1,0,0,0,0,0,0,0,0,0,0,0,0
213,Steelhead,Middle Columbia River DPS,,1,0,0,0,"Freshwater spawning sites with water quantity and quality conditions and substrate supporting spawning, incubation and larval development",Freshwater spawning sites with water quantity and quality conditions and substrate,1,0,0,0,1,1,0,0,1,0,0,0,0,1,1,0,1,0,1,0,1,0,0,0,0,0
214,Steelhead,Middle Columbia River DPS,,1,0,0,0,"Freshwater rearing sites with water quantity and floodplain connectivity to form and maintain physical habitat conditions and support juvenile growth and mobility; water quality and forage supporting juvenile development; and natural cover such as shade, submerged and overhanging large wood, log jams and beaver dams, aquatic vegetation, large rocks and boulders, side channels, and undercut banks","Freshwater rearing sites with water quantity, floodplain connectivity, water quality, forage, and natural cover",1,1,0,1,1,1,1,0,1,0,1,0,0,1,1,0,1,0,1,0,1,0,1,0,1,0
215,Steelhead,Middle Columbia River DPS,,1,0,0,0,"Freshwater migration corridors free of obstruction with water quantity and quality conditions and natural cover such as submerged and overhanging large wood, aquatic vegetation, large rocks and boulders, side channels, and undercut banks supporting juvenile and adult mobility and survival. ",Freshwater migration corridors free of obstruction with water quantity and quality conditions and natural cover,1,1,0,0,1,1,1,0,0,1,1,0,0,1,1,0,1,0,1,0,1,0,1,0,1,0
216,Steelhead,Middle Columbia River DPS,,0,1,0,0,"Estuarine areas free of obstruction with water quality, water quantity, and salinity conditions supporting juvenile and adult physiological transitions between fresh- and saltwater; natural cover such as submerged and overhanging large wood, aquatic vegetation, large rocks and boulders, and side channels; and juvenile and adult forage, including aquatic invertebrates and fishes, supporting growth and maturation. ","Estuarine areas free of obstruction with water quality, water quantity, and salinity conditions; natural cover; and juvenile and adult forage",1,1,1,1,1,1,1,0,1,1,1,0,0,1,0,1,0,0,0,0,1,0,1,0,0,0
217,Steelhead,Middle Columbia River DPS,,0,0,1,1,"Nearshore marine areas free of obstruction with water quality and quantity conditions and forage, including aquatic invertebrates and fishes, supporting growth and maturation; and natural cover such as submerged and overhanging large wood, aquatic vegetation, large rocks and boulders, and side channels. ","Nearshore marine areas free of obstruction with water quality and quantity conditions, forage, and natural cover",1,1,0,1,1,1,1,0,1,1,1,0,0,1,0,0,0,0,0,0,1,0,1,0,1,0
218,Steelhead,Middle Columbia River DPS,,0,0,1,0,"Offshore marine areas with water quality conditions and forage, including aquatic invertebrates and fishes, supporting growth and maturation. ",Offshore marine areas with water quality conditions and forage,1,0,0,1,0,0,0,0,1,0,0,0,0,1,0,0,0,0,0,0,0,0,0,0,0,0
219,Steelhead,Snake River Basin DPS,,1,0,0,0,"Freshwater spawning sites with water quantity and quality conditions and substrate supporting spawning, incubation and larval development",Freshwater spawning sites with water quantity and quality conditions and substrate,1,0,0,0,1,1,0,0,1,0,0,0,0,1,1,0,1,0,1,0,1,0,0,0,0,0
220,Steelhead,Snake River Basin DPS,,1,0,0,0,"Freshwater rearing sites with water quantity and floodplain connectivity to form and maintain physical habitat conditions and support juvenile growth and mobility; water quality and forage supporting juvenile development; and natural cover such as shade, submerged and overhanging large wood, log jams and beaver dams, aquatic vegetation, large rocks and boulders, side channels, and undercut banks","Freshwater rearing sites with water quantity, floodplain connectivity, water quality, forage, and natural cover",1,1,0,1,1,1,1,0,1,0,1,0,0,1,1,0,1,0,1,0,1,0,1,0,1,0
221,Steelhead,Snake River Basin DPS,,1,0,0,0,"Freshwater migration corridors free of obstruction with water quantity and quality conditions and natural cover such as submerged and overhanging large wood, aquatic vegetation, large rocks and boulders, side channels, and undercut banks supporting juvenile and adult mobility and survival. ",Freshwater migration corridors free of obstruction with water quantity and quality conditions and natural cover,1,1,0,0,1,1,1,0,0,1,1,0,0,1,1,0,1,0,1,0,1,0,1,0,1,0
222,Steelhead,Snake River Basin DPS,,0,1,0,0,"Estuarine areas free of obstruction with water quality, water quantity, and salinity conditions supporting juvenile and adult physiological transitions between fresh- and saltwater; natural cover such as submerged and overhanging large wood, aquatic vegetation, large rocks and boulders, and side channels; and juvenile and adult forage, including aquatic invertebrates and fishes, supporting growth and maturation. ","Estuarine areas free of obstruction with water quality, water quantity, and salinity conditions; natural cover; and juvenile and adult forage",1,1,1,1,1,1,1,0,1,1,1,0,0,1,0,1,0,0,0,0,1,0,1,0,0,0
223,Steelhead,Snake River Basin DPS,,0,0,1,1,"Nearshore marine areas free of obstruction with water quality and quantity conditions and forage, including aquatic invertebrates and fishes, supporting growth and maturation; and natural cover such as submerged and overhanging large wood, aquatic vegetation, large rocks and boulders, and side channels. ","Nearshore marine areas free of obstruction with water quality and quantity conditions, forage, and natural cover",1,1,0,1,1,1,1,0,1,1,1,0,0,1,0,0,0,0,0,0,1,0,1,0,1,0
224,Steelhead,Snake River Basin DPS,,0,0,1,0,"Offshore marine areas with water quality conditions and forage, including aquatic invertebrates and fishes, supporting growth and maturation. ",Offshore marine areas with water quality conditions and forage,1,0,0,1,0,0,0,0,1,0,0,0,0,1,0,0,0,0,0,0,0,0,0,0,0,0
225,Steelhead,Upper Columbia River DPS,,1,0,0,0,"Freshwater spawning sites with water quantity and quality conditions and substrate supporting spawning, incubation and larval development",Freshwater spawning sites with water quantity and quality conditions and substrate,1,0,0,0,1,1,0,0,1,0,0,0,0,1,1,0,1,0,1,0,1,0,0,0,0,0
226,Steelhead,Upper Columbia River DPS,,1,0,0,0,"Freshwater rearing sites with water quantity and floodplain connectivity to form and maintain physical habitat conditions and support juvenile growth and mobility; water quality and forage supporting juvenile development; and natural cover such as shade, submerged and overhanging large wood, log jams and beaver dams, aquatic vegetation, large rocks and boulders, side channels, and undercut banks","Freshwater rearing sites with water quantity, floodplain connectivity, water quality, forage, and natural cover",1,1,0,1,1,1,1,0,1,0,1,0,0,1,1,0,1,0,1,0,1,0,1,0,1,0
227,Steelhead,Upper Columbia River DPS,,1,0,0,0,"Freshwater migration corridors free of obstruction with water quantity and quality conditions and natural cover such as submerged and overhanging large wood, aquatic vegetation, large rocks and boulders, side channels, and undercut banks supporting juvenile and adult mobility and survival. ",Freshwater migration corridors free of obstruction with water quantity and quality conditions and natural cover,1,1,0,0,1,1,1,0,0,1,1,0,0,1,1,0,1,0,1,0,1,0,1,0,1,0
228,Steelhead,Upper Columbia River DPS,,0,1,0,0,"Estuarine areas free of obstruction with water quality, water quantity, and salinity conditions supporting juvenile and adult physiological transitions between fresh- and saltwater; natural cover such as submerged and overhanging large wood, aquatic vegetation, large rocks and boulders, and side channels; and juvenile and adult forage, including aquatic invertebrates and fishes, supporting growth and maturation. ","Estuarine areas free of obstruction with water quality, water quantity, and salinity conditions; natural cover; and juvenile and adult forage",1,1,1,1,1,1,1,0,1,1,1,0,0,1,0,1,0,0,0,0,1,0,1,0,0,0
229,Steelhead,Upper Columbia River DPS,,0,0,1,1,"Nearshore marine areas free of obstruction with water quality and quantity conditions and forage, including aquatic invertebrates and fishes, supporting growth and maturation; and natural cover such as submerged and overhanging large wood, aquatic vegetation, large rocks and boulders, and side channels. ","Nearshore marine areas free of obstruction with water quality and quantity conditions, forage, and natural cover",1,1,0,1,1,1,1,0,1,1,1,0,0,1,0,0,0,0,0,0,1,0,1,0,1,0
230,Steelhead,Upper Columbia River DPS,,0,0,1,0,"Offshore marine areas with water quality conditions and forage, including aquatic invertebrates and fishes, supporting growth and maturation. ",Offshore marine areas with water quality conditions and forage,1,0,0,1,0,0,0,0,1,0,0,0,0,1,0,0,0,0,0,0,0,0,0,0,0,0
231,Steelhead,Upper Willamette River DPS,,1,0,0,0,"Freshwater spawning sites with water quantity and quality conditions and substrate supporting spawning, incubation and larval development",Freshwater spawning sites with water quantity and quality conditions and substrate,1,0,0,0,1,1,0,0,1,0,0,0,0,1,1,0,1,0,1,0,1,0,0,0,0,0
232,Steelhead,Upper Willamette River DPS,,1,0,0,0,"Freshwater rearing sites with water quantity and floodplain connectivity to form and maintain physical habitat conditions and support juvenile growth and mobility; water quality and forage supporting juvenile development; and natural cover such as shade, submerged and overhanging large wood, log jams and beaver dams, aquatic vegetation, large rocks and boulders, side channels, and undercut banks","Freshwater rearing sites with water quantity, floodplain connectivity, water quality, forage, and natural cover",1,1,0,1,1,1,1,0,1,0,1,0,0,1,1,0,1,0,1,0,1,0,1,0,1,0
233,Steelhead,Upper Willamette River DPS,,1,0,0,0,"Freshwater migration corridors free of obstruction with water quantity and quality conditions and natural cover such as submerged and overhanging large wood, aquatic vegetation, large rocks and boulders, side channels, and undercut banks supporting juvenile and adult mobility and survival. ",Freshwater migration corridors free of obstruction with water quantity and quality conditions and natural cover,1,1,0,0,1,1,1,0,0,1,1,0,0,1,1,0,1,0,1,0,1,0,1,0,1,0
234,Steelhead,Upper Willamette River DPS,,0,1,0,0,"Estuarine areas free of obstruction with water quality, water quantity, and salinity conditions supporting juvenile and adult physiological transitions between fresh- and saltwater; natural cover such as submerged and overhanging large wood, aquatic vegetation, large rocks and boulders, and side channels; and juvenile and adult forage, including aquatic invertebrates and fishes, supporting growth and maturation. ","Estuarine areas free of obstruction with water quality, water quantity, and salinity conditions; natural cover; and juvenile and adult forage",1,1,1,1,1,1,1,0,1,1,1,0,0,1,0,1,0,0,0,0,1,0,1,0,0,0
235,Steelhead,Upper Willamette River DPS,,0,0,1,1,"Nearshore marine areas free of obstruction with water quality and quantity conditions and forage, including aquatic invertebrates and fishes, supporting growth and maturation; and natural cover such as submerged and overhanging large wood, aquatic vegetation, large rocks and boulders, and side channels. ","Nearshore marine areas free of obstruction with water quality and quantity conditions, forage, and natural cover",1,1,0,1,1,1,1,0,1,1,1,0,0,1,0,0,0,0,0,0,1,0,1,0,1,0
236,Steelhead,Upper Willamette River DPS,,0,0,1,0,"Offshore marine areas with water quality conditions and forage, including aquatic invertebrates and fishes, supporting growth and maturation. ",Offshore marine areas with water quality conditions and forage,1,0,0,1,0,0,0,0,1,0,0,0,0,1,0,0,0,0,0,0,0,0,0,0,0,0
237,Coho Salmon,Oregon Coast ESU,,1,0,0,0,"Freshwater spawning sites with water quantity and quality conditions and substrate supporting spawning, incubation and larval development",Freshwater spawning sites with water quantity and quality conditions and substrate,1,0,0,0,1,1,0,0,1,0,0,0,0,1,1,0,1,0,1,0,1,0,0,0,0,0
238,Coho Salmon,Oregon Coast ESU,,1,0,0,0,"Freshwater rearing sites with water quantity and floodplain connectivity to form and maintain physical habitat conditions and support juvenile growth and mobility; water quality and forage supporting juvenile development; and natural cover such as shade, submerged and overhanging large wood, log jams and beaver dams, aquatic vegetation, large rocks and boulders, side channels, and undercut banks","Freshwater rearing sites with water quantity, floodplain connectivity, water quality, forage, and natural cover",1,1,0,1,1,1,1,0,1,0,1,0,0,1,1,0,1,0,1,0,1,0,1,0,1,0
239,Coho Salmon,Oregon Coast ESU,,1,0,0,0,"Freshwater migration corridors free of obstruction with water quantity and quality conditions and natural cover such as submerged and overhanging large wood, aquatic vegetation, large rocks and boulders, side channels, and undercut banks supporting juvenile and adult mobility and survival. ",Freshwater migration corridors free of obstruction with water quantity and quality conditions and natural cover,1,1,0,0,1,1,1,0,0,1,1,0,0,1,1,0,1,0,1,0,1,0,1,0,1,0
240,Coho Salmon,Oregon Coast ESU,,0,1,0,0,"Estuarine areas free of obstruction with water quality, water quantity, and salinity conditions supporting juvenile and adult physiological transitions between fresh- and saltwater; natural cover such as submerged and overhanging large wood, aquatic vegetation, large rocks and boulders, and side channels; and juvenile and adult forage, including aquatic invertebrates and fishes, supporting growth and maturation. ","Estuarine areas free of obstruction with water quality, water quantity, and salinity conditions; natural cover; and juvenile and adult forage",1,1,1,1,1,1,1,0,1,1,1,0,0,1,0,1,0,0,0,0,1,0,1,0,0,0
241,Coho Salmon,Oregon Coast ESU,,0,0,1,1,"Nearshore marine areas free of obstruction with water quality and quantity conditions and forage, including aquatic invertebrates and fishes, supporting growth and maturation; and natural cover such as submerged and overhanging large wood, aquatic vegetation, large rocks and boulders, and side channels. ","Nearshore marine areas free of obstruction with water quality and quantity conditions, forage, and natural cover",1,1,0,1,1,1,1,0,1,1,1,0,0,1,0,0,0,0,0,0,1,0,1,0,1,0
242,Coho Salmon,Oregon Coast ESU,,0,0,1,0,"Offshore marine areas with water quality conditions and forage, including aquatic invertebrates and fishes, supporting growth and maturation. ",Offshore marine areas with water quality conditions and forage,1,0,0,1,0,0,0,0,1,0,0,0,0,1,0,0,0,0,0,0,0,0,0,0,0,0
243,Coho Salmon,Lower Columbia River ESU,,1,0,0,0,"Freshwater spawning sites with water quantity and quality conditions and substrate supporting spawning, incubation and larval development",Freshwater spawning sites with water quantity and quality conditions and substrate,1,0,0,0,1,1,0,0,1,0,0,0,0,1,1,0,1,0,1,0,1,0,0,0,0,0
244,Coho Salmon,Lower Columbia River ESU,,1,0,0,0,"Freshwater rearing sites with water quantity and floodplain connectivity to form and maintain physical habitat conditions and support juvenile growth and mobility; water quality and forage supporting juvenile development; and natural cover such as shade, submerged and overhanging large wood, log jams and beaver dams, aquatic vegetation, large rocks and boulders, side channels, and undercut banks","Freshwater rearing sites with water quantity, floodplain connectivity, water quality, forage, and natural cover",1,1,0,1,1,1,1,0,1,0,1,0,0,1,1,0,1,0,1,0,1,0,1,0,1,0
245,Coho Salmon,Lower Columbia River ESU,,1,0,0,0,"Freshwater migration corridors free of obstruction with water quantity and quality conditions and natural cover such as submerged and overhanging large wood, aquatic vegetation, large rocks and boulders, side channels, and undercut banks supporting juvenile and adult mobility and survival. ",Freshwater migration corridors free of obstruction with water quantity and quality conditions and natural cover,1,1,0,0,1,1,1,0,0,1,1,0,0,1,1,0,1,0,1,0,1,0,1,0,1,0
246,Coho Salmon,Lower Columbia River ESU,,0,1,0,0,"Estuarine areas free of obstruction with water quality, water quantity, and salinity conditions supporting juvenile and adult physiological transitions between fresh- and saltwater; natural cover such as submerged and overhanging large wood, aquatic vegetation, large rocks and boulders, and side channels; and juvenile and adult forage, including aquatic invertebrates and fishes, supporting growth and maturation. ","Estuarine areas free of obstruction with water quality, water quantity, and salinity conditions; natural cover; and juvenile and adult forage",1,1,1,1,1,1,1,0,1,1,1,0,0,1,0,1,0,0,0,0,1,0,1,0,0,0
247,Coho Salmon,Lower Columbia River ESU,,0,0,1,1,"Nearshore marine areas free of obstruction with water quality and quantity conditions and forage, including aquatic invertebrates and fishes, supporting growth and maturation; and natural cover such as submerged and overhanging large wood, aquatic vegetation, large rocks and boulders, and side channels. ","Nearshore marine areas free of obstruction with water quality and quantity conditions, forage, and natural cover",1,1,0,1,1,1,1,0,1,1,1,0,0,1,0,0,0,0,0,0,1,0,1,0,1,0
248,Coho Salmon,Lower Columbia River ESU,,0,0,1,0,"Offshore marine areas with water quality conditions and forage, including aquatic invertebrates and fishes, supporting growth and maturation. ",Offshore marine areas with water quality conditions and forage,1,0,0,1,0,0,0,0,1,0,0,0,0,1,0,0,0,0,0,0,0,0,0,0,0,0
249,Steelhead,Puget Sound DPS,,1,0,0,0,"Freshwater spawning sites with water quantity and quality conditions and substrate supporting spawning, incubation and larval development",Freshwater spawning sites with water quantity and quality conditions and substrate,1,0,0,0,1,1,0,0,1,0,0,0,0,1,1,0,1,0,1,0,1,0,0,0,0,0
250,Steelhead,Puget Sound DPS,,1,0,0,0,"Freshwater rearing sites with water quantity and floodplain connectivity to form and maintain physical habitat conditions and support juvenile growth and mobility; water quality and forage supporting juvenile development; and natural cover such as shade, submerged and overhanging large wood, log jams and beaver dams, aquatic vegetation, large rocks and boulders, side channels, and undercut banks","Freshwater rearing sites with water quantity, floodplain connectivity, water quality, forage, and natural cover",1,1,0,1,1,1,1,0,1,0,1,0,0,1,1,0,1,0,1,0,1,0,1,0,1,0
251,Steelhead,Puget Sound DPS,,1,0,0,0,"Freshwater migration corridors free of obstruction with water quantity and quality conditions and natural cover such as submerged and overhanging large wood, aquatic vegetation, large rocks and boulders, side channels, and undercut banks supporting juvenile and adult mobility and survival. ",Freshwater migration corridors free of obstruction with water quantity and quality conditions and natural cover,1,1,0,0,1,1,1,0,0,1,1,0,0,1,1,0,1,0,1,0,1,0,1,0,1,0
252,Steelhead,Puget Sound DPS,,0,1,0,0,"Estuarine areas free of obstruction with water quality, water quantity, and salinity conditions supporting juvenile and adult physiological transitions between fresh- and saltwater; natural cover such as submerged and overhanging large wood, aquatic vegetation, large rocks and boulders, and side channels; and juvenile and adult forage, including aquatic invertebrates and fishes, supporting growth and maturation. ","Estuarine areas free of obstruction with water quality, water quantity, and salinity conditions; natural cover; and juvenile and adult forage",1,1,1,1,1,1,1,0,1,1,1,0,0,1,0,1,0,0,0,0,1,0,1,0,0,0
253,Steelhead,Puget Sound DPS,,0,0,1,1,"Nearshore marine areas free of obstruction with water quality and quantity conditions and forage, including aquatic invertebrates and fishes, supporting growth and maturation; and natural cover such as submerged and overhanging large wood, aquatic vegetation, large rocks and boulders, and side channels. ","Nearshore marine areas free of obstruction with water quality and quantity conditions, forage, and natural cover",1,1,0,1,1,1,1,0,1,1,1,0,0,1,0,0,0,0,0,0,1,0,1,0,1,0
254,Steelhead,Puget Sound DPS,,0,0,1,0,"Offshore marine areas with water quality conditions and forage, including aquatic invertebrates and fishes, supporting growth and maturation. ",Offshore marine areas with water quality conditions and forage,1,0,0,1,0,0,0,0,1,0,0,0,0,1,0,0,0,0,0,0,0,0,0,0,0,0
255,North Pacific Right Whale,,,0,0,1,0,"Nutrients, physical oceanography processes, certain species of zooplankton (copepods), and long photo-period due to the high latitude","Nutrients, physical oceanography processes, certain species of zooplankton (copepods), and long photo-period due to the high latitude",1,0,1,1,0,0,0,0,0,0,0,0,0,1,0,0,0,1,0,0,0,0,0,0,1,0
256,Elkhorn Coral,,,0,0,1,0,"Substrate of suitable quality and availability to support successful larval settlement and recruitment, and reattachment and recruitment of fragments",Substrate of suitable quality and availability,0,0,0,0,1,1,0,0,0,0,0,0,0,0,0,0,0,0,1,0,0,0,0,0,0,0
257,Staghorn Coral,,,0,0,1,0,"Substrate of suitable quality and availability to support successful larval settlement and recruitment, and reattachment and recruitment of fragments",Substrate of suitable quality and availability,0,0,0,0,1,1,0,0,0,0,0,0,0,0,0,0,0,0,1,0,0,0,0,0,0,0
258,Atlantic Salmon,Gulf of Maine DPS,Spawning and rearing,1,0,0,0,"Deep, oxygenated pools and cover (e.g., boulders, woody debris, vegetation, etc.), near freshwater spawning sites, necessary to support adult migrants during the summer while they await spawning in the fall","Deep, oxygenated pools and cover near freshwater spawning sites",1,0,0,0,1,1,1,0,0,0,1,1,0,1,0,0,1,0,0,0,0,0,1,0,0,0
259,Atlantic Salmon,Gulf of Maine DPS,Spawning and rearing,1,0,0,0,"Freshwater spawning sites that contain clean, permeable gravel and cobble substrate with oxygenated water and cool water temperatures to support spawning activity, egg incubation, and larval development. ","Freshwater spawning sites that contain clean, permeable gravel and cobble substrate with oxygenated water and cool water temperatures to support spawning activity, egg incubation, and larval development. ",1,0,0,0,1,1,0,0,1,0,0,0,0,1,1,0,1,0,1,0,0,0,0,0,0,0
260,Atlantic Salmon,Gulf of Maine DPS,Spawning and rearing,1,0,0,0,"Freshwater spawning and rearing sites with clean, permeable gravel and cobble substrate with oxygenated water and cool water temperatures to support emergence, territorial development, and feeding activities of Atlantic salmon fry","Freshwater spawning and rearing sites with clean, permeable gravel and cobble substrate with oxygenated water and cool water temperatures to support emergence, territorial development, and feeding activities of Atlantic salmon fry",1,0,0,0,1,1,0,0,1,0,0,0,0,1,1,0,1,0,1,0,0,0,0,0,0,0
261,Atlantic Salmon,Gulf of Maine DPS,Spawning and rearing,1,0,0,0,Freshwater rearing sites with space to accommodate growth and survival of Atlantic salmon parr. ,Freshwater rearing sites with space to accommodate growth and survival of Atlantic salmon parr. ,1,0,0,0,0,0,0,0,0,0,0,0,1,0,0,0,0,0,0,0,0,0,0,0,0,0
262,Atlantic Salmon,Gulf of Maine DPS,Spawning and rearing,1,0,0,0,"Freshwater rearing sites with a combination of river, stream, and lake habitats that accommodate parr's ability to occupy many niches and maximize parr production. ","Freshwater rearing sites with a combination of river, stream, and lake habitats",1,0,0,0,0,0,0,0,0,0,0,0,0,0,0,0,0,0,0,0,0,0,0,0,0,1
263,Atlantic Salmon,Gulf of Maine DPS,Spawning and rearing,1,0,0,0,"Freshwater rearing sites with cool, oxygenated water to support growth and survival of Atlantic salmon parr","Freshwater rearing sites with cool, oxygenated water",1,0,0,0,0,0,0,0,0,0,0,0,0,1,1,0,1,0,0,0,0,0,0,0,0,0
264,Atlantic Salmon,Gulf of Maine DPS,Spawning and rearing,1,0,0,0,Freshwater rearing sites with diverse food resources to support growth and survival of Atlantic salmon parr,Freshwater rearing sites with diverse food resources,1,0,0,1,0,0,0,0,0,0,0,0,0,0,0,0,0,0,0,0,0,0,0,0,0,0
265,Atlantic Salmon,Gulf of Maine DPS,Migration,1,1,0,0,Freshwater and estuary migratory sites free from physical and biological barriers that delay or prevent access of adult salmon seeking spawning grounds needed to support recovered populations,Freshwater and estuary migratory sites free from physical and biological barriers,1,0,0,0,0,0,0,0,0,1,0,0,0,0,0,0,0,0,0,0,0,0,0,0,0,0
266,Atlantic Salmon,Gulf of Maine DPS,Migration,1,1,0,0,"Freshwater and estuary migration sites with pool, lake, and instream habitat that provide cool, oxygenated water and cover items (e.g., boulders, woody debris, and vegetation) to serve as temporary holding and resting areas during upstream migration of adult salmon","Freshwater and estuary migration sites with pool, lake, and instream habitat that provide cool, oxygenated water and cover items",1,0,0,0,1,1,0,0,0,0,1,0,0,1,1,0,1,0,0,0,0,0,1,0,1,0
267,Atlantic Salmon,Gulf of Maine DPS,Migration,1,1,0,0,"Freshwater and estuary migration sites with abundant, diverse native fish communities to serve as a protective buffer against predation. ","Freshwater and estuary migration sites with abundant, diverse native fish communities",1,0,0,0,0,0,0,0,0,0,0,0,0,0,0,0,0,0,0,0,0,0,0,0,1,0
268,Atlantic Salmon,Gulf of Maine DPS,Migration,1,1,0,0,Freshwater and estuary migration sites free from physical and biological barriers that delay or prevent emigration of smolts to the marine environment,Freshwater and estuary migration sites free from physical and biological barriers,1,0,0,0,0,0,0,0,0,1,0,0,0,0,0,0,0,0,0,0,0,0,0,0,0,0
269,Atlantic Salmon,Gulf of Maine DPS,Migration,1,1,0,0,Freshwater and estuary migration sites with sufficiently cool water temperatures and water flows that coincide with diurnal cues to stimulate smolt migration,Freshwater and estuary migration sites with sufficiently cool water temperatures and water flows,1,0,0,0,0,0,0,0,0,0,0,0,0,1,1,0,0,0,0,0,1,0,0,0,1,0
270,Atlantic Salmon,Gulf of Maine DPS,Migration,1,0,0,0,Freshwater migration sites with water chemistry needed to support sea water adaptation of smolts,Freshwater migration sites with water chemistry needed to support sea water adaptation of smolts,1,0,0,0,0,0,0,0,1,0,0,0,0,1,0,1,1,0,0,0,0,0,0,0,0,0
271,Smalltooth Sawfish,U.S. DPS,Within the nursery areas,0,1,1,0,Red mangroves (Rhizophora mangle),Red mangroves,0,1,0,0,1,0,0,0,0,0,1,0,0,0,0,0,0,0,0,0,0,0,1,0,1,0
272,Smalltooth Sawfish,U.S. DPS,Within the nursery areas,0,1,1,0,Shallow euryhaline habitats characterized by water depths between the Mean High Water line and 3 ft (0.9 m) measured at Mean Lower Low Water (MLLW) ,Shallow euryhaline habitats,0,0,0,0,0,0,0,0,0,0,0,1,0,1,0,1,0,0,0,0,0,0,0,0,0,0
273,Green Sturgeon,Southern DPS,Freshwater riverine systems,1,0,0,0,"Food resources. Abundant prey items for larval, juvenile, subadult, and adult life stages",Food resources,1,0,0,1,0,0,0,0,0,0,0,0,0,0,0,0,0,0,0,0,0,0,0,0,0,0
274,Green Sturgeon,Southern DPS,Freshwater riverine systems,1,0,0,0,"Substrate type or size (i.e., structural features of substrates). Substrates suitable for egg deposition and development (e.g., bedrock sills and shelves, cobble and gravel, or hard clean sand, with interstices or irregular surfaces to “collect” eggs and provide protection from predators, and free of excessive silt and debris that could smother eggs during incubation), larval development (e.g., substrates with interstices or voids providing refuge from predators and from high flow conditions), and subadults and adults (e.g., substrates for holding and spawning). ",Substrate type or size,1,0,0,0,1,1,1,0,0,0,1,0,0,0,0,0,0,0,1,0,0,0,0,0,0,0
275,Green Sturgeon,Southern DPS,Freshwater riverine systems,1,0,0,0,"Water flow. A flow regime (i.e., the magnitude, frequency, duration, seasonality, and rate-of-change of fresh water discharge over time) necessary for normal behavior, growth, and survival of all life stages",Water flow,1,0,0,0,0,0,0,0,0,0,0,0,0,0,0,0,0,0,0,0,1,0,0,0,1,0
276,Green Sturgeon,Southern DPS,Freshwater riverine systems,1,0,0,0,"Water quality, including temperature, salinity, oxygen content, and other chemical characteristics, necessary for normal behavior, growth, and viability of all life stages",Water quality,1,0,0,0,0,0,0,0,1,0,0,0,0,1,1,1,1,0,0,0,0,0,0,0,0,0
277,Green Sturgeon,Southern DPS,Freshwater riverine systems,1,0,0,0,"Migratory corridor. A migratory pathway necessary for the safe and timely passage of Southern DPS fish within riverine habitats and between riverine and estuarine habitats (e.g., an unobstructed river or dammed river that still allows for safe and timely passage)",Migratory corridor,1,0,0,0,0,0,0,0,0,1,0,0,0,0,0,0,0,0,0,0,0,0,0,0,0,0
278,Green Sturgeon,Southern DPS,Freshwater riverine systems,1,0,0,0,"Water depth. Deep (≥5 m) holding pools for both upstream and downstream holding of adult or subadult fish, with adequate water quality and flow to maintain the physiological needs of the holding adult or subadult fish. ",Water depth,1,0,0,0,0,0,0,0,0,0,0,1,0,1,0,0,0,0,0,0,1,0,0,0,0,0
279,Green Sturgeon,Southern DPS,Freshwater riverine systems,1,0,0,0,"Sediment quality. Sediment quality (i.e., chemical characteristics) necessary for normal behavior, growth, and viability of all life stages",Sediment quality,1,0,0,0,1,1,0,0,1,0,0,0,0,0,0,0,0,0,1,0,0,0,0,0,0,0
280,Green Sturgeon,Southern DPS,Estuarine areas,0,1,0,0,"Food resources. Abundant prey items within estuarine habitats and substrates for juvenile, subadult, and adult life stages",Food resources,1,0,0,1,1,1,0,0,0,0,0,0,0,0,0,0,0,0,0,0,0,0,0,0,0,0
281,Green Sturgeon,Southern DPS,Estuarine areas,0,1,0,0,"Water flow. Within bays and estuaries adjacent to the Sacramento River (i.e., the Sacramento-San Joaquin Delta and the Suisun, San Pablo, and San Francisco bays), sufficient flow into the bay and estuary to allow adults to successfully orient to the incoming flow and migrate upstream to spawning grounds",Water flow,1,0,0,0,0,0,0,0,0,0,0,0,0,0,0,0,0,0,0,0,1,0,0,0,0,0
282,Green Sturgeon,Southern DPS,Estuarine areas,0,1,0,0,"Water quality, including temperature, salinity, oxygen content, and other chemical characteristics, necessary for normal behavior, growth, and viability of all life stages",Water quality,1,0,0,0,0,0,0,0,1,0,0,0,0,1,1,1,1,0,0,0,0,0,0,0,0,0
283,Green Sturgeon,Southern DPS,Estuarine areas,0,1,0,0,Migratory corridor. A migratory pathway necessary for the safe and timely passage of Southern DPS fish within estuarine habitats and between estuarine and riverine or marine habitats,Migratory corridor,1,0,0,0,0,0,0,0,0,1,0,0,0,0,0,0,0,0,0,0,0,0,0,0,0,0
284,Green Sturgeon,Southern DPS,Estuarine areas,0,1,1,0,"Water depth. A diversity of depths necessary for shelter, foraging, and migration of juvenile, subadult, and adult life stages",Water depth,1,0,0,0,0,0,0,0,0,0,1,1,0,0,0,0,0,0,0,0,0,0,0,0,0,0
285,Green Sturgeon,Southern DPS,Estuarine areas,0,1,0,0,"Sediment quality. Sediment quality (i.e., chemical characteristics) necessary for normal behavior, growth, and viability of all life stages",Sediment quality,1,0,0,0,1,1,0,0,1,0,0,0,0,0,0,0,0,0,1,0,0,0,0,0,0,0
286,Green Sturgeon,Southern DPS,Coastal marine areas,0,0,1,0,Migratory corridor. A migratory pathway necessary for the safe and timely passage of Southern DPS fish within marine and between estuarine and marine habitats,Migratory cooridor,1,0,0,0,0,0,0,0,0,1,0,0,0,0,0,0,0,0,0,0,0,0,0,0,0,0
287,Green Sturgeon,Southern DPS,Coastal marine areas,0,0,1,0,"Water quality - Coastal marine waters with adequate dissolved oxygen levels and acceptably low levels of contaminants (e.g., pesticides, PAHs, heavy metals that may disrupt the normal behavior, growth, and viability of subadult and adult green sturgeon)",Water quality,1,0,0,0,0,0,0,0,1,0,0,0,0,1,0,0,1,0,0,0,0,0,0,0,0,0
288,Green Sturgeon,Southern DPS,Coastal marine areas,0,0,1,0,"Food resources. Abundant prey items for subadults and adults, which may include benthic invertebrates and fish",Food resources,1,0,0,1,1,0,0,0,0,0,0,0,0,0,0,0,0,0,0,0,0,0,0,0,0,0
289,Beluga Whale,Cook Inlet DPS,,1,1,1,0,Intertidal and subtidal waters of Cook Inlet with depths less than 30 feet (MLLW)(9.1 m) and within 5 miles (8 km) of high and medium flow anadromous fish streams,Intertidal and subtidal waters of Cook Inlet with depths less than 30 feet and within 5 miles of high and medium flow anadromous fish streams,1,0,0,0,0,0,0,0,0,0,0,1,0,0,0,0,0,0,0,0,1,0,0,0,1,0
290,Beluga Whale,Cook Inlet DPS,,1,1,1,0,"Primary prey species consisting of four species of Pacific salmon (Chinook, sockeye, chum, and coho), Pacific eulachon, Pacific cod, walleye pollock, saffron cod, and yellowfin sole",Primary prey species,1,0,0,1,0,0,0,0,0,0,0,0,0,0,0,0,0,0,0,0,0,0,0,0,0,0
291,Beluga Whale,Cook Inlet DPS,,0,0,1,0,Waters free of toxins or other agents of a type and amount harmful to Cook Inlet beluga whales,Waters free of toxins,1,0,0,0,0,0,0,0,1,0,0,0,0,1,0,0,0,0,0,0,0,0,0,0,0,0
292,Beluga Whale,Cook Inlet DPS,,0,0,1,0,Unrestricted passage within or between the critical habitat areas,Unrestricted passage within or between the critical habitat areas,1,0,0,0,0,0,0,0,0,1,0,0,0,0,0,0,0,0,0,0,0,0,0,0,0,0
293,Beluga Whale,Cook Inlet DPS,,0,0,1,0,Waters with in-water noise below levels resulting in the abandonment of critical habitat areas by Cook Inlet beluga whales,Waters with in-water noise below levels resulting in the abandonment of critical habitat areas,1,0,0,0,0,0,0,1,0,0,0,0,0,0,0,0,0,0,0,0,0,0,0,0,0,0
294,Eulachon,Southern DPS,,1,0,0,0,"Freshwater spawning and incubation sites with water flow, quality and temperature conditions and substrate supporting spawning and incubation, and with migratory access for adults and juveniles","Freshwater spawning and incubation sites with water flow, quality and temperature conditions and substrate supporting spawning and incubation, and with migratory access for adults and juveniles",0,0,0,0,1,1,0,0,0,1,0,0,0,1,1,0,0,0,0,0,1,0,0,0,0,0
295,Eulachon,Southern DPS,,1,1,0,0,"Freshwater and estuarine migration corridors associated with spawning and incubation sites that are free of obstruction and with water flow, quality and temperature conditions supporting larval and adult mobility, and with abundant prey items supporting larval feeding after the yolk sac is depleted","Freshwater and estuarine migration corridors associated with spawning and incubation sites that are free of obstruction and with water flow, quality and temperature conditions supporting larval and adult mobility, and with abundant prey items supporting larval feeding after the yolk sac is depleted",0,0,0,1,0,0,0,0,0,1,0,0,0,1,1,0,0,0,0,0,1,0,0,0,0,0
296,Eulachon,Southern DPS,,0,0,1,0,"Nearshore and offshore marine foraging habitat with water quality and available prey, supporting juveniles and adult survival. Eulachon prey on a wide variety of species including crustaceans such as copepods and euphausiids, unidentified malacostracans, cumaceans mysids, barnacle larvae, and worm larvae","Nearshore and offshore marine foraging habitat with water quality and available prey, supporting juveniles and adult survival. ",0,0,0,1,0,0,0,0,0,0,0,0,0,1,0,0,0,0,0,0,0,0,0,0,0,0
297,Black Abalone,,,0,0,1,0,"Rocky substrate. Suitable rocky substrate includes rocky benches formed from consolidated rock of various geological origins (e.g., igneous, metamorphic, and sedimentary) that contain channels with macro- and micro- crevices or large boulders (greater than or equal to 1 m in diameter) and occur from MHHW to a depth of −6 m relative to MLLW",Rocky substrate,1,0,0,0,1,1,1,0,0,0,0,1,0,0,0,0,0,0,1,0,0,0,0,0,0,0
298,Black Abalone,,,0,0,1,0,"Food resources. Abundant food resources including bacterial and diatom films, crustose coralline algae, and a source of detrital macroalgae, are required for growth and survival of all stages of black abalone. ",Food resources,1,0,0,1,0,0,0,0,0,0,0,0,0,0,0,0,0,0,0,0,0,0,1,0,0,0
299,Black Abalone,,,0,0,1,0,"Juvenile settlement habitat. Rocky intertidal and subtidal habitat containing crustose coralline algae and crevices or cryptic biogenic structures (e.g., urchins, mussels, chiton holes, conspecifics, anemones) is important for successful larval recruitment and juvenile growth and survival of black abalone less than approximately 25 mm shell length",Juvenile settlement habitat,1,0,0,0,1,1,1,0,0,0,0,0,0,0,0,0,0,0,0,0,0,0,1,0,0,0
300,Black Abalone,,,0,0,1,0,"Suitable water quality. Suitable water quality includes temperature, salinity, pH, and other chemical characteristics necessary for normal settlement, growth, behavior, and viability of black abalone. ",Suitable water quality,1,0,0,0,0,0,0,0,1,0,0,0,0,1,1,1,0,0,0,0,0,0,0,0,1,0
301,Black Abalone,,,0,0,1,0,"Suitable nearshore circulation patterns. Suitable circulation patterns are those that retain eggs, sperm, fertilized eggs, and ready-to-settle larvae enough so that successful fertilization and settlement to suitable habitat can take place",Suitable nearshore circulation patterns,1,0,1,0,0,0,0,0,0,0,0,0,0,0,0,0,0,0,0,0,0,0,0,0,0,0
302,Loggerhead Sea Turtle,Northwest Atlantic Ocean DPS,Nearshore reproductive habitat,0,0,1,0,Nearshore waters directly off the highest density nesting beaches and their adjacent beaches as identified in 50 CFR 17.95(c) to 1.6 km (1 mile) offshore,Nearshore waters directly off the highest density nesting beaches and their adjacent beaches,1,0,0,0,0,0,0,0,0,0,0,0,0,0,0,0,0,0,0,0,0,0,0,0,0,1
303,Loggerhead Sea Turtle,Northwest Atlantic Ocean DPS,Nearshore reproductive habitat,0,0,1,0,Waters sufficiently free of obstructions or artificial lighting to allow transit through the surf zone and outward toward open water,Waters sufficiently free of obstructions or artificial lighting,1,0,0,0,0,0,0,0,0,1,0,0,0,0,0,0,0,0,0,0,0,0,0,1,0,0
304,Loggerhead Sea Turtle,Northwest Atlantic Ocean DPS,Nearshore reproductive habitat,0,0,1,0,"Waters with minimal manmade structures that could promote predators (i.e., nearshore predator concentration caused by submerged and emergent offshore structures), disrupt wave patterns necessary for orientation, and/or create excessive longshore currents",Waters with minimal manmade structures,1,0,1,0,0,0,1,0,0,0,0,0,0,0,0,0,0,0,0,0,0,0,0,0,0,0
305,Loggerhead Sea Turtle,Northwest Atlantic Ocean DPS,Foraging habitat,0,0,1,0,"Sufficient prey availability and quality, such as benthic invertebrates, including crabs (spider, rock, lady, hermit, blue, horseshoe), mollusks, echinoderms and sea pens",Sufficient prey availability and quality,1,0,0,1,1,0,0,0,0,0,0,0,0,0,0,0,0,0,0,0,0,0,0,0,0,0
306,Loggerhead Sea Turtle,Northwest Atlantic Ocean DPS,Foraging habitat,0,0,1,0,"Water temperatures to support loggerhead inhabitance, generally above 10° C","Water temperatures to support loggerhead inhabitance, generally above 10° C",1,0,0,0,0,0,0,0,0,0,0,0,0,1,1,0,0,0,0,0,0,0,0,0,0,0
307,Loggerhead Sea Turtle,Northwest Atlantic Ocean DPS,Winter habitat,0,0,1,0,Water temperatures above 10° C from November through April,Water temperatures above 10° C from November through April,1,0,0,0,0,0,0,0,0,0,0,0,0,1,1,0,0,0,0,0,0,0,0,0,0,0
308,Loggerhead Sea Turtle,Northwest Atlantic Ocean DPS,Winter habitat,0,0,1,0,Continental shelf waters in proximity to the western boundary of the Gulf Stream,Continental shelf waters in proximity to the western boundary of the Gulf Stream,1,0,0,0,0,0,0,0,0,0,0,0,0,0,0,0,0,0,0,0,0,0,0,0,0,1
309,Loggerhead Sea Turtle,Northwest Atlantic Ocean DPS,Winter habitat,0,0,1,0,Water depths between 20 and 100 m,Water depths between 20 and 100 m,1,0,0,0,0,0,0,0,0,0,0,1,0,0,0,0,0,0,0,0,0,0,0,0,0,0
310,Loggerhead Sea Turtle,Northwest Atlantic Ocean DPS,Breeding habitat,0,0,1,0,High densities of reproductive male and female loggerheads,High densities of reproductive male and female loggerheads,1,0,0,0,0,0,0,0,0,0,0,0,0,0,0,0,0,0,0,0,0,0,0,0,0,1
311,Loggerhead Sea Turtle,Northwest Atlantic Ocean DPS,Breeding habitat,0,0,1,0,Proximity to primary Florida migratory corridor,Proximity to primary Florida migratory corridor,1,0,0,0,0,0,0,0,0,0,0,0,0,0,0,0,0,0,0,0,0,0,0,0,0,1
312,Loggerhead Sea Turtle,Northwest Atlantic Ocean DPS,Breeding habitat,0,0,1,0,Proximity to Florida nesting grounds,Proximity to Florida nesting grounds,1,0,0,0,0,0,0,0,0,0,0,0,0,0,0,0,0,0,0,0,0,0,0,0,0,1
313,Loggerhead Sea Turtle,Northwest Atlantic Ocean DPS,Constricted migratory habitat,0,0,1,0,Constricted continental shelf area relative to nearby continental shelf waters that concentrate migratory pathways,Constricted continental shelf area relative to nearby continental shelf waters that concentrate migratory pathways,1,0,0,0,0,0,0,0,0,0,0,0,0,0,0,0,0,0,0,0,0,0,0,0,0,1
314,Loggerhead Sea Turtle,Northwest Atlantic Ocean DPS,Constricted migratory habitat,0,0,1,0,"Passage conditions to allow for migration to and from nesting, breeding, and/or foraging areas",Passage conditions,1,0,0,0,0,0,0,0,0,1,0,0,0,0,0,0,0,0,0,0,0,0,0,0,0,0
315,Loggerhead Sea Turtle,Northwest Atlantic Ocean DPS,Sargassum habitat,0,0,1,0,"Convergence zones, surface-water downwelling areas, the margins of major boundary currents (Gulf Stream), and other locations where there are concentrated components of the Sargassum community in water temperatures suitable for the optimal growth of Sargassum and inhabitance of loggerheads","Convergence zones, surface-water downwelling areas, the margins of major boundary currents, and other locations where there are concentrated components of the Sargassum community in suitable water temperatures",1,0,1,0,0,0,0,0,0,0,0,0,0,1,1,0,0,0,0,0,0,0,0,0,0,0
316,Loggerhead Sea Turtle,Northwest Atlantic Ocean DPS,Sargassum habitat,0,0,1,0,Sargassum in concentrations that support adequate prey abundance and cover,Sargassum in concentrations that support adequate prey abundance and cover,1,0,0,1,0,0,0,0,0,0,1,0,0,0,0,0,0,0,0,0,0,0,1,0,0,0
317,Loggerhead Sea Turtle,Northwest Atlantic Ocean DPS,Sargassum habitat,0,0,1,0,"Available prey and other material associated with Sargassum habitat including, but not limited to, plants and cyanobacteria and animals native to the Sargassum community such as hydroids and copepods",Available prey and other material associated with Sargassum habitat,1,0,0,1,0,0,0,0,0,0,0,0,0,0,0,0,0,0,0,0,0,0,1,0,1,0
318,Loggerhead Sea Turtle,Northwest Atlantic Ocean DPS,Sargassum habitat,0,0,1,0,"Sufficient water depth and proximity to available currents to ensure offshore transport (out of the surf zone), and foraging and cover requirements by Sargassum for post-hatchling loggerheads, i.e., >10 m depth",Sufficient water depth and proximity to available currents,1,0,1,1,0,0,0,0,0,0,1,1,0,0,0,0,0,0,0,0,0,0,1,0,0,0
319,Bocaccio,Puget Sound/Georgia Basin DPS,Adult bocaccio,0,1,1,0,Benthic habitats or sites deeper than 30 m (98ft) that possess or are adjacent to areas of complex bathymetry consisting of rock and or highly rugose habitat,Benthic habitats deeper than 30 m (98ft) with complex bathymetry consisting of rock and or highly rugose habitat,0,0,0,0,1,1,1,0,0,0,0,1,0,0,0,0,0,0,0,0,0,0,0,0,0,0
320,Bocaccio,Puget Sound/Georgia Basin DPS,Adult bocaccio,0,1,1,0,"Quantity, quality, and availability of prey species to support individual growth, survival, reproduction, and feeding opportunities","Quantity, quality, and availability of prey species to support individual growth, survival, reproduction, and feeding opportunities",0,0,0,1,0,0,0,0,0,0,0,0,0,0,0,0,0,0,0,0,0,0,0,0,0,0
321,Bocaccio,Puget Sound/Georgia Basin DPS,Adult bocaccio,0,1,1,0,"Water quality and sufficient levels of dissolved oxygen to support growth, survival, reproduction, and feeding opportunities","Water quality and sufficient levels of dissolved oxygen to support growth, survival, reproduction, and feeding opportunities",0,0,0,0,0,0,0,0,1,0,0,0,0,1,0,0,1,0,0,0,0,0,0,0,0,0
322,Bocaccio,Puget Sound/Georgia Basin DPS,Adult bocaccio,0,1,1,0,The type and amount of structure and rugosity that supports feeding opportunities and predator avoidance,The type and amount of structure and rugosity that supports feeding opportunities and predator avoidance,0,0,0,0,1,0,1,0,0,0,1,0,0,0,0,0,0,0,0,0,0,0,0,0,0,0
323,Bocaccio,Puget Sound/Georgia Basin DPS,Juvenile bocaccio,0,1,1,0,"Juvenile settlement habitats located in the nearshore with substrates such as sand, rock and/or cobble compositions that also support kelp (families Chordaceae, Alariaceae, Lessoniacea, Costariaceae, and Laminaricea). ",Juvenile settlement habitats in the nearshore with substrates that also support kelp,0,0,0,0,1,1,0,0,0,0,0,0,0,0,0,0,0,0,0,0,0,0,1,0,0,0
324,Bocaccio,Puget Sound/Georgia Basin DPS,Juvenile bocaccio,0,1,1,0,"Quantity, quality, and availability of prey species to support individual growth, survival, reproduction, and feeding opportunities","Quantity, quality, and availability of prey species to support individual growth, survival, reproduction, and feeding opportunities",0,0,0,1,0,0,0,0,0,0,0,0,0,0,0,0,0,0,0,0,0,0,0,0,0,0
325,Bocaccio,Puget Sound/Georgia Basin DPS,Juvenile bocaccio,0,1,1,0,"Water quality and sufficient levels of dissolved oxygen to support growth, survival, reproduction, and feeding opportunities","Water quality and sufficient levels of dissolved oxygen to support growth, survival, reproduction, and feeding opportunities",0,0,0,0,0,0,0,0,1,0,0,0,0,1,0,0,1,0,0,0,0,0,0,0,0,0
326,Yelloweye Rockfish,Puget Sound/Georgia Basin DPS,,0,1,1,0,Benthic habitats or sites deeper than 30 m (98ft) that possess or are adjacent to areas of complex bathymetry consisting of rock and or highly rugose habitat,Benthic habitats deeper than 30 m (98ft) with complex bathymetry consisting of rock and or highly rugose habitat,0,0,0,0,1,1,1,0,0,0,0,1,0,0,0,0,0,0,0,0,0,0,0,0,0,0
327,Yelloweye Rockfish,Puget Sound/Georgia Basin DPS,,0,1,1,0,"Quantity, quality, and availability of prey species to support individual growth, survival, reproduction, and feeding opportunities","Quantity, quality, and availability of prey species",0,0,0,1,0,0,0,0,0,0,0,0,0,0,0,0,0,0,0,0,0,0,0,0,0,0
328,Yelloweye Rockfish,Puget Sound/Georgia Basin DPS,,0,1,1,0,"Water quality and sufficient levels of dissolved oxygen to support growth, survival, reproduction, and feeding opportunities",Water quality and sufficient levels of dissolved oxygen,0,0,0,0,0,0,0,0,1,0,0,0,0,1,0,0,1,0,0,0,0,0,0,0,0,0
329,Yelloweye Rockfish,Puget Sound/Georgia Basin DPS,,0,1,1,0,The type and amount of structure and rugosity that supports feeding opportunities and predator avoidance,Structure and rugosity,0,0,0,0,1,0,1,0,0,0,0,0,0,0,0,0,0,0,0,0,0,0,0,0,0,0
330,Hawaiian Monk Seal,,,0,0,1,1,"Terrestrial areas and adjacent shallow, sheltered aquatic areas with characteristics preferred by monk seals for pupping and nursing","Terrestrial areas and adjacent shallow, sheltered aquatic areas for pupping and nursing",0,0,0,0,0,1,0,1,0,0,1,1,0,1,1,0,0,0,0,0,0,0,1,0,1,0
331,Hawaiian Monk Seal,,,0,0,1,0,Marine areas from 0 to 200 m in depth that support adequate prey quality and quantity for juvenile and adult monk seal foraging,Marine areas from 0 to 200 m in depth that support adequate prey quality and quantity,0,0,0,1,0,0,0,0,0,0,0,1,0,0,0,0,0,0,0,0,0,0,0,0,0,0
332,Hawaiian Monk Seal,,,0,0,1,1,"Significant areas used by monk seals for hauling out, resting, or molting","Significant areas used by monk seals for hauling out, resting, or molting",0,0,0,0,0,1,0,1,0,0,0,0,0,0,0,0,0,0,0,0,0,0,0,0,1,0
333,North Atlantic Right Whale,,Foraging habitat,0,0,1,0,"The physical oceanographic conditions and structures of the Gulf of Maine and Georges Bank region that combine to distribute and aggregate C. finmarchicus for right whale foraging, namely prevailing currents and circulation patterns, bathymetric features (basins, banks, and channels), oceanic fronts, density gradients, and temperature regimes",The physical oceanographic conditions and structures of the Gulf of Maine and Georges Bank region that combine to distribute and aggregate C. finmarchicus,0,0,1,0,0,0,0,0,0,0,0,0,0,1,1,0,0,0,0,0,0,0,0,0,0,0
334,North Atlantic Right Whale,,Foraging habitat,0,0,1,0,"Low flow velocities in Jordan, Wilkinson, and Georges Basins that allow diapausing C. finmarchicus to aggregate passively below the convective layer so that the copepods are retained in the basins","Low flow velocities in Jordan, Wilkinson, and Georges Basins that allow diapausing C. finmarchicus to aggregate",0,0,1,1,0,0,0,0,0,0,0,0,0,0,0,0,0,0,0,0,0,1,0,0,0,0
335,North Atlantic Right Whale,,Foraging habitat,0,0,1,0,Late stage C. finmarchicus in dense aggregations in the Gulf of Maine and Georges Bank region,Late stage C. finmarchicus in dense aggregations in the Gulf of Maine and Georges Bank region,0,0,0,1,0,0,0,0,0,0,0,0,0,0,0,0,0,0,0,0,0,0,0,0,0,0
336,North Atlantic Right Whale,,Foraging habitat,0,0,1,0,Diapausing C. finmarchicus in aggregations in the Gulf of Maine and Georges Bank region,Diapausing C. finmarchicus in aggregations in the Gulf of Maine and Georges Bank region,0,0,0,1,0,0,0,0,0,0,0,0,0,0,0,0,0,0,0,0,0,0,0,0,0,0
337,North Atlantic Right Whale,,Calving habitat,0,0,1,0,Calm sea surface conditions of Force 4 or less on the Beaufort Wind Scale,Calm sea surface conditions of Force 4 or less on the Beaufort Wind Scale,0,0,1,0,0,0,0,0,0,0,0,0,0,0,0,0,0,0,0,0,0,0,0,0,1,0
338,North Atlantic Right Whale,,Calving habitat,0,0,1,0,"Sea surface temperatures from a minimum of 7 °C, and never more than 17 °C",Sea surface temperatures from 7 °C to 17 °C,0,0,0,0,0,0,0,0,0,0,0,0,0,1,1,0,0,0,0,0,0,0,0,0,0,0
339,North Atlantic Right Whale,,Calving habitat,0,0,1,0,"Water depths of 6 to 28 meters, where the sea surface conditions and temperature features simultaneously co-occur over contiguous areas of at least 231 nm2 of ocean waters during the months of November through April","Water depths of 6 to 28 meters, where the sea surface conditions and temperatures simultaneously co-occur over areas of at least 231 nm2 during November through April",0,0,1,0,0,0,0,0,0,0,0,1,0,1,1,0,0,0,0,0,0,0,0,0,1,0
340,Atlantic Sturgeon,Carolina DPS,,1,0,0,0,"Hard bottom substrate (e.g., rock, cobble, gravel, limestone, boulder, etc.) in low salinity waters (i.e., 0.0-0.5 ppt range) for settlement of fertilized eggs and refuge, growth, and development of early life stages",Hard bottom substrate in low salinity waters,0,0,0,0,1,1,0,0,0,0,1,0,0,1,0,1,0,0,1,0,0,0,0,0,0,0
341,Atlantic Sturgeon,Carolina DPS,,1,1,0,0,"Aquatic habitat inclusive of waters with a gradual downstream salinity gradient of 0.5 up to as high as 30 ppt and soft substrate (e.g., sand, mud) between the river mouths and spawning sites for juvenile foraging and physiological development",Aquatic habitat with a gradual downstream salinity gradient of 0.5 up to as high as 30 ppt and soft substrate for juvenile foraging and development,0,0,0,0,1,1,0,0,0,0,0,0,0,1,0,1,0,0,0,0,0,0,0,0,0,0
342,Atlantic Sturgeon,Carolina DPS,,1,1,0,0,"Water of appropriate depth and absent physical barriers to passage (e.g., locks, dams, thermal plumes, turbidity, sound, reservoirs, gear, etc.) between the river mouth and spawning sites necessary to support: (1) Unimpeded movement of adults to and from spawning sites; (2) seasonal and physiologically dependent movement of juvenile Atlantic sturgeon to appropriate salinity zones within the river estuary; and (3) staging, resting, or holding of subadults and spawning condition adults. Water depths in main river channels must also be deep enough (at least 1.2 m) to ensure continuous flow in the main channel at all times when any sturgeon life stage would be in the river",Water of appropriate depth and absent physical barriers to passage between the river mouth and spawning sites,0,0,0,0,0,0,0,1,0,1,0,1,0,1,1,1,0,0,1,0,1,0,0,0,0,0
343,Atlantic Sturgeon,Carolina DPS,,1,1,0,0,"Water quality conditions, especially in the bottom meter of the water column, between the river mouths and spawning sites with temperature and oxygen values that support: (1) Spawning; (2) annual and inter-annual adult, subadult, larval, and juvenile survival; and (3) larval, juvenile, and subadult growth, development, and recruitment. Appropriate temperature and oxygen values will vary interdependently, and depending on salinity in a particular habitat. For example, 6.0 mg/L DO or greater likely supports juvenile rearing habitat, whereas DO less than 5.0 mg/L for longer than 30 days is less likely to support rearing when water temperature is greater than 25 °C. In temperatures greater than 26 °C, DO greater than 4.3 mg/L is needed to protect survival and growth. Temperatures of 13 to 26 °C likely support spawning habitat","Water quality conditions between the river mouths and spawning sites with temperature and oxygen values that support spawning, survival, growth, development, and recruitment",0,0,0,0,0,0,0,0,1,0,0,0,0,1,1,1,1,0,0,0,0,0,0,0,0,0
344,Atlantic Sturgeon,Chesapeake Bay DPS,,1,0,0,0,"Hard bottom substrate (e.g., rock, cobble, gravel, limestone, boulder, etc.) in low salinity waters (i.e., 0.0-0.5 ppt range) for settlement of fertilized eggs, refuge, growth, and development of early life stages",Hard bottom substrate in low salinity waters,0,0,0,0,1,1,0,0,0,0,1,0,0,1,0,1,0,0,1,0,0,0,0,0,0,0
345,Atlantic Sturgeon,Chesapeake Bay DPS,,1,1,0,0,"Aquatic habitat with a gradual downstream salinity gradient of 0.5 up to as high as 30 ppt and soft substrate (e.g., sand, mud) between the river mouth and spawning sites for juvenile foraging and physiological development",Aquatic habitat with a gradual downstream salinity gradient of 0.5 up to as high as 30 ppt and soft substrate for juvenile foraging and development,0,0,0,0,1,1,0,0,0,0,0,0,0,1,0,1,0,0,0,0,0,0,0,0,0,0
346,Atlantic Sturgeon,Chesapeake Bay DPS,,1,1,0,0,"Water of appropriate depth and absent physical barriers to passage (e.g., locks, dams, thermal plumes, turbidity, sound, reservoirs, gear, etc.) between the river mouth and spawning sites necessary to support: Unimpeded movements of adults to and from spawning sites; seasonal and physiologically dependent movement of juvenile Atlantic sturgeon to appropriate salinity zones within the river estuary, and; staging, resting, or holding of subadults or Spawning condition adults. Water depths in main river channels must also be deep enough (e.g., at least 1.2 m) to ensure continuous flow in the main channel at all times when any sturgeon life stage would be in the river",Water of appropriate depth and absent physical barriers to passage between the river mouth and spawning sites,0,0,0,0,0,0,0,1,0,1,0,1,0,1,1,1,0,0,1,0,1,0,0,0,0,0
347,Atlantic Sturgeon,Chesapeake Bay DPS,,1,1,0,0,"Water, between the river mouth and spawning sites, especially in the bottom meter of the water column, with the temperature, salinity, and oxygen values that, combined, support: Spawning; annual and interannual adult, subadult, larval, and juvenile survival; and larval, juvenile, and subadult growth, development, and recruitment (e.g., 13 °C to 26 °C for spawning habitat and no more than 30 °C for juvenile rearing habitat, and 6 mg/L or greater DO for juvenile rearing habitat)","Water, between the river mouth and spawning sites, with the temperature, salinity, and oxygen values that, combined, support spawning, survival, growth, development, and recruitment",0,0,0,0,0,0,0,0,0,0,0,0,0,1,1,1,1,0,0,0,0,0,0,0,0,0
348,Atlantic Sturgeon,Gulf of Maine DPS,,1,0,0,0,"Hard bottom substrate (e.g., rock, cobble, gravel, limestone, boulder, etc.) in low salinity waters (i.e., 0.0-0.5 ppt range) for settlement of fertilized eggs, refuge, growth, and development of early life stages",Hard bottom substrate in low salinity waters,0,0,0,0,1,1,0,0,0,0,1,0,0,1,0,1,0,0,1,0,0,0,0,0,0,0
349,Atlantic Sturgeon,Gulf of Maine DPS,,1,1,0,0,"Aquatic habitat with a gradual downstream salinity gradient of 0.5 up to as high as 30 ppt and soft substrate (e.g., sand, mud) between the river mouth and spawning sites for juvenile foraging and physiological development",Aquatic habitat with a gradual downstream salinity gradient of 0.5 up to as high as 30 ppt and soft substrate for juvenile foraging and development,0,0,0,0,1,1,0,0,0,0,0,0,0,1,0,1,0,0,0,0,0,0,0,0,0,0
350,Atlantic Sturgeon,Gulf of Maine DPS,,1,1,0,0,"Water of appropriate depth and absent physical barriers to passage (e.g., locks, dams, thermal plumes, turbidity, sound, reservoirs, gear, etc.) between the river mouth and spawning sites necessary to support: Unimpeded movements of adults to and from spawning sites; seasonal and physiologically dependent movement of juvenile Atlantic sturgeon to appropriate salinity zones within the river estuary, and; staging, resting, or holding of subadults or Spawning condition adults. Water depths in main river channels must also be deep enough (e.g., at least 1.2 m) to ensure continuous flow in the main channel at all times when any sturgeon life stage would be in the river",Water of appropriate depth and absent physical barriers to passage between the river mouth and spawning sites,0,0,0,0,0,0,0,1,0,1,0,1,0,1,1,1,0,0,1,0,1,0,0,0,0,0
351,Atlantic Sturgeon,Gulf of Maine DPS,,1,1,0,0,"Water, between the river mouth and spawning sites, especially in the bottom meter of the water column, with the temperature, salinity, and oxygen values that, combined, support: Spawning; annual and interannual adult, subadult, larval, and juvenile survival; and larval, juvenile, and subadult growth, development, and recruitment (e.g., 13 °C to 26 °C for spawning habitat and no more than 30 °C for juvenile rearing habitat, and 6 mg/L or greater DO for juvenile rearing habitat)","Water, between the river mouth and spawning sites, with the temperature, salinity, and oxygen values that, combined, support spawning, survival, growth, development, and recruitment",0,0,0,0,0,0,0,0,0,0,0,0,0,1,1,1,1,0,0,0,0,0,0,0,0,0
352,Atlantic Sturgeon,New York Bight DPS,,1,0,0,0,"Hard bottom substrate (e.g., rock, cobble, gravel, limestone, boulder, etc.) in low salinity waters (i.e., 0.0-0.5 ppt range) for settlement of fertilized eggs, refuge, growth, and development of early life stages",Hard bottom substrate in low salinity waters,0,0,0,0,1,1,0,0,0,0,1,0,0,1,0,1,0,0,1,0,0,0,0,0,0,0
353,Atlantic Sturgeon,New York Bight DPS,,1,1,0,0,"Aquatic habitat with a gradual downstream salinity gradient of 0.5 up to as high as 30 ppt and soft substrate (e.g., sand, mud) between the river mouth and spawning sites for juvenile foraging and physiological development",Aquatic habitat with a gradual downstream salinity gradient of 0.5 up to as high as 30 ppt and soft substrate for juvenile foraging and development,0,0,0,0,1,1,0,0,0,0,0,0,0,1,0,1,0,0,0,0,0,0,0,0,0,0
354,Atlantic Sturgeon,New York Bight DPS,,1,1,0,0,"Water of appropriate depth and absent physical barriers to passage (e.g., locks, dams, thermal plumes, turbidity, sound, reservoirs, gear, etc.) between the river mouth and spawning sites necessary to support: Unimpeded movements of adults to and from spawning sites; seasonal and physiologically dependent movement of juvenile Atlantic sturgeon to appropriate salinity zones within the river estuary, and; staging, resting, or holding of subadults or Spawning condition adults. Water depths in main river channels must also be deep enough (e.g., at least 1.2 m) to ensure continuous flow in the main channel at all times when any sturgeon life stage would be in the river",Water of appropriate depth and absent physical barriers to passage between the river mouth and spawning sites,0,0,0,0,0,0,0,1,0,1,0,1,0,1,1,1,0,0,1,0,1,0,0,0,0,0
355,Atlantic Sturgeon,New York Bight DPS,,1,1,0,0,"Water, between the river mouth and spawning sites, especially in the bottom meter of the water column, with the temperature, salinity, and oxygen values that, combined, support: Spawning; annual and interannual adult, subadult, larval, and juvenile survival; and larval, juvenile, and subadult growth, development, and recruitment (e.g., 13 °C to 26 °C for spawning habitat and no more than 30 °C for juvenile rearing habitat, and 6 mg/L or greater DO for juvenile rearing habitat)","Water, between the river mouth and spawning sites, with the temperature, salinity, and oxygen values that, combined, support spawning, survival, growth, development, and recruitment",0,0,0,0,0,0,0,0,0,0,0,0,0,1,1,1,1,0,0,0,0,0,0,0,0,0
356,Atlantic Sturgeon,South Atlantic DPS,,1,0,0,0,"Hard bottom substrate (e.g., rock, cobble, gravel, limestone, boulder, etc.) in low salinity waters (i.e., 0.0-0.5 ppt range) for settlement of fertilized eggs and refuge, growth, and development of early life stages",Hard bottom substrate in low salinity waters,0,0,0,0,1,1,0,0,0,0,1,0,0,1,0,1,0,0,1,0,0,0,0,0,0,0
357,Atlantic Sturgeon,South Atlantic DPS,,1,1,0,0,"Aquatic habitat inclusive of waters with a gradual downstream salinity gradient of 0.5 up to as high as 30 ppt and soft substrate (e.g., sand, mud) between the river mouths and spawning sites for juvenile foraging and physiological development",Aquatic habitat with a gradual downstream salinity gradient of 0.5 up to as high as 30 ppt and soft substrate for juvenile foraging and development,0,0,0,0,1,1,0,0,0,0,0,0,0,1,0,1,0,0,0,0,0,0,0,0,0,0
358,Atlantic Sturgeon,South Atlantic DPS,,1,1,0,0,"Water of appropriate depth and absent physical barriers to passage (e.g., locks, dams, thermal plumes, turbidity, sound, reservoirs, gear, etc.) between the river mouth and spawning sites necessary to support: (1) Unimpeded movement of adults to and from spawning sites; (2) seasonal and physiologically dependent movement of juvenile Atlantic sturgeon to appropriate salinity zones within the river estuary; and (3) staging, resting, or holding of subadults and spawning condition adults. Water depths in main river channels must also be deep enough (at least 1.2 m) to ensure continuous flow in the main channel at all times when any sturgeon life stage would be in the river",Water of appropriate depth and absent physical barriers to passage between the river mouth and spawning sites,0,0,0,0,0,0,0,1,0,1,0,1,0,1,1,1,0,0,1,0,1,0,0,0,0,0
359,Atlantic Sturgeon,South Atlantic DPS,,1,1,0,0,"Water quality conditions, especially in the bottom meter of the water column, between the river mouths and spawning sites with temperature and oxygen values that support: (1) Spawning; (2) annual and inter-annual adult, subadult, larval, and juvenile survival; and (3) larval, juvenile, and subadult growth, development, and recruitment. Appropriate temperature and oxygen values will vary interdependently, and depending on salinity in a particular habitat. For example, 6.0 mg/L DO or greater likely supports juvenile rearing habitat, whereas DO less than 5.0 mg/L for longer than 30 days is less likely to support rearing when water temperature is greater than 25 °C. In temperatures greater than 26 °C, DO greater than 4.3 mg/L is needed to protect survival and growth. Temperatures of 13 to 26 °C likely support spawning habitat","Water quality conditions between the river mouths and spawning sites with temperature and oxygen values that support spawning, survival, growth, development, and recruitment",0,0,0,0,0,0,0,0,1,0,0,0,0,1,1,1,1,0,0,0,0,0,0,0,0,0
360,False Killer Whale,Main Hawaiian Islands Insular DPS,,0,0,1,0,Adequate space for movement and use within shelf and slope habitat,Adequate space for movement and use within shelf and slope habitat,0,0,0,0,0,0,0,0,0,0,0,0,1,0,0,0,0,0,0,0,0,0,0,0,0,0
361,False Killer Whale,Main Hawaiian Islands Insular DPS,,0,0,1,0,"Prey species of sufficient quantity, quality, and availability to support individual growth, reproduction, and development, as well as overall population growth","Prey species of sufficient quantity, quality, and availability",0,0,0,1,0,0,0,0,0,0,0,0,0,0,0,0,0,0,0,0,0,0,0,0,0,0
362,False Killer Whale,Main Hawaiian Islands Insular DPS,,0,0,1,0,Waters free of pollutants of a type and amount harmful to MHI insular false killer whales,Waters free of pollutants,0,0,0,0,0,0,0,0,1,0,0,0,0,1,0,0,0,0,0,0,0,0,0,0,0,0
363,False Killer Whale,Main Hawaiian Islands Insular DPS,,0,0,1,0,Sound levels that would not significantly impair false killer whales' use or occupancy,Sound levels that would not significantly impair false killer whales' use or occupancy,0,0,0,0,0,0,0,1,0,0,0,0,0,0,0,0,0,0,0,0,0,0,0,0,0,0
364,Humpback Whale,Central America DPS,,0,0,1,0,"Prey species, primarily euphausiids (Thysanoessa, Euphausia,Nyctiphanes, and Nematoscelis) and small pelagic schooling fishes, such as Pacific sardine (Sardinops sagax), northern anchovy (Engraulis mordax), and Pacific herring (Clupea pallasii), of sufficient quality, abundance, and accessibility within humpback whale feeding areas to support feeding and population growth",Prey species,0,0,0,1,0,0,0,0,0,0,0,0,0,0,0,0,0,0,0,0,0,0,0,0,0,0
365,Humpback Whale,Mexico DPS,,0,0,1,0,"Prey species, primarily euphausiids (Thysanoessa, Euphausia,Nyctiphanes, and Nematoscelis) and small pelagic schooling fishes, such as Pacific sardine (Sardinops sagax), northern anchovy (Engraulis mordax), Pacific herring (Clupea pallasii), capelin (Mallotus villosus), juvenile walleye pollock (Gadus chalcogrammus), and Pacific sand lance (Ammodytes personatus) of sufficient quality, abundance, and accessibility within humpback whale feeding areas to support feeding and population growth",Prey species,0,0,0,1,0,0,0,0,0,0,0,0,0,0,0,0,0,0,0,0,0,0,0,0,0,0
366,Humpback Whale,Western North Pacific DPS,,0,0,1,0,"Prey species, primarily euphausiids (Thysanoessa and Euphausia) and small pelagic schooling fishes, such as Pacific herring (Clupea pallasii), capelin (Mallotus villosus), juvenile walleye pollock (Gadus chalcogrammus) and Pacific sand lance (Ammodytes personatus) of sufficient quality, abundance, and accessibility within humpback whale feeding areas to support feeding and population growth",Prey species,0,0,0,1,0,0,0,0,0,0,0,0,0,0,0,0,0,0,0,0,0,0,0,0,0,0
367,Killer Whale,Southern Resident DPS,,0,0,1,0,Water quality to support growth and development,Water quality,1,0,0,0,0,0,0,0,1,0,0,0,0,1,0,0,0,0,0,0,0,0,0,0,0,0
368,Killer Whale,Southern Resident DPS,,1,1,1,0,"Prey species of sufficient quantity, quality, and availability to support individual growth, reproduction, and development, as well as overall population growth",Prey species,1,0,0,1,0,0,0,0,0,0,0,0,0,0,0,0,0,0,0,0,0,0,0,0,0,0
369,Killer Whale,Southern Resident DPS,,0,0,1,0,"Passage conditions to allow for migration, resting, and foraging",Passage conditions,1,0,0,0,0,0,0,0,0,1,0,0,0,0,0,0,0,0,0,0,0,0,0,0,0,0
370,Bearded Seal,Beringia DPS,,0,0,1,0,"Sea ice habitat suitable for whelping and nursing, which is defined as areas with waters 200 m or less in depth containing pack ice of at least 25 percent concentration and providing bearded seals access to those waters from the ice",Sea ice habitat suitable for whelping and nursing,0,0,0,0,0,0,0,0,0,1,0,1,0,1,1,0,0,0,0,0,0,0,0,0,1,0
371,Bearded Seal,Beringia DPS,,0,0,1,0,"Sea ice habitat suitable as a platform for molting, which is defined as areas with waters 200 m or less in depth containing pack ice of at least 15 percent concentration and providing bearded seals access to those waters from the ice",Sea ice habitat suitable as a platform for molting,0,0,0,0,0,0,0,0,0,1,0,1,0,1,1,0,0,0,0,0,0,0,0,0,1,0
372,Bearded Seal,Beringia DPS,,0,0,1,0,"Primary prey resources to support bearded seals: Waters 200 m or less in depth containing benthic organisms, including epifaunal and infaunal invertebrates, and demersal fishes",Primary prey resources,0,0,0,1,1,0,0,0,0,0,0,1,0,0,0,0,0,0,0,0,0,0,0,0,0,0
373,Ringed Seal,Arctic subspecies,,0,0,1,1,"Snow-covered sea ice habitat suitable for the formation and maintenance of subnivean birth lairs used for sheltering pups during whelping and nursing, which is defined as waters 3 m or more in depth (relative to MLLW) containing areas of seasonal landfast (shorefast) ice or dense, stable pack ice, that have undergone deformation and contain snowdrifts of sufficient depth to form and maintain birth lairs (typically at least 54 cm deep)",Snow-covered sea ice habitat suitable for the formation and maintenance of subnivean birth lairs,0,0,0,0,0,0,0,0,0,0,1,1,0,1,1,0,0,0,0,0,0,0,0,0,1,0
374,Ringed Seal,Arctic subspecies,,0,0,1,0,"Sea ice habitat suitable as a platform for basking and molting, which is defined as areas containing sea ice of 15 percent or more concentration in waters 3 m or more in depth (relative to MLLW)",Sea ice habitat suitable as a platform for basking and molting,0,0,0,0,0,0,0,0,0,0,0,1,0,1,1,0,0,0,0,0,0,0,0,0,1,0
375,Ringed Seal,Arctic subspecies,,0,0,1,0,"Primary prey resources to support Arctic ringed seals, which are defined to be small, often schooling, fishes, in particular Arctic cod, saffron cod, and rainbow smelt; and small crustaceans, in particular, shrimps and amphipods",Primary prey resources,0,0,0,1,0,0,0,0,0,0,0,0,0,0,0,0,0,0,0,0,0,0,0,0,0,0
376,Green Sea Turtle,Central North Pacific DPS,,0,0,1,0,"Reproductive essential feature: From the mean high water line to 20 m depth, sufficiently dark and unobstructed nearshore waters adjacent to nesting beaches, to allow for the transit, mating, and internesting of reproductive individuals and the transit of post-hatchlings","Reproductive essential feature: From the mean high water line to 20 m depth, sufficiently dark and unobstructed nearshore waters adjacent to nesting beaches",0,0,0,0,0,0,0,0,0,1,0,0,0,0,0,0,0,0,0,0,0,0,0,1,0,0
377,Green Sea Turtle,Central North Pacific DPS,,0,0,1,0,"Benthic foraging/resting essential features: From the mean high water line to 20 m depth, underwater refugia and food resources (i.e., seagrasses, macroalgae, and/or invertebrates) of sufficient condition, distribution, diversity, abundance, and density necessary to support survival, development, growth, and/or reproduction","Benthic foraging/resting essential features: From the mean high water line to 20 m depth, underwater refugia and food resources",0,0,0,1,1,0,0,0,0,0,1,0,0,0,0,0,0,0,0,0,0,0,1,0,0,0
378,Green Sea Turtle,Central South Pacific DPS,,0,0,1,0,"Reproductive essential feature: From the mean high water line to 20 m depth, sufficiently dark and unobstructed nearshore waters adjacent to nesting beaches, to allow for the transit, mating, and internesting of reproductive individuals and the transit of post-hatchlings","Reproductive essential feature: From the mean high water line to 20 m depth, sufficiently dark and unobstructed nearshore waters adjacent to nesting beaches",0,0,0,0,0,0,0,0,0,1,0,0,0,0,0,0,0,0,0,0,0,0,0,1,0,0
379,Green Sea Turtle,Central South Pacific DPS,,0,0,1,0,"Benthic foraging/resting essential features: From the mean high water line to 20 m depth, underwater refugia and food resources (i.e., seagrasses, macroalgae, and/or invertebrates) of sufficient condition, distribution, diversity, abundance, and density necessary to support survival, development, growth, and/or reproduction","Benthic foraging/resting essential features: From the mean high water line to 20 m depth, underwater refugia and food resources",0,0,0,1,1,0,0,0,0,0,1,0,0,0,0,0,0,0,0,0,0,0,1,0,0,0
380,Green Sea Turtle,Central West Pacific DPS,,0,0,1,0,"Reproductive essential feature: From the mean high water line to 20 m depth, sufficiently dark and unobstructed nearshore waters adjacent to nesting beaches, to allow for the transit, mating, and internesting of reproductive individuals and the transit of post-hatchlings","Reproductive essential feature: From the mean high water line to 20 m depth, sufficiently dark and unobstructed nearshore waters adjacent to nesting beaches",0,0,0,0,0,0,0,0,0,1,0,0,0,0,0,0,0,0,0,0,0,0,0,1,0,0
381,Green Sea Turtle,Central West Pacific DPS,,0,0,1,0,"Benthic foraging/resting essential features: From the mean high water line to 20 m depth, underwater refugia and food resources (i.e., seagrasses, macroalgae, and/or invertebrates) of sufficient condition, distribution, diversity, abundance, and density necessary to support survival, development, growth, and/or reproduction","Benthic foraging/resting essential features: From the mean high water line to 20 m depth, underwater refugia and food resources",0,0,0,1,1,0,0,0,0,0,1,0,0,0,0,0,0,0,0,0,0,0,1,0,0,0
382,Green Sea Turtle,East Pacific DPS,,0,0,1,0,"Migratory essential feature: From the mean high water line to 10 km offshore, sufficiently unobstructed corridors that allow for unrestricted transit between foraging and nesting areas for reproductive individuals","Migratory essential feature: From the mean high water line to 10 km offshore, sufficiently unobstructed corridors",0,0,0,0,0,0,0,0,0,1,0,0,0,0,0,0,0,0,0,0,0,0,0,0,0,0
383,Green Sea Turtle,East Pacific DPS,,0,0,1,0,"Benthic foraging/resting essential features: From the mean high water line to 20 m depth, underwater refugia and food resources (i.e., seagrasses, macroalgae, and/or invertebrates) of sufficient condition, distribution, diversity, abundance, and density necessary to support survival, development, growth, and/or reproduction","Benthic foraging/resting essential features: From the mean high water line to 20 m depth, underwater refugia and food resources",0,0,0,1,1,0,0,0,0,0,1,0,0,0,0,0,0,0,0,0,0,0,1,0,0,0
384,Green Sea Turtle,North Atlantic DPS,,0,0,1,0,"Reproductive essential feature: From the mean high water line to 20 m depth, sufficiently dark and unobstructed nearshore waters adjacent to nesting beaches proposed as critical habitat by USFWS, to allow for the transit, mating, and internesting of reproductive individuals and the transit of post-hatchlings. ","Reproductive essential feature: From the mean high water line to 20 m depth, sufficiently dark and unobstructed nearshore waters adjacent to nesting beaches",0,0,0,0,0,0,0,0,0,1,0,0,0,0,0,0,0,0,0,0,0,0,0,1,0,0
385,Green Sea Turtle,North Atlantic DPS,,0,0,1,0,"Migratory essential feature: From the mean high water line to 20 m depth, sufficiently unobstructed corridors that allow for unrestricted transit between foraging and nesting areas for reproductive individuals","Migratory essential feature: From the mean high water line to 20 m depth, sufficiently unobstructed corridors",0,0,0,0,0,0,0,0,0,1,0,0,0,0,0,0,0,0,0,0,0,0,0,0,0,0
386,Green Sea Turtle,North Atlantic DPS,,0,0,1,0,"Benthic foraging/resting essential features: From the mean high water line to 20 m depth, underwater refugia and food resources (i.e., seagrasses, macroalgae, and/or invertebrates) of sufficient condition, distribution, diversity, abundance, and density necessary to support survival, development, growth, and/or reproduction","Benthic foraging/resting essential features: From the mean high water line to 20 m depth, underwater refugia and food resources",0,0,0,1,1,0,0,0,0,0,1,0,0,0,0,0,0,0,0,0,0,0,1,0,0,0
387,Green Sea Turtle,North Atlantic DPS,,0,0,1,0,"Surface-pelagic foraging/resting essential features: Convergence zones, frontal zones, surface-water downwelling areas, the margins of major boundary currents, and other areas that result in concentrated components of the Sargassum-dominated drift community, as well as the currents which carry turtles to Sargassum-dominated drift communities, which provide sufficient food resources and refugia to support the survival, growth, and development of post-hatchlings and surface-pelagic juveniles, and which are located in sufficient water depth (at least 10 m) to ensure offshore transport via ocean currents to areas which meet forage and refugia requirements","Surface-pelagic foraging/resting essential features: Convergence zones, frontal zones, surface-water downwelling areas, the margins of major boundary currents, and other areas that result in concentrated components of the Sargassum-dominated drift community, as well as the currents which carry turtles to Sargassum-dominated drift communities, which provide sufficient food resources and refugia, and which are located in sufficient water depth (at least 10 m)",0,0,1,1,0,0,0,0,0,0,1,1,0,0,0,0,0,0,0,0,0,0,1,0,0,0
388,Green Sea Turtle,South Atlantic DPS,,0,0,1,0,"Reproductive essential feature: From the mean high water line to 20 m depth, sufficiently dark and unobstructed nearshore waters adjacent to nesting beaches, to allow for the transit, mating, and internesting of reproductive individuals and the transit of post-hatchlings","Reproductive essential feature: From the mean high water line to 20 m depth, sufficiently dark and unobstructed nearshore waters adjacent to nesting beaches",0,0,0,0,0,0,0,0,0,1,0,0,0,0,0,0,0,0,0,0,0,0,0,1,0,0
389,Green Sea Turtle,South Atlantic DPS,,0,0,1,0,"Benthic foraging/resting essential features: From the mean high water line to 20 m depth, underwater refugia and food resources (i.e., seagrasses, macroalgae, and/or invertebrates) of sufficient condition, distribution, diversity, abundance, and density necessary to support survival, development, growth, and/or reproduction","Benthic foraging/resting essential features: From the mean high water line to 20 m depth, underwater refugia and food resources",0,0,0,1,1,0,0,0,0,0,1,0,0,0,0,0,0,0,0,0,0,0,1,0,0,0
390,Rice's Whale,,,0,0,1,0,"Sufficient density, quality, abundance, and accessibility of small demersal and vertically migrating prey species, including scombriformes, stomiiformes, myctophiformes, and myopsida","Sufficient density, quality, abundance, and accessibility of small demersal and vertically migrating prey species",0,0,0,1,1,0,0,0,0,0,0,0,0,0,0,0,0,0,0,0,0,0,0,0,0,0
391,Rice's Whale,,,0,0,1,0,"Marine water with (i) elevated productivity, (ii) bottom temperatures of 10-19 degrees Celsius, and (iii) levels of pollutants that do not preclude or inhibit any demographic function","Marine water with (i) elevated productivity, (ii) bottom temperatures of 10-19 degrees Celsius, and (iii) levels of pollutants that do not preclude or inhibit any demographic function",0,0,0,0,0,0,0,0,1,0,0,0,0,1,1,0,0,1,0,0,0,0,0,0,0,0
392,Rice's Whale,,,0,0,1,0,"Sufficiently quiet conditions for normal use and occupancy, including intraspecific communication, navigation, and detection of prey, predators, and other threats",Sufficiently quiet conditions,0,0,0,0,0,0,0,1,0,0,0,0,0,0,0,0,0,0,0,0,0,0,0,0,0,0
393,Boulder Star Coral,,,0,0,1,0,"Sites that support the normal function of all life stages of the corals, including reproduction, recruitment, and maturation. These sites are natural, consolidated hard substrate or dead coral skeleton free of algae and sediment at the appropriate scale at the point of larval settlement or fragment reattachment, and the associated water column","Sites that support the normal function of all life stages of the corals, including reproduction, recruitment, and maturation",0,0,0,0,1,1,0,0,1,0,0,0,0,1,1,1,1,1,1,1,0,0,1,0,0,0
394,Boulder Star Coral,,,0,0,1,0,"Substrate with presence of crevices and holes that provide cryptic habitat, the presence of microbial biofilms, or presence of crustose coralline algae","Substrate with crevices and holes, microbial biofilms, or crustose coralline algae",0,0,0,0,1,1,1,0,0,0,0,0,0,0,0,0,0,0,1,0,0,0,1,0,0,0
395,Boulder Star Coral,,,0,0,1,0,Reefscape (all the visible features of an area of reef) with no more than a thin veneer of sediment and low occupancy by fleshy and turf macroalgae,Reefscape with no more than a thin veneer of sediment and low occupancy by fleshy and turf macroalgae,0,0,0,0,1,1,0,0,0,0,0,0,0,0,0,0,0,0,1,0,0,0,1,0,0,0
396,Boulder Star Coral,,,0,0,1,0,"Marine water with levels of temperature, aragonite saturation, nutrients, and water clarity that have been observed to support any demographic function","Marine water with levels of temperature, aragonite saturation, nutrients, and water clarity to support demographic function",0,0,0,0,0,0,0,0,0,0,0,0,0,1,1,0,0,1,1,1,0,0,0,0,0,0
397,Boulder Star Coral,,,0,0,1,0,Marine water with levels of anthropogenically-introduced (from humans) chemical contaminants that do not preclude or inhibit any demographic function,Marine water with levels of chemical contaminants that do not inhibit any demographic function,0,0,0,0,0,0,0,0,1,0,0,0,0,1,0,0,0,0,0,0,0,0,0,0,0,0
398,Lobed Star Coral,,,0,0,1,0,"Sites that support the normal function of all life stages of the corals, including reproduction, recruitment, and maturation. These sites are natural, consolidated hard substrate or dead coral skeleton free of algae and sediment at the appropriate scale at the point of larval settlement or fragment reattachment, and the associated water column","Sites that support the normal function of all life stages of the corals, including reproduction, recruitment, and maturation",0,0,0,0,1,1,0,0,1,0,0,0,0,1,1,1,1,1,1,1,0,0,1,0,0,0
399,Lobed Star Coral,,,0,0,1,0,"Substrate with presence of crevices and holes that provide cryptic habitat, the presence of microbial biofilms, or presence of crustose coralline algae","Substrate with crevices and holes, microbial biofilms, or crustose coralline algae",0,0,0,0,1,1,1,0,0,0,0,0,0,0,0,0,0,0,1,0,0,0,1,0,0,0
400,Lobed Star Coral,,,0,0,1,0,Reefscape (all the visible features of an area of reef) with no more than a thin veneer of sediment and low occupancy by fleshy and turf macroalgae,Reefscape with no more than a thin veneer of sediment and low occupancy by fleshy and turf macroalgae,0,0,0,0,1,1,0,0,0,0,0,0,0,0,0,0,0,0,1,0,0,0,1,0,0,0
401,Lobed Star Coral,,,0,0,1,0,"Marine water with levels of temperature, aragonite saturation, nutrients, and water clarity that have been observed to support any demographic function","Marine water with levels of temperature, aragonite saturation, nutrients, and water clarity to support demographic function",0,0,0,0,0,0,0,0,0,0,0,0,0,1,1,0,0,1,1,1,0,0,0,0,0,0
402,Lobed Star Coral,,,0,0,1,0,Marine water with levels of anthropogenically-introduced (from humans) chemical contaminants that do not preclude or inhibit any demographic function,Marine water with levels of chemical contaminants that do not inhibit any demographic function,0,0,0,0,0,0,0,0,1,0,0,0,0,1,0,0,0,0,0,0,0,0,0,0,0,0
403,Mountainous Star Coral,,,0,0,1,0,"Sites that support the normal function of all life stages of the corals, including reproduction, recruitment, and maturation. These sites are natural, consolidated hard substrate or dead coral skeleton free of algae and sediment at the appropriate scale at the point of larval settlement or fragment reattachment, and the associated water column","Sites that support the normal function of all life stages of the corals, including reproduction, recruitment, and maturation",0,0,0,0,1,1,0,0,1,0,0,0,0,1,1,1,1,1,1,1,0,0,1,0,0,0
404,Mountainous Star Coral,,,0,0,1,0,"Substrate with presence of crevices and holes that provide cryptic habitat, the presence of microbial biofilms, or presence of crustose coralline algae","Substrate with crevices and holes, microbial biofilms, or crustose coralline algae",0,0,0,0,1,1,1,0,0,0,0,0,0,0,0,0,0,0,1,0,0,0,1,0,0,0
405,Mountainous Star Coral,,,0,0,1,0,Reefscape (all the visible features of an area of reef) with no more than a thin veneer of sediment and low occupancy by fleshy and turf macroalgae,Reefscape with no more than a thin veneer of sediment and low occupancy by fleshy and turf macroalgae,0,0,0,0,1,1,0,0,0,0,0,0,0,0,0,0,0,0,1,0,0,0,1,0,0,0
406,Mountainous Star Coral,,,0,0,1,0,"Marine water with levels of temperature, aragonite saturation, nutrients, and water clarity that have been observed to support any demographic function","Marine water with levels of temperature, aragonite saturation, nutrients, and water clarity to support demographic function",0,0,0,0,0,0,0,0,0,0,0,0,0,1,1,0,0,1,1,1,0,0,0,0,0,0
407,Mountainous Star Coral,,,0,0,1,0,Marine water with levels of anthropogenically-introduced (from humans) chemical contaminants that do not preclude or inhibit any demographic function,Marine water with levels of chemical contaminants that do not inhibit any demographic function,0,0,0,0,0,0,0,0,1,0,0,0,0,1,0,0,0,0,0,0,0,0,0,0,0,0
408,Pillar Coral,,,0,0,1,0,"Sites that support the normal function of all life stages of the corals, including reproduction, recruitment, and maturation. These sites are natural, consolidated hard substrate or dead coral skeleton free of algae and sediment at the appropriate scale at the point of larval settlement or fragment reattachment, and the associated water column","Sites that support the normal function of all life stages of the corals, including reproduction, recruitment, and maturation",0,0,0,0,1,1,0,0,1,0,0,0,0,1,1,1,1,1,1,1,0,0,1,0,0,0
409,Pillar Coral,,,0,0,1,0,"Substrate with presence of crevices and holes that provide cryptic habitat, the presence of microbial biofilms, or presence of crustose coralline algae","Substrate with crevices and holes, microbial biofilms, or crustose coralline algae",0,0,0,0,1,1,1,0,0,0,0,0,0,0,0,0,0,0,1,0,0,0,1,0,0,0
410,Pillar Coral,,,0,0,1,0,Reefscape (all the visible features of an area of reef) with no more than a thin veneer of sediment and low occupancy by fleshy and turf macroalgae,Reefscape with no more than a thin veneer of sediment and low occupancy by fleshy and turf macroalgae,0,0,0,0,1,1,0,0,0,0,0,0,0,0,0,0,0,0,1,0,0,0,1,0,0,0
411,Pillar Coral,,,0,0,1,0,"Marine water with levels of temperature, aragonite saturation, nutrients, and water clarity that have been observed to support any demographic function","Marine water with levels of temperature, aragonite saturation, nutrients, and water clarity to support demographic function",0,0,0,0,0,0,0,0,0,0,0,0,0,1,1,0,0,1,1,1,0,0,0,0,0,0
412,Pillar Coral,,,0,0,1,0,Marine water with levels of anthropogenically-introduced (from humans) chemical contaminants that do not preclude or inhibit any demographic function,Marine water with levels of chemical contaminants that do not inhibit any demographic function,0,0,0,0,0,0,0,0,1,0,0,0,0,1,0,0,0,0,0,0,0,0,0,0,0,0
413,Rough Cactus Coral,,,0,0,1,0,"Sites that support the normal function of all life stages of the corals, including reproduction, recruitment, and maturation. These sites are natural, consolidated hard substrate or dead coral skeleton free of algae and sediment at the appropriate scale at the point of larval settlement or fragment reattachment, and the associated water column","Sites that support the normal function of all life stages of the corals, including reproduction, recruitment, and maturation",0,0,0,0,1,1,0,0,1,0,0,0,0,1,1,1,1,1,1,1,0,0,1,0,0,0
414,Rough Cactus Coral,,,0,0,1,0,"Substrate with presence of crevices and holes that provide cryptic habitat, the presence of microbial biofilms, or presence of crustose coralline algae","Substrate with crevices and holes, microbial biofilms, or crustose coralline algae",0,0,0,0,1,1,1,0,0,0,0,0,0,0,0,0,0,0,1,0,0,0,1,0,0,0
415,Rough Cactus Coral,,,0,0,1,0,Reefscape (all the visible features of an area of reef) with no more than a thin veneer of sediment and low occupancy by fleshy and turf macroalgae,Reefscape with no more than a thin veneer of sediment and low occupancy by fleshy and turf macroalgae,0,0,0,0,1,1,0,0,0,0,0,0,0,0,0,0,0,0,1,0,0,0,1,0,0,0
416,Rough Cactus Coral,,,0,0,1,0,"Marine water with levels of temperature, aragonite saturation, nutrients, and water clarity that have been observed to support any demographic function","Marine water with levels of temperature, aragonite saturation, nutrients, and water clarity to support demographic function",0,0,0,0,0,0,0,0,0,0,0,0,0,1,1,0,0,1,1,1,0,0,0,0,0,0
417,Rough Cactus Coral,,,0,0,1,0,Marine water with levels of anthropogenically-introduced (from humans) chemical contaminants that do not preclude or inhibit any demographic function,Marine water with levels of chemical contaminants that do not inhibit any demographic function,0,0,0,0,0,0,0,0,1,0,0,0,0,1,0,0,0,0,0,0,0,0,0,0,0,0
418,Nassau Grouper,,Recruitment and developmental habitat,0,0,1,0,"Areas from nearshore to offshore necessary for recruitment, development, and growth of Nassau grouper containing a variety of benthic types that provide cover from predators and habitat for prey",Recruitment and developmental habitat,0,0,0,0,1,0,1,0,0,0,1,0,0,0,0,0,0,0,0,0,0,0,1,0,0,0
419,Nassau Grouper,,Recruitment and developmental habitat,0,0,1,0,"Nearshore shallow subtidal marine nursery areas with substrate that consists of unconsolidated calcareous medium to very coarse sediments (>= 0.5 mm grain size, as per Wentworth 1922) and shell and coral fragments and may also include cobble, boulders, whole corals and shells, or rubble mounds, to support larval settlement and provide shelter from predators during growth and habitat for prey",Nearshore shallow subtidal marine nursery areas with substrate that consists of unconsolidated calcareous medium to very coarse sediments and shell and coral fragments,0,0,0,0,1,1,1,0,0,0,1,0,0,0,0,0,0,0,1,0,0,0,0,0,0,0
420,Nassau Grouper,,Recruitment and developmental habitat,0,0,1,0,"Intermediate hardbottom and seagrass areas in close proximity to the nearshore shallow subtidal marine nursery areas that provide refuge and prey resources for juvenile fish. The areas include seagrass interspersed with areas of rubble, boulders, shell fragments, or other forms of cover; inshore patch and fore reefs that provide crevices and holes; or substrates interspersed with scattered sponges, octocorals, rock and macroalgal patches, or stony corals",Intermediate hardbottom and seagrass areas in close proximity to the nearshore shallow subtidal marine nursery areas,0,0,0,0,1,1,1,0,0,0,1,0,0,0,0,0,0,0,1,0,0,0,1,0,1,0
421,Nassau Grouper,,Recruitment and developmental habitat,0,0,1,0,"Offshore linear and patch reefs in close proximity to intermediate hardbottom and seagrass areas that contain multiple benthic types; for example: coral reef, colonized hardbottom, sponge habitat, coral rubble, rocky outcrops, or ledges, to provide shelter from predation during maturation and habitat for prey",Offshore linear and patch reefs in close proximity to intermediate hardbottom and seagrass areas that contain multiple benthic types,0,0,0,0,1,1,1,0,0,0,1,0,0,0,0,0,0,0,1,0,0,0,1,0,0,0
422,Nassau Grouper,,Recruitment and developmental habitat,0,0,1,0,"Structures between the subtidal nearshore area and the intermediate hardbottom and seagrass area and the offshore reef area including overhangs, crevices, depressions, blowout ledges, holes, and other types of formations of varying sizes and complexity to support juveniles and adults as movement corridors that include temporary refuge that reduces predation risk as Nassau grouper move from nearshore to offshore habitats","Structures between the nearshore area and the offshore reef area (e.g., overhangs, crevices, depressions) of varying sizes and complexity to support movement corridors that include temporary refuge",0,0,0,0,1,0,1,0,0,1,1,0,0,0,0,0,0,0,1,0,0,0,0,0,0,0
423,Nassau Grouper,,,0,0,1,0,Spawning Habitat. Marine sites used for spawning and adjacent waters that support movement and staging associated with spawning,Spawning Habitat,0,0,0,0,1,0,1,1,1,1,0,0,0,1,1,0,0,0,0,0,0,0,0,0,1,0
424,Acropora Globiceps Coral,,,0,0,1,0,"Sites that support the normal function of all life stages of the corals, including reproduction, recruitment, and maturation. These sites are natural, consolidated hard substrate or dead coral skeleton free of algae and sediment at the appropriate scale at the point of larval settlement or fragment reattachment, and the associated water column","Sites that support the normal function of all life stages of the corals, including reproduction, recruitment, and maturation",0,0,0,0,1,1,0,0,1,0,0,0,0,1,1,1,1,1,1,1,0,0,1,0,0,0
425,Acropora Globiceps Coral,,,0,0,1,0,"Substrate with presence of crevices and holes that provide cryptic habitat, the presence of microbial biofilms, or presence of crustose coralline algae","Substrate with crevices and holes, microbial biofilms, or crustose coralline algae",0,0,0,0,1,1,1,0,0,0,0,0,0,0,0,0,0,0,1,0,0,0,1,0,0,0
426,Acropora Globiceps Coral,,,0,0,1,0,Reefscape (all the visible features of an area of reef) with no more than a thin veneer of sediment and low occupancy by fleshy and turf macroalgae,Reefscape with no more than a thin veneer of sediment and low occupancy by fleshy and turf macroalgae,0,0,0,0,1,1,0,0,0,0,0,0,0,0,0,0,0,0,1,0,0,0,1,0,0,0
427,Acropora Globiceps Coral,,,0,0,1,0,"Marine water with levels of temperature, aragonite saturation, nutrients, and water clarity that have been observed to support any demographic function","Marine water with levels of temperature, aragonite saturation, nutrients, and water clarity to support demographic function",0,0,0,0,0,0,0,0,0,0,0,0,0,1,1,0,0,1,1,1,0,0,0,0,0,0
428,Acropora Globiceps Coral,,,0,0,1,0,Marine water with levels of anthropogenically-introduced (from humans) chemical contaminants that do not preclude or inhibit any demographic function,Marine water with levels of chemical contaminants that do not inhibit any demographic function,0,0,0,0,0,0,0,0,1,0,0,0,0,1,0,0,0,0,0,0,0,0,0,0,0,0
429,Acropora Retusa Coral,,,0,0,1,0,"Sites that support the normal function of all life stages of the corals, including reproduction, recruitment, and maturation. These sites are natural, consolidated hard substrate or dead coral skeleton free of algae and sediment at the appropriate scale at the point of larval settlement or fragment reattachment, and the associated water column","Sites that support the normal function of all life stages of the corals, including reproduction, recruitment, and maturation",0,0,0,0,1,1,0,0,1,0,0,0,0,1,1,1,1,1,1,1,0,0,1,0,0,0
430,Acropora Retusa Coral,,,0,0,1,0,"Substrate with presence of crevices and holes that provide cryptic habitat, the presence of microbial biofilms, or presence of crustose coralline algae","Substrate with crevices and holes, microbial biofilms, or crustose coralline algae",0,0,0,0,1,1,1,0,0,0,0,0,0,0,0,0,0,0,1,0,0,0,1,0,0,0
431,Acropora Retusa Coral,,,0,0,1,0,Reefscape (all the visible features of an area of reef) with no more than a thin veneer of sediment and low occupancy by fleshy and turf macroalgae,Reefscape with no more than a thin veneer of sediment and low occupancy by fleshy and turf macroalgae,0,0,0,0,1,1,0,0,0,0,0,0,0,0,0,0,0,0,1,0,0,0,1,0,0,0
432,Acropora Retusa Coral,,,0,0,1,0,"Marine water with levels of temperature, aragonite saturation, nutrients, and water clarity that have been observed to support any demographic function","Marine water with levels of temperature, aragonite saturation, nutrients, and water clarity to support demographic function",0,0,0,0,0,0,0,0,0,0,0,0,0,1,1,0,0,1,1,1,0,0,0,0,0,0
433,Acropora Retusa Coral,,,0,0,1,0,Marine water with levels of anthropogenically-introduced (from humans) chemical contaminants that do not preclude or inhibit any demographic function,Marine water with levels of chemical contaminants that do not inhibit any demographic function,0,0,0,0,0,0,0,0,1,0,0,0,0,1,0,0,0,0,0,0,0,0,0,0,0,0
434,Acropora Speciosa Coral,,,0,0,1,0,"Sites that support the normal function of all life stages of the corals, including reproduction, recruitment, and maturation. These sites are natural, consolidated hard substrate or dead coral skeleton free of algae and sediment at the appropriate scale at the point of larval settlement or fragment reattachment, and the associated water column","Sites that support the normal function of all life stages of the corals, including reproduction, recruitment, and maturation",0,0,0,0,1,1,0,0,1,0,0,0,0,1,1,1,1,1,1,1,0,0,1,0,0,0
435,Acropora Speciosa Coral,,,0,0,1,0,"Substrate with presence of crevices and holes that provide cryptic habitat, the presence of microbial biofilms, or presence of crustose coralline algae","Substrate with crevices and holes, microbial biofilms, or crustose coralline algae",0,0,0,0,1,1,1,0,0,0,0,0,0,0,0,0,0,0,1,0,0,0,1,0,0,0
436,Acropora Speciosa Coral,,,0,0,1,0,Reefscape (all the visible features of an area of reef) with no more than a thin veneer of sediment and low occupancy by fleshy and turf macroalgae,Reefscape with no more than a thin veneer of sediment and low occupancy by fleshy and turf macroalgae,0,0,0,0,1,1,0,0,0,0,0,0,0,0,0,0,0,0,1,0,0,0,1,0,0,0
437,Acropora Speciosa Coral,,,0,0,1,0,"Marine water with levels of temperature, aragonite saturation, nutrients, and water clarity that have been observed to support any demographic function","Marine water with levels of temperature, aragonite saturation, nutrients, and water clarity to support demographic function",0,0,0,0,0,0,0,0,0,0,0,0,0,1,1,0,0,1,1,1,0,0,0,0,0,0
438,Acropora Speciosa Coral,,,0,0,1,0,Marine water with levels of anthropogenically-introduced (from humans) chemical contaminants that do not preclude or inhibit any demographic function,Marine water with levels of chemical contaminants that do not inhibit any demographic function,0,0,0,0,0,0,0,0,1,0,0,0,0,1,0,0,0,0,0,0,0,0,0,0,0,0
439,Fimbriaphyllia Paradivisa Coral,,,0,0,1,0,"Sites that support the normal function of all life stages of the corals, including reproduction, recruitment, and maturation. These sites are natural, consolidated hard substrate or dead coral skeleton free of algae and sediment at the appropriate scale at the point of larval settlement or fragment reattachment, and the associated water column","Sites that support the normal function of all life stages of the corals, including reproduction, recruitment, and maturation",0,0,0,0,1,1,0,0,1,0,0,0,0,1,1,1,1,1,1,1,0,0,1,0,0,0
440,Fimbriaphyllia Paradivisa Coral,,,0,0,1,0,"Substrate with presence of crevices and holes that provide cryptic habitat, the presence of microbial biofilms, or presence of crustose coralline algae","Substrate with crevices and holes, microbial biofilms, or crustose coralline algae",0,0,0,0,1,1,1,0,0,0,0,0,0,0,0,0,0,0,1,0,0,0,1,0,0,0
441,Fimbriaphyllia Paradivisa Coral,,,0,0,1,0,Reefscape (all the visible features of an area of reef) with no more than a thin veneer of sediment and low occupancy by fleshy and turf macroalgae,Reefscape with no more than a thin veneer of sediment and low occupancy by fleshy and turf macroalgae,0,0,0,0,1,1,0,0,0,0,0,0,0,0,0,0,0,0,1,0,0,0,1,0,0,0
442,Fimbriaphyllia Paradivisa Coral,,,0,0,1,0,"Marine water with levels of temperature, aragonite saturation, nutrients, and water clarity that have been observed to support any demographic function","Marine water with levels of temperature, aragonite saturation, nutrients, and water clarity to support demographic function",0,0,0,0,0,0,0,0,0,0,0,0,0,1,1,0,0,1,1,1,0,0,0,0,0,0
443,Fimbriaphyllia Paradivisa Coral,,,0,0,1,0,Marine water with levels of anthropogenically-introduced (from humans) chemical contaminants that do not preclude or inhibit any demographic function,Marine water with levels of chemical contaminants that do not inhibit any demographic function,0,0,0,0,0,0,0,0,1,0,0,0,0,1,0,0,0,0,0,0,0,0,0,0,0,0
444,Isopora Crateriformis Coral,,,0,0,1,0,"Sites that support the normal function of all life stages of the corals, including reproduction, recruitment, and maturation. These sites are natural, consolidated hard substrate or dead coral skeleton free of algae and sediment at the appropriate scale at the point of larval settlement or fragment reattachment, and the associated water column","Sites that support the normal function of all life stages of the corals, including reproduction, recruitment, and maturation",0,0,0,0,1,1,0,0,1,0,0,0,0,1,1,1,1,1,1,1,0,0,1,0,0,0
445,Isopora Crateriformis Coral,,,0,0,1,0,"Substrate with presence of crevices and holes that provide cryptic habitat, the presence of microbial biofilms, or presence of crustose coralline algae","Substrate with crevices and holes, microbial biofilms, or crustose coralline algae",0,0,0,0,1,1,1,0,0,0,0,0,0,0,0,0,0,0,1,0,0,0,1,0,0,0
446,Isopora Crateriformis Coral,,,0,0,1,0,Reefscape (all the visible features of an area of reef) with no more than a thin veneer of sediment and low occupancy by fleshy and turf macroalgae,Reefscape with no more than a thin veneer of sediment and low occupancy by fleshy and turf macroalgae,0,0,0,0,1,1,0,0,0,0,0,0,0,0,0,0,0,0,1,0,0,0,1,0,0,0
447,Isopora Crateriformis Coral,,,0,0,1,0,"Marine water with levels of temperature, aragonite saturation, nutrients, and water clarity that have been observed to support any demographic function","Marine water with levels of temperature, aragonite saturation, nutrients, and water clarity to support demographic function",0,0,0,0,0,0,0,0,0,0,0,0,0,1,1,0,0,1,1,1,0,0,0,0,0,0
448,Isopora Crateriformis Coral,,,0,0,1,0,Marine water with levels of anthropogenically-introduced (from humans) chemical contaminants that do not preclude or inhibit any demographic function,Marine water with levels of chemical contaminants that do not inhibit any demographic function,0,0,0,0,0,0,0,0,1,0,0,0,0,1,0,0,0,0,0,0,0,0,0,0,0,0