Sort#,Species_Name,ESU_DPS,Area_Designated_Yes_No,Location,basin_ocean,States_Territories,PBF_category,PBF,Freshwater,Estuarine,Marine,Land,Whole_CH_overlap,Shp_File,Shp_File_Name,Status,Federal Register Number,FR Date,FR Link,Federal Register Number2,FR Date2,FR Link2,Uses_PCE,Riparian,Oceanography,Food,Benthic,Substrate,Structure,Noise,Contaminants,Passage,Cover,Depth,Space,Water_Quality,Temperature,Salinity,Oxygen,Nutrients_Productivity,Turbidity_Sedimentation,Water_Clarity,Water_Flow,Water_Velocity,Aquatic_Vegetation,Light,OTHER,OTHER_NONE,PBFs_No,Area_Designated,Shorter_PBF
303,Loggerhead Sea Turtle,Northwest Atlantic Ocean DPS,,38 occupied marine areas,Atlantic,"Alabama, Florida, Georgia, Mississippi, North Carolina, South Carolina",Nearshore reproductive habitat,Waters sufficiently free of obstructions or artificial lighting to allow transit through the surf zone and outward toward open water,0,0,1,0,,,,designated,79 FR 39856,7/10/2014,https://www.federalregister.gov/documents/2014/07/10/2014-15748/endangered-and-threatened-species-critical-habitat-for-the-northwest-atlantic-ocean-loggerhead-sea,,,,1,0,0,0,0,0,0,0,0,1,0,0,0,0,0,0,0,0,0,0,0,0,0,1,0,0,17,,Waters sufficiently free of obstructions or artificial lighting
374,Green Sea Turtle,Central North Pacific DPS,,"For the threatened Central North Pacific DPS of green turtles, we propose to designate occupied critical habitat, encompassing 2,623 km2 of nearshore waters from the mean high water line to 20 m depth of the following Hawaiian Islands: Hawai`i, Maui, Kaho`olawe, Lana`i, Moloka`i, O`ahu, Kaua`i, Lalo/French Frigate Shoals, Kamole/Laysan Island, Kapou/Lisianski Island, Manawai/Pearl and Hermes Atoll, Kuaihelani/Midway Atoll, and Hōlanikū/Kure Atoll. These areas include reproductive and benthic foraging/resting essential features. All areas proposed for designation are of high conservation value to the DPS. A total area of 368 km2 is proposed for exclusion because the benefits of exclusion outweigh the benefits of inclusion of these low conservation value areas. The Team found, and we agree, that exclusion of these areas from the critical habitat designation would not result in extinction of this DPS (NMFS 2023a). At this time, we have not received reasonably specific information with which to propose exclusions based on national security impacts. At this time, no areas are ineligible for designation as critical habitat under section 4(a)(3)(B)(i) of the ESA. We have not identified any unoccupied areas that are essential to the conservation of this DPS; thus we are not proposing to designate any unoccupied areas.",Pacific,Hawai'i,,"Reproductive essential feature: From the mean high water line to 20 m depth, sufficiently dark and unobstructed nearshore waters adjacent to nesting beaches, to allow for the transit, mating, and internesting of reproductive individuals and the transit of post-hatchlings",0,0,1,0,,,,proposed,88 FR 46572,7/19/2023,https://www.federalregister.gov/d/2023-14109,,,,0,0,0,0,0,0,0,0,0,1,0,0,0,0,0,0,0,0,0,0,0,0,0,1,0,0,2,,"Reproductive essential feature: From the mean high water line to 20 m depth, sufficiently dark and unobstructed nearshore waters adjacent to nesting beaches"
376,Green Sea Turtle,Central South Pacific DPS,,"For the endangered South Pacific DPS of green turtles, we propose to designate occupied critical habitat, encompassing 106 km2 of nearshore waters in American Samoa (Rose, Tutuila, Ta`ū, Swains, Aunuu Island, and parts of Ofu and Olosega Islands), Baker Island, Howland Island, Jarvis Island, and Palmyra Atoll, from the mean high water line to 20 m depth. Nearshore waters of Palmyra, Rose, Ta`ū, Swains, Aunuu Island, and Ofu and Olosega (an area encompassing Aunuu Island; Matasina, Vaoto, Fatauana, Toaga, Olosega, Faiava-Sili-Lalomoana, Asagatai, Mafafa, and Tuafanua Beaches) contain essential reproductive and benthic foraging/resting features. Nearshore waters of Tutuila, Baker Island, Howland Island, and Jarvis Islands contain benthic foraging/resting essential features. All areas proposed for designation are of high conservation value to the DPS. A total area of 14 km2 is proposed for exclusion (Kingman Reef and two areas on Ofu and Olosega) because the benefits of exclusion outweigh the benefits of inclusion of these low conservation value areas. The Team found, and we agree, that exclusion of these areas from the critical habitat designation would not result in extinction of this DPS (NMFS 2023a). No exclusions are proposed based on national security impacts, and no areas are ineligible for designation as critical habitat under section 4(a)(3)(B)(i) of the ESA. We have not identified any unoccupied areas that are essential to the conservation of this DPS; thus we are not proposing to designate any unoccupied areas.",Pacific,"American Samoa, PRIA",,"Reproductive essential feature: From the mean high water line to 20 m depth, sufficiently dark and unobstructed nearshore waters adjacent to nesting beaches, to allow for the transit, mating, and internesting of reproductive individuals and the transit of post-hatchlings",0,0,1,0,0,,,proposed,88 FR 46572,7/19/2023,https://www.federalregister.gov/d/2023-14109,,,,0,0,0,0,0,0,0,0,0,1,0,0,0,0,0,0,0,0,0,0,0,0,0,1,0,0,2,,"Reproductive essential feature: From the mean high water line to 20 m depth, sufficiently dark and unobstructed nearshore waters adjacent to nesting beaches"
378,Green Sea Turtle,Central West Pacific DPS,,"For the endangered Central West Pacific DPS of green turtles, we propose to designate occupied critical habitat, encompassing 202 km2 of nearshore waters in Guam and CNMI (Saipan, Tinian, Rota, Pagan, Aguijan, Alamagan, Sarigan, and off the nesting beaches at Agrihan), from the mean high water line to 20 m depth. Nearshore waters of Guam, Saipan, Tinian, Rota, Pagan, and Agrihan contain essential reproductive and benthic foraging/resting features. Nearshore waters of Aguijan, Alamagan, and Sarigan contain the foraging/resting essential features. All areas proposed for designation are of high conservation value to the DPS. A total area of 271 km2 is proposed for exclusion because the benefits of exclusion outweigh the benefits of inclusion of these low conservation value areas. The Team found, and we agree, that exclusion of these areas from the critical habitat designation would not result in extinction of this DPS (NMFS 2023a). At this time, we have not received reasonably specific information with which to propose exclusions based on national security impacts. At this time, no areas are ineligible for designation as critical habitat under section 4(a)(3)(B)(i) of the ESA. We have not identified any unoccupied areas that are essential to the conservation of this DPS; thus we are not proposing to designate any unoccupied areas.",Pacific,"Guam, CNMI",,"Reproductive essential feature: From the mean high water line to 20 m depth, sufficiently dark and unobstructed nearshore waters adjacent to nesting beaches, to allow for the transit, mating, and internesting of reproductive individuals and the transit of post-hatchlings",0,0,1,0,,,,proposed,88 FR 46572,7/19/2023,https://www.federalregister.gov/d/2023-14109,,,,0,0,0,0,0,0,0,0,0,1,0,0,0,0,0,0,0,0,0,0,0,0,0,1,0,0,2,,"Reproductive essential feature: From the mean high water line to 20 m depth, sufficiently dark and unobstructed nearshore waters adjacent to nesting beaches"
382,Green Sea Turtle,North Atlantic DPS,,"For the threatened North Atlantic DPS of green turtles, we propose to designate occupied critical habitat, encompassing 1,047,564 km2 of Sargassum habitat and 96,349 km2 of nearshore waters (from the mean high water line to 20 m depth) in Florida, Texas (from the Mexico border to and including Galveston Bay), North Carolina (from the South Carolina border to but not including Albemarle Sound), and Puerto Rico (Culebra Island, Maunabo, Guayama, and northern Puerto Rico Island, southern Mona Island, eastern and southern Vieques Island). Sargassum habitat contains the surface-pelagic foraging/resting essential features. Florida's nearshore waters contain reproductive, migratory, and benthic foraging/resting essential features. Puerto Rico's nearshore waters contain benthic foraging/resting essential features, and nearshore waters off Maunabo, Guayama, southern Mona Island, eastern and southern Vieques Island also contain the reproductive essential feature. All areas proposed for designation are of moderate or high conservation value to the DPS.","Atlantic, Caribbean","Florida, Puerto Rico",,"Reproductive essential feature: From the mean high water line to 20 m depth, sufficiently dark and unobstructed nearshore waters adjacent to nesting beaches proposed as critical habitat by USFWS, to allow for the transit, mating, and internesting of reproductive individuals and the transit of post-hatchlings. ",0,0,1,0,,,,proposed,88 FR 46572,7/19/2023,https://www.federalregister.gov/d/2023-14109,,,,0,0,0,0,0,0,0,0,0,1,0,0,0,0,0,0,0,0,0,0,0,0,0,1,0,0,4,,"Reproductive essential feature: From the mean high water line to 20 m depth, sufficiently dark and unobstructed nearshore waters adjacent to nesting beaches"
386,Green Sea Turtle,South Atlantic DPS,,"For the threatened South Atlantic DPS of green turtles, we propose to designate occupied critical habitat, encompassing 303 km2 of nearshore waters in USVI, from the mean high water line to 20 m depth. St. Croix's nearshore waters contain reproductive and benthic foraging/resting essential features. St. Thomas' and St. John's nearshore waters contain benthic foraging/resting essential features. Each of the specific areas proposed for designation is of moderate or high conservation value to the DPS. Economic impacts do not outweigh the benefits of designating these areas as critical habitat, and no areas are proposed for exclusion under section 4(b)(2). No areas are ineligible for designation as critical habitat under section 4(a)(3)(B)(i) of the ESA. We have not identified any unoccupied areas that are essential to the conservation of this DPS; thus we are not proposing to designate any unoccupied areas.",Atlantic,USVI,,"Reproductive essential feature: From the mean high water line to 20 m depth, sufficiently dark and unobstructed nearshore waters adjacent to nesting beaches, to allow for the transit, mating, and internesting of reproductive individuals and the transit of post-hatchlings",0,0,1,0,0,,,proposed,88 FR 46572,7/19/2023,https://www.federalregister.gov/d/2023-14109,,,,0,0,0,0,0,0,0,0,0,1,0,0,0,0,0,0,0,0,0,0,0,0,0,1,0,0,2,,"Reproductive essential feature: From the mean high water line to 20 m depth, sufficiently dark and unobstructed nearshore waters adjacent to nesting beaches"
1,Leatherback Sea Turtle,,1,"FR1: The waters adjacent to Sandy Point, St. Croix, U.S. Virgin Islands, up to and inclusive of the waters from the hundred fathom curve shoreward to the level of mean high tide with boundaries at 17042'12"" North and 64°50'00"" West.",Caribbean,USVI,,"U.S. East Coast: Habitat essential for nesting, within the Sandy Point National Wildlife Refuge",0,0,1,1,,1,,designated,44 FR 17710,3/23/1979,https://www.federalregister.gov/citation/44-FR-17710,,,,0,0,0,0,0,0,0,0,0,0,0,0,0,0,0,0,0,0,0,0,0,0,0,0,0,1,2,"The waters adjacent to Sandy Point, St. Croix, U.S. Virgin Islands, up to and inclusive of the waters from the hundred fathom curve shoreward to the level of mean high tide with boundaries at 17°42'12"" North and 64°50'00"" West.","U.S. East Coast – Habitat essential for nesting, within the Sandy Point National Wildlife Refuge"
2,Leatherback Sea Turtle,,1,"FR2: designating additional areas within the Pacific Ocean. This designation includes approximately 16,910 square miles (43,798 square km) stretching along the California coast from Point Arena to Point Arguello east of the 3,000 meter depth contour; and 25,004 square miles (64,760 square km) stretching from Cape Flattery, Washington to Cape Blanco, Oregon east of the 2,000 meter depth contour. 
Areas 1, 2, and 7, which include approximately 41,913 square miles (108,558 square km) of marine habitat in California, Oregon, and Washington and offshore Federal waters.",Pacific,"Washington, Oregon, California",,"U.S. West Coast: Prey species, primarily scyphomedusae (i.e., jellyfish) of the order Semaeostomeae (e.g., Chrysaora, Aurelia, Phacellophora, and Cyanea), of sufficient condition, distribution, diversity, abundance, and density necessary to support individual as well as population growth, reproduction, and development",0,0,1,0,,1,,designated,77 FR 4170,1/26/2012,https://www.federalregister.gov/documents/2012/01/26/2012-995/endangered-and-threatened-species-final-rule-to-revise-the-critical-habitat-designation-for-the,,,,1,0,0,1,0,0,0,0,0,0,0,0,0,0,0,0,0,0,0,0,0,0,0,0,0,0,2,,U.S. West Coast – Prey species
3,Chinook Salmon,Sacramento River Winter-Run ESU,,"California
The habitat for designation includes: The Sacramento River from Keswick Dam, Shasta County (River Mile 302) to Chipps Island (River Mile 0) at the westward margin of the Sacramento-San Joaquin Delta; all waters from Chipps Island westward to Carquinez Bridge, including Honker Bay, Grizzly Bay, Suisun Bay, and Carquinez Strait; all waters of San Pablo Bay westward of the Carquinez Bridge; and all waters of San Francisco Bay (north of the San Francisco/Oakland Bay Bridge) from San Pablo Bay to the Golden Gate Bridge.
...The critical habitat designated by this rule includes areas that are currently used by winter-run chinook salmon including the Sacramento River, all waterways and bays westward of Chipps Island to San Francisco Bay, and San Francisco Bay. // Specific critical habitat includes (1) the Sacramento River from Keswick Dam, Shasta County (River Mile 302) to Chipps Island (River Mile 0) at the westward margin of the Sacramento-San Joaquin Delta, (2) all waters from Chipps Island westward to Carquinez Bridge, including Honker Bay, Grizzly Bay, Suisun Bay, and Carquinex Strait, (3) all waters of San Pablo Bay westward of the Carquinez Bridge, and (4) all waters of San Francisco Bay (north of the San Francisco/Oakland Bay Bridge) from San Pablo Bay to the Golden Gate Bridge and north of the San Francisco-Oakland Bay Bridge. // Within the Sacramento River, this designation includes the river water, river bottom (including those areas and associated gravel used by winter-run chinook salmon as spawning substrate), and adjacent riparian zone used by fry and juveniles for rearing. Also, in the areas westward from Sherman Island to Chipps Island, it includes Kimball Island, Winter Island, and Browns Island. In the areas westward from Chipps Island, including San Francisco Bay to the Golden Gate Bridge, it includes the estuarine water column and essential foraging habitat and food resources used by winter-run chinook salmon as part of their juvenile outmigration or adult spawning migration. This designation does not include any estuarine sloughs within San Francisco Bay or San Pablo Bay. // Although it is important, critical habitat does not include the open ocean habitat used by winter-run chinook salmon because this area does not appear to be in need of special management consideration....",Pacific,California,,Access from the Pacific Ocean to appropriate spawning areas in the upper Sacramento River,1,1,1,0,1,1,,designated,58 FR 33212,6/16/1993,https://www.federalregister.gov/citation/58-FR-33212,,,,0,0,0,0,0,0,0,0,0,1,0,0,0,0,0,0,0,0,0,0,0,0,0,0,0,0,7,,Access from the Pacific Ocean to appropriate spawning areas
4,Chinook Salmon,Sacramento River Winter-Run ESU,,"California
The habitat for designation includes: The Sacramento River from Keswick Dam, Shasta County (River Mile 302) to Chipps Island (River Mile 0) at the westward margin of the Sacramento-San Joaquin Delta; all waters from Chipps Island westward to Carquinez Bridge, including Honker Bay, Grizzly Bay, Suisun Bay, and Carquinez Strait; all waters of San Pablo Bay westward of the Carquinez Bridge; and all waters of San Francisco Bay (north of the San Francisco/Oakland Bay Bridge) from San Pablo Bay to the Golden Gate Bridge.
...The critical habitat designated by this rule includes areas that are currently used by winter-run chinook salmon including the Sacramento River, all waterways and bays westward of Chipps Island to San Francisco Bay, and San Francisco Bay. // Specific critical habitat includes (1) the Sacramento River from Keswick Dam, Shasta County (River Mile 302) to Chipps Island (River Mile 0) at the westward margin of the Sacramento-San Joaquin Delta, (2) all waters from Chipps Island westward to Carquinez Bridge, including Honker Bay, Grizzly Bay, Suisun Bay, and Carquinex Strait, (3) all waters of San Pablo Bay westward of the Carquinez Bridge, and (4) all waters of San Francisco Bay (north of the San Francisco/Oakland Bay Bridge) from San Pablo Bay to the Golden Gate Bridge and north of the San Francisco-Oakland Bay Bridge. // Within the Sacramento River, this designation includes the river water, river bottom (including those areas and associated gravel used by winter-run chinook salmon as spawning substrate), and adjacent riparian zone used by fry and juveniles for rearing. Also, in the areas westward from Sherman Island to Chipps Island, it includes Kimball Island, Winter Island, and Browns Island. In the areas westward from Chipps Island, including San Francisco Bay to the Golden Gate Bridge, it includes the estuarine water column and essential foraging habitat and food resources used by winter-run chinook salmon as part of their juvenile outmigration or adult spawning migration. This designation does not include any estuarine sloughs within San Francisco Bay or San Pablo Bay. // Although it is important, critical habitat does not include the open ocean habitat used by winter-run chinook salmon because this area does not appear to be in need of special management consideration....",Pacific,California,,The availability of clean gravel for spawning substrate,1,0,0,0,0,,,designated,58 FR 33212,6/16/1993,https://www.federalregister.gov/citation/58-FR-33212,,,,0,0,0,0,1,1,0,0,1,0,0,0,0,0,0,0,0,0,1,0,0,0,0,0,0,0,7,,The availability of clean gravel for spawning substrate
5,Chinook Salmon,Sacramento River Winter-Run ESU,,"California
The habitat for designation includes: The Sacramento River from Keswick Dam, Shasta County (River Mile 302) to Chipps Island (River Mile 0) at the westward margin of the Sacramento-San Joaquin Delta; all waters from Chipps Island westward to Carquinez Bridge, including Honker Bay, Grizzly Bay, Suisun Bay, and Carquinez Strait; all waters of San Pablo Bay westward of the Carquinez Bridge; and all waters of San Francisco Bay (north of the San Francisco/Oakland Bay Bridge) from San Pablo Bay to the Golden Gate Bridge.
...The critical habitat designated by this rule includes areas that are currently used by winter-run chinook salmon including the Sacramento River, all waterways and bays westward of Chipps Island to San Francisco Bay, and San Francisco Bay. // Specific critical habitat includes (1) the Sacramento River from Keswick Dam, Shasta County (River Mile 302) to Chipps Island (River Mile 0) at the westward margin of the Sacramento-San Joaquin Delta, (2) all waters from Chipps Island westward to Carquinez Bridge, including Honker Bay, Grizzly Bay, Suisun Bay, and Carquinex Strait, (3) all waters of San Pablo Bay westward of the Carquinez Bridge, and (4) all waters of San Francisco Bay (north of the San Francisco/Oakland Bay Bridge) from San Pablo Bay to the Golden Gate Bridge and north of the San Francisco-Oakland Bay Bridge. // Within the Sacramento River, this designation includes the river water, river bottom (including those areas and associated gravel used by winter-run chinook salmon as spawning substrate), and adjacent riparian zone used by fry and juveniles for rearing. Also, in the areas westward from Sherman Island to Chipps Island, it includes Kimball Island, Winter Island, and Browns Island. In the areas westward from Chipps Island, including San Francisco Bay to the Golden Gate Bridge, it includes the estuarine water column and essential foraging habitat and food resources used by winter-run chinook salmon as part of their juvenile outmigration or adult spawning migration. This designation does not include any estuarine sloughs within San Francisco Bay or San Pablo Bay. // Although it is important, critical habitat does not include the open ocean habitat used by winter-run chinook salmon because this area does not appear to be in need of special management consideration....",Pacific,California,,"Adequate river flows for successful spawning, incubation of eggs, fry development and emergence, and downstream transport of juveniles",1,0,0,0,1,1,,designated,58 FR 33212,6/16/1993,https://www.federalregister.gov/citation/58-FR-33212,,,,0,0,0,0,0,0,0,0,0,0,0,0,0,0,0,0,0,0,0,0,1,0,0,0,0,0,7,,"Adequate river flows for successful spawning, incubation of eggs, fry development and emergence, and downstream transport of juveniles"
6,Chinook Salmon,Sacramento River Winter-Run ESU,,"California
The habitat for designation includes: The Sacramento River from Keswick Dam, Shasta County (River Mile 302) to Chipps Island (River Mile 0) at the westward margin of the Sacramento-San Joaquin Delta; all waters from Chipps Island westward to Carquinez Bridge, including Honker Bay, Grizzly Bay, Suisun Bay, and Carquinez Strait; all waters of San Pablo Bay westward of the Carquinez Bridge; and all waters of San Francisco Bay (north of the San Francisco/Oakland Bay Bridge) from San Pablo Bay to the Golden Gate Bridge.
...The critical habitat designated by this rule includes areas that are currently used by winter-run chinook salmon including the Sacramento River, all waterways and bays westward of Chipps Island to San Francisco Bay, and San Francisco Bay. // Specific critical habitat includes (1) the Sacramento River from Keswick Dam, Shasta County (River Mile 302) to Chipps Island (River Mile 0) at the westward margin of the Sacramento-San Joaquin Delta, (2) all waters from Chipps Island westward to Carquinez Bridge, including Honker Bay, Grizzly Bay, Suisun Bay, and Carquinex Strait, (3) all waters of San Pablo Bay westward of the Carquinez Bridge, and (4) all waters of San Francisco Bay (north of the San Francisco/Oakland Bay Bridge) from San Pablo Bay to the Golden Gate Bridge and north of the San Francisco-Oakland Bay Bridge. // Within the Sacramento River, this designation includes the river water, river bottom (including those areas and associated gravel used by winter-run chinook salmon as spawning substrate), and adjacent riparian zone used by fry and juveniles for rearing. Also, in the areas westward from Sherman Island to Chipps Island, it includes Kimball Island, Winter Island, and Browns Island. In the areas westward from Chipps Island, including San Francisco Bay to the Golden Gate Bridge, it includes the estuarine water column and essential foraging habitat and food resources used by winter-run chinook salmon as part of their juvenile outmigration or adult spawning migration. This designation does not include any estuarine sloughs within San Francisco Bay or San Pablo Bay. // Although it is important, critical habitat does not include the open ocean habitat used by winter-run chinook salmon because this area does not appear to be in need of special management consideration....",Pacific,California,,"Water temperatures between 42.5 and 57.5°F (5.8 and 14.1°C) for successful spawning, egg incubation, and fry development",1,0,0,0,,,,designated,58 FR 33212,6/16/1993,https://www.federalregister.gov/citation/58-FR-33212,,,,0,0,0,0,0,0,0,0,0,0,0,0,0,1,1,0,0,0,0,0,0,0,0,0,0,0,7,,"Water temperatures between 42.5 and 57.5°F (5.8 and 14.1°C) for successful spawning, egg incubation, and fry development"
7,Chinook Salmon,Sacramento River Winter-Run ESU,,"California
The habitat for designation includes: The Sacramento River from Keswick Dam, Shasta County (River Mile 302) to Chipps Island (River Mile 0) at the westward margin of the Sacramento-San Joaquin Delta; all waters from Chipps Island westward to Carquinez Bridge, including Honker Bay, Grizzly Bay, Suisun Bay, and Carquinez Strait; all waters of San Pablo Bay westward of the Carquinez Bridge; and all waters of San Francisco Bay (north of the San Francisco/Oakland Bay Bridge) from San Pablo Bay to the Golden Gate Bridge.
...The critical habitat designated by this rule includes areas that are currently used by winter-run chinook salmon including the Sacramento River, all waterways and bays westward of Chipps Island to San Francisco Bay, and San Francisco Bay. // Specific critical habitat includes (1) the Sacramento River from Keswick Dam, Shasta County (River Mile 302) to Chipps Island (River Mile 0) at the westward margin of the Sacramento-San Joaquin Delta, (2) all waters from Chipps Island westward to Carquinez Bridge, including Honker Bay, Grizzly Bay, Suisun Bay, and Carquinex Strait, (3) all waters of San Pablo Bay westward of the Carquinez Bridge, and (4) all waters of San Francisco Bay (north of the San Francisco/Oakland Bay Bridge) from San Pablo Bay to the Golden Gate Bridge and north of the San Francisco-Oakland Bay Bridge. // Within the Sacramento River, this designation includes the river water, river bottom (including those areas and associated gravel used by winter-run chinook salmon as spawning substrate), and adjacent riparian zone used by fry and juveniles for rearing. Also, in the areas westward from Sherman Island to Chipps Island, it includes Kimball Island, Winter Island, and Browns Island. In the areas westward from Chipps Island, including San Francisco Bay to the Golden Gate Bridge, it includes the estuarine water column and essential foraging habitat and food resources used by winter-run chinook salmon as part of their juvenile outmigration or adult spawning migration. This designation does not include any estuarine sloughs within San Francisco Bay or San Pablo Bay. // Although it is important, critical habitat does not include the open ocean habitat used by winter-run chinook salmon because this area does not appear to be in need of special management consideration....",Pacific,California,,Habitat areas and adequate prey that are not contaminated,1,1,0,0,1,1,,designated,58 FR 33212,6/16/1993,https://www.federalregister.gov/citation/58-FR-33212,,,,0,0,0,1,0,0,0,0,1,0,0,0,0,1,0,0,0,0,0,0,0,0,0,0,0,0,7,,Habitat areas and adequate prey that are not contaminated
8,Chinook Salmon,Sacramento River Winter-Run ESU,,"California
The habitat for designation includes: The Sacramento River from Keswick Dam, Shasta County (River Mile 302) to Chipps Island (River Mile 0) at the westward margin of the Sacramento-San Joaquin Delta; all waters from Chipps Island westward to Carquinez Bridge, including Honker Bay, Grizzly Bay, Suisun Bay, and Carquinez Strait; all waters of San Pablo Bay westward of the Carquinez Bridge; and all waters of San Francisco Bay (north of the San Francisco/Oakland Bay Bridge) from San Pablo Bay to the Golden Gate Bridge.
...The critical habitat designated by this rule includes areas that are currently used by winter-run chinook salmon including the Sacramento River, all waterways and bays westward of Chipps Island to San Francisco Bay, and San Francisco Bay. // Specific critical habitat includes (1) the Sacramento River from Keswick Dam, Shasta County (River Mile 302) to Chipps Island (River Mile 0) at the westward margin of the Sacramento-San Joaquin Delta, (2) all waters from Chipps Island westward to Carquinez Bridge, including Honker Bay, Grizzly Bay, Suisun Bay, and Carquinex Strait, (3) all waters of San Pablo Bay westward of the Carquinez Bridge, and (4) all waters of San Francisco Bay (north of the San Francisco/Oakland Bay Bridge) from San Pablo Bay to the Golden Gate Bridge and north of the San Francisco-Oakland Bay Bridge. // Within the Sacramento River, this designation includes the river water, river bottom (including those areas and associated gravel used by winter-run chinook salmon as spawning substrate), and adjacent riparian zone used by fry and juveniles for rearing. Also, in the areas westward from Sherman Island to Chipps Island, it includes Kimball Island, Winter Island, and Browns Island. In the areas westward from Chipps Island, including San Francisco Bay to the Golden Gate Bridge, it includes the estuarine water column and essential foraging habitat and food resources used by winter-run chinook salmon as part of their juvenile outmigration or adult spawning migration. This designation does not include any estuarine sloughs within San Francisco Bay or San Pablo Bay. // Although it is important, critical habitat does not include the open ocean habitat used by winter-run chinook salmon because this area does not appear to be in need of special management consideration....",Pacific,California,,Riparian habitat that provides for successful juvenile development and survival,1,1,0,1,1,1,,designated,58 FR 33212,6/16/1993,https://www.federalregister.gov/citation/58-FR-33212,,,,0,1,0,0,0,0,0,0,0,0,1,0,0,0,0,0,0,0,0,0,0,0,0,0,0,0,7,,Riparian habitat that provides for successful juvenile development and survival
9,Chinook Salmon,Sacramento River Winter-Run ESU,,"California
The habitat for designation includes: The Sacramento River from Keswick Dam, Shasta County (River Mile 302) to Chipps Island (River Mile 0) at the westward margin of the Sacramento-San Joaquin Delta; all waters from Chipps Island westward to Carquinez Bridge, including Honker Bay, Grizzly Bay, Suisun Bay, and Carquinez Strait; all waters of San Pablo Bay westward of the Carquinez Bridge; and all waters of San Francisco Bay (north of the San Francisco/Oakland Bay Bridge) from San Pablo Bay to the Golden Gate Bridge.
...The critical habitat designated by this rule includes areas that are currently used by winter-run chinook salmon including the Sacramento River, all waterways and bays westward of Chipps Island to San Francisco Bay, and San Francisco Bay. // Specific critical habitat includes (1) the Sacramento River from Keswick Dam, Shasta County (River Mile 302) to Chipps Island (River Mile 0) at the westward margin of the Sacramento-San Joaquin Delta, (2) all waters from Chipps Island westward to Carquinez Bridge, including Honker Bay, Grizzly Bay, Suisun Bay, and Carquinex Strait, (3) all waters of San Pablo Bay westward of the Carquinez Bridge, and (4) all waters of San Francisco Bay (north of the San Francisco/Oakland Bay Bridge) from San Pablo Bay to the Golden Gate Bridge and north of the San Francisco-Oakland Bay Bridge. // Within the Sacramento River, this designation includes the river water, river bottom (including those areas and associated gravel used by winter-run chinook salmon as spawning substrate), and adjacent riparian zone used by fry and juveniles for rearing. Also, in the areas westward from Sherman Island to Chipps Island, it includes Kimball Island, Winter Island, and Browns Island. In the areas westward from Chipps Island, including San Francisco Bay to the Golden Gate Bridge, it includes the estuarine water column and essential foraging habitat and food resources used by winter-run chinook salmon as part of their juvenile outmigration or adult spawning migration. This designation does not include any estuarine sloughs within San Francisco Bay or San Pablo Bay. // Although it is important, critical habitat does not include the open ocean habitat used by winter-run chinook salmon because this area does not appear to be in need of special management consideration....",Pacific,California,,Access downstream so that juveniles can migrate from the spawning grounds to San Francisco Bay and the Pacific Ocean,1,1,0,0,1,1,,designated,58 FR 33212,6/16/1993,https://www.federalregister.gov/citation/58-FR-33212,,,,0,0,0,0,0,0,0,0,0,1,0,0,0,0,0,0,0,0,0,0,0,0,0,0,0,0,7,,Access downstream so that juveniles can migrate from the spawning grounds to San Francisco Bay and the Pacific Ocean
10,Steller Sea Lion,Western DPS,,"Alaska, Oregon and California",Pacific,"Alaska, California, Oregon",,"Terrestrial, air, and aquatic areas that support reproduction, foraging, rest, and refuge",0,0,1,1,1,1,,designated,58 FR 45269,8/27/1993,https://www.federalregister.gov/citation/58-FR-45269,,,,0,0,0,1,1,1,0,1,1,0,1,1,0,1,0,0,0,0,0,0,0,0,0,0,1,0,1,,"Terrestrial, air, and aquatic areas that support reproduction, foraging, rest, and refuge"
11,Chinook Salmon,Snake River Fall-Run ESU,,"The designated habitat for Snake River fall chinook salmon includes: The Columbia River from the Pacific Ocean to its confluence with the Snake River; , the Snake River from its confluence with the Columbia River to Hells Canyon Dam; the Palouse River from its confluence with the Snake River upstream to Palouse Falls; the Clearwater River from its confluence with the Snake River upstream to its confluence with Lolo Greek; the North Fork Clearwater River from its confluence with the Clearwater River upstream to Dworshak Dam; all river reaches presently or historically accessible to Snake River fall chinook salmon (except reaches above impassable natural falls) in the following hydrologic units: Clearwater, Hells Canyon, Imnaha, Lower Grande Ronde, Lower North Fork Clearwater, Lower Salmon, Lower Snake, Lower Snake-Asotin, Lower Snake-Tucannon, and Palouse. // Critical habitat for all listed Snake River salmon includes the bottom and water of the waterways and the adjacent riparian zone. The riparian zone includes those areas within 300 feet (91.4 m) of the normal line of high water of a stream channel or from the shoreline of a standing body of water. Essential features of these areas include adequate: (1) Substrate (especially spawning gravel); (2) water quality; (3) water quantity; (4) water temperature; (5) water velocity; (6) cover/shelter; (7) food; (8) riparian vegetation; (9) space; and (10) migration conditions.",Pacific,"Idaho, Oregon, Washington",Spawning and juvenile rearing areas,Spawning gravel,1,1,0,0,0,,,designated,58 FR 68543,12/28/1993,https://www.federalregister.gov/citation/58-FR-68543,,,,0,0,0,0,1,1,0,0,0,0,0,0,0,0,0,0,0,0,1,0,0,0,0,0,0,0,28,,Spawning gravel
12,Chinook Salmon,Snake River Fall-Run ESU,,"The designated habitat for Snake River fall chinook salmon includes: The Columbia River from the Pacific Ocean to its confluence with the Snake River; , the Snake River from its confluence with the Columbia River to Hells Canyon Dam; the Palouse River from its confluence with the Snake River upstream to Palouse Falls; the Clearwater River from its confluence with the Snake River upstream to its confluence with Lolo Greek; the North Fork Clearwater River from its confluence with the Clearwater River upstream to Dworshak Dam; all river reaches presently or historically accessible to Snake River fall chinook salmon (except reaches above impassable natural falls) in the following hydrologic units: Clearwater, Hells Canyon, Imnaha, Lower Grande Ronde, Lower North Fork Clearwater, Lower Salmon, Lower Snake, Lower Snake-Asotin, Lower Snake-Tucannon, and Palouse. // Critical habitat for all listed Snake River salmon includes the bottom and water of the waterways and the adjacent riparian zone. The riparian zone includes those areas within 300 feet (91.4 m) of the normal line of high water of a stream channel or from the shoreline of a standing body of water. Essential features of these areas include adequate: (1) Substrate (especially spawning gravel); (2) water quality; (3) water quantity; (4) water temperature; (5) water velocity; (6) cover/shelter; (7) food; (8) riparian vegetation; (9) space; and (10) migration conditions.",Pacific,"Idaho, Oregon, Washington",Spawning and juvenile rearing areas,Water quality,1,1,0,0,1,1,,designated,58 FR 68543,12/28/1993,https://www.federalregister.gov/citation/58-FR-68543,,,,0,0,0,0,0,0,0,0,1,0,0,0,0,1,0,0,0,0,0,0,0,0,0,0,0,0,28,,Water quality
13,Chinook Salmon,Snake River Fall-Run ESU,,"The designated habitat for Snake River fall chinook salmon includes: The Columbia River from the Pacific Ocean to its confluence with the Snake River; , the Snake River from its confluence with the Columbia River to Hells Canyon Dam; the Palouse River from its confluence with the Snake River upstream to Palouse Falls; the Clearwater River from its confluence with the Snake River upstream to its confluence with Lolo Greek; the North Fork Clearwater River from its confluence with the Clearwater River upstream to Dworshak Dam; all river reaches presently or historically accessible to Snake River fall chinook salmon (except reaches above impassable natural falls) in the following hydrologic units: Clearwater, Hells Canyon, Imnaha, Lower Grande Ronde, Lower North Fork Clearwater, Lower Salmon, Lower Snake, Lower Snake-Asotin, Lower Snake-Tucannon, and Palouse. // Critical habitat for all listed Snake River salmon includes the bottom and water of the waterways and the adjacent riparian zone. The riparian zone includes those areas within 300 feet (91.4 m) of the normal line of high water of a stream channel or from the shoreline of a standing body of water. Essential features of these areas include adequate: (1) Substrate (especially spawning gravel); (2) water quality; (3) water quantity; (4) water temperature; (5) water velocity; (6) cover/shelter; (7) food; (8) riparian vegetation; (9) space; and (10) migration conditions.",Pacific,"Idaho, Oregon, Washington",Spawning and juvenile rearing areas,Water quantity,1,1,0,0,1,1,,designated,58 FR 68543,12/28/1993,https://www.federalregister.gov/citation/58-FR-68543,,,,0,0,0,0,0,0,0,0,0,0,0,0,0,0,0,0,0,0,0,0,1,0,0,0,0,0,28,,Water quantity
14,Chinook Salmon,Snake River Fall-Run ESU,,"The designated habitat for Snake River fall chinook salmon includes: The Columbia River from the Pacific Ocean to its confluence with the Snake River; , the Snake River from its confluence with the Columbia River to Hells Canyon Dam; the Palouse River from its confluence with the Snake River upstream to Palouse Falls; the Clearwater River from its confluence with the Snake River upstream to its confluence with Lolo Greek; the North Fork Clearwater River from its confluence with the Clearwater River upstream to Dworshak Dam; all river reaches presently or historically accessible to Snake River fall chinook salmon (except reaches above impassable natural falls) in the following hydrologic units: Clearwater, Hells Canyon, Imnaha, Lower Grande Ronde, Lower North Fork Clearwater, Lower Salmon, Lower Snake, Lower Snake-Asotin, Lower Snake-Tucannon, and Palouse. // Critical habitat for all listed Snake River salmon includes the bottom and water of the waterways and the adjacent riparian zone. The riparian zone includes those areas within 300 feet (91.4 m) of the normal line of high water of a stream channel or from the shoreline of a standing body of water. Essential features of these areas include adequate: (1) Substrate (especially spawning gravel); (2) water quality; (3) water quantity; (4) water temperature; (5) water velocity; (6) cover/shelter; (7) food; (8) riparian vegetation; (9) space; and (10) migration conditions.",Pacific,"Idaho, Oregon, Washington",Spawning and juvenile rearing areas,Water temperature,1,1,0,0,1,1,,designated,58 FR 68543,12/28/1993,https://www.federalregister.gov/citation/58-FR-68543,,,,0,0,0,0,0,0,0,0,0,0,0,0,0,1,1,0,0,0,0,0,0,0,0,0,0,0,28,,Water temperature
15,Chinook Salmon,Snake River Fall-Run ESU,,"The designated habitat for Snake River fall chinook salmon includes: The Columbia River from the Pacific Ocean to its confluence with the Snake River; , the Snake River from its confluence with the Columbia River to Hells Canyon Dam; the Palouse River from its confluence with the Snake River upstream to Palouse Falls; the Clearwater River from its confluence with the Snake River upstream to its confluence with Lolo Greek; the North Fork Clearwater River from its confluence with the Clearwater River upstream to Dworshak Dam; all river reaches presently or historically accessible to Snake River fall chinook salmon (except reaches above impassable natural falls) in the following hydrologic units: Clearwater, Hells Canyon, Imnaha, Lower Grande Ronde, Lower North Fork Clearwater, Lower Salmon, Lower Snake, Lower Snake-Asotin, Lower Snake-Tucannon, and Palouse. // Critical habitat for all listed Snake River salmon includes the bottom and water of the waterways and the adjacent riparian zone. The riparian zone includes those areas within 300 feet (91.4 m) of the normal line of high water of a stream channel or from the shoreline of a standing body of water. Essential features of these areas include adequate: (1) Substrate (especially spawning gravel); (2) water quality; (3) water quantity; (4) water temperature; (5) water velocity; (6) cover/shelter; (7) food; (8) riparian vegetation; (9) space; and (10) migration conditions.",Pacific,"Idaho, Oregon, Washington",Spawning and juvenile rearing areas,Cover/shelter,1,1,0,1,1,1,,designated,58 FR 68543,12/28/1993,https://www.federalregister.gov/citation/58-FR-68543,,,,0,0,0,0,0,0,0,0,0,0,1,0,0,0,0,0,0,0,0,0,0,0,1,0,0,0,28,,Cover/shelter
16,Chinook Salmon,Snake River Fall-Run ESU,,"The designated habitat for Snake River fall chinook salmon includes: The Columbia River from the Pacific Ocean to its confluence with the Snake River; , the Snake River from its confluence with the Columbia River to Hells Canyon Dam; the Palouse River from its confluence with the Snake River upstream to Palouse Falls; the Clearwater River from its confluence with the Snake River upstream to its confluence with Lolo Greek; the North Fork Clearwater River from its confluence with the Clearwater River upstream to Dworshak Dam; all river reaches presently or historically accessible to Snake River fall chinook salmon (except reaches above impassable natural falls) in the following hydrologic units: Clearwater, Hells Canyon, Imnaha, Lower Grande Ronde, Lower North Fork Clearwater, Lower Salmon, Lower Snake, Lower Snake-Asotin, Lower Snake-Tucannon, and Palouse. // Critical habitat for all listed Snake River salmon includes the bottom and water of the waterways and the adjacent riparian zone. The riparian zone includes those areas within 300 feet (91.4 m) of the normal line of high water of a stream channel or from the shoreline of a standing body of water. Essential features of these areas include adequate: (1) Substrate (especially spawning gravel); (2) water quality; (3) water quantity; (4) water temperature; (5) water velocity; (6) cover/shelter; (7) food; (8) riparian vegetation; (9) space; and (10) migration conditions.",Pacific,"Idaho, Oregon, Washington",Spawning and juvenile rearing areas,Food,1,1,0,0,1,1,,designated,58 FR 68543,12/28/1993,https://www.federalregister.gov/citation/58-FR-68543,,,,0,0,0,1,0,0,0,0,0,0,0,0,0,0,0,0,0,0,0,0,0,0,0,0,0,0,28,,Food
17,Chinook Salmon,Snake River Fall-Run ESU,,"The designated habitat for Snake River fall chinook salmon includes: The Columbia River from the Pacific Ocean to its confluence with the Snake River; , the Snake River from its confluence with the Columbia River to Hells Canyon Dam; the Palouse River from its confluence with the Snake River upstream to Palouse Falls; the Clearwater River from its confluence with the Snake River upstream to its confluence with Lolo Greek; the North Fork Clearwater River from its confluence with the Clearwater River upstream to Dworshak Dam; all river reaches presently or historically accessible to Snake River fall chinook salmon (except reaches above impassable natural falls) in the following hydrologic units: Clearwater, Hells Canyon, Imnaha, Lower Grande Ronde, Lower North Fork Clearwater, Lower Salmon, Lower Snake, Lower Snake-Asotin, Lower Snake-Tucannon, and Palouse. // Critical habitat for all listed Snake River salmon includes the bottom and water of the waterways and the adjacent riparian zone. The riparian zone includes those areas within 300 feet (91.4 m) of the normal line of high water of a stream channel or from the shoreline of a standing body of water. Essential features of these areas include adequate: (1) Substrate (especially spawning gravel); (2) water quality; (3) water quantity; (4) water temperature; (5) water velocity; (6) cover/shelter; (7) food; (8) riparian vegetation; (9) space; and (10) migration conditions.",Pacific,"Idaho, Oregon, Washington",Spawning and juvenile rearing areas,Riparian vegetation,1,1,0,1,1,1,,designated,58 FR 68543,12/28/1993,https://www.federalregister.gov/citation/58-FR-68543,,,,0,1,0,0,0,0,0,0,0,0,1,0,0,0,0,0,0,0,0,0,0,0,0,0,0,0,28,,Riparian vegetation
18,Chinook Salmon,Snake River Fall-Run ESU,,"The designated habitat for Snake River fall chinook salmon includes: The Columbia River from the Pacific Ocean to its confluence with the Snake River; , the Snake River from its confluence with the Columbia River to Hells Canyon Dam; the Palouse River from its confluence with the Snake River upstream to Palouse Falls; the Clearwater River from its confluence with the Snake River upstream to its confluence with Lolo Greek; the North Fork Clearwater River from its confluence with the Clearwater River upstream to Dworshak Dam; all river reaches presently or historically accessible to Snake River fall chinook salmon (except reaches above impassable natural falls) in the following hydrologic units: Clearwater, Hells Canyon, Imnaha, Lower Grande Ronde, Lower North Fork Clearwater, Lower Salmon, Lower Snake, Lower Snake-Asotin, Lower Snake-Tucannon, and Palouse. // Critical habitat for all listed Snake River salmon includes the bottom and water of the waterways and the adjacent riparian zone. The riparian zone includes those areas within 300 feet (91.4 m) of the normal line of high water of a stream channel or from the shoreline of a standing body of water. Essential features of these areas include adequate: (1) Substrate (especially spawning gravel); (2) water quality; (3) water quantity; (4) water temperature; (5) water velocity; (6) cover/shelter; (7) food; (8) riparian vegetation; (9) space; and (10) migration conditions.",Pacific,"Idaho, Oregon, Washington",Spawning and juvenile rearing areas,Space,1,1,0,0,1,1,,designated,58 FR 68543,12/28/1993,https://www.federalregister.gov/citation/58-FR-68543,,,,0,0,0,0,0,0,0,0,0,0,0,0,1,0,0,0,0,0,0,0,0,0,0,0,0,0,28,,Space
19,Chinook Salmon,Snake River Fall-Run ESU,,"The designated habitat for Snake River fall chinook salmon includes: The Columbia River from the Pacific Ocean to its confluence with the Snake River; , the Snake River from its confluence with the Columbia River to Hells Canyon Dam; the Palouse River from its confluence with the Snake River upstream to Palouse Falls; the Clearwater River from its confluence with the Snake River upstream to its confluence with Lolo Greek; the North Fork Clearwater River from its confluence with the Clearwater River upstream to Dworshak Dam; all river reaches presently or historically accessible to Snake River fall chinook salmon (except reaches above impassable natural falls) in the following hydrologic units: Clearwater, Hells Canyon, Imnaha, Lower Grande Ronde, Lower North Fork Clearwater, Lower Salmon, Lower Snake, Lower Snake-Asotin, Lower Snake-Tucannon, and Palouse. // Critical habitat for all listed Snake River salmon includes the bottom and water of the waterways and the adjacent riparian zone. The riparian zone includes those areas within 300 feet (91.4 m) of the normal line of high water of a stream channel or from the shoreline of a standing body of water. Essential features of these areas include adequate: (1) Substrate (especially spawning gravel); (2) water quality; (3) water quantity; (4) water temperature; (5) water velocity; (6) cover/shelter; (7) food; (8) riparian vegetation; (9) space; and (10) migration conditions.",Pacific,"Idaho, Oregon, Washington",Juvenile migration corridors,Substrate,1,1,0,0,1,1,,designated,58 FR 68543,12/28/1993,https://www.federalregister.gov/citation/58-FR-68543,,,,0,0,0,0,1,1,0,0,0,0,0,0,0,0,0,0,0,0,1,0,0,0,0,0,0,0,28,,Substrate
20,Chinook Salmon,Snake River Fall-Run ESU,,"The designated habitat for Snake River fall chinook salmon includes: The Columbia River from the Pacific Ocean to its confluence with the Snake River; , the Snake River from its confluence with the Columbia River to Hells Canyon Dam; the Palouse River from its confluence with the Snake River upstream to Palouse Falls; the Clearwater River from its confluence with the Snake River upstream to its confluence with Lolo Greek; the North Fork Clearwater River from its confluence with the Clearwater River upstream to Dworshak Dam; all river reaches presently or historically accessible to Snake River fall chinook salmon (except reaches above impassable natural falls) in the following hydrologic units: Clearwater, Hells Canyon, Imnaha, Lower Grande Ronde, Lower North Fork Clearwater, Lower Salmon, Lower Snake, Lower Snake-Asotin, Lower Snake-Tucannon, and Palouse. // Critical habitat for all listed Snake River salmon includes the bottom and water of the waterways and the adjacent riparian zone. The riparian zone includes those areas within 300 feet (91.4 m) of the normal line of high water of a stream channel or from the shoreline of a standing body of water. Essential features of these areas include adequate: (1) Substrate (especially spawning gravel); (2) water quality; (3) water quantity; (4) water temperature; (5) water velocity; (6) cover/shelter; (7) food; (8) riparian vegetation; (9) space; and (10) migration conditions.",Pacific,"Idaho, Oregon, Washington",Juvenile migration corridors,Water quality,1,1,0,0,1,1,,designated,58 FR 68543,12/28/1993,https://www.federalregister.gov/citation/58-FR-68543,,,,0,0,0,0,0,0,0,0,1,0,0,0,0,1,0,0,0,0,0,0,0,0,0,0,0,0,28,,Water quality
21,Chinook Salmon,Snake River Fall-Run ESU,,"The designated habitat for Snake River fall chinook salmon includes: The Columbia River from the Pacific Ocean to its confluence with the Snake River; , the Snake River from its confluence with the Columbia River to Hells Canyon Dam; the Palouse River from its confluence with the Snake River upstream to Palouse Falls; the Clearwater River from its confluence with the Snake River upstream to its confluence with Lolo Greek; the North Fork Clearwater River from its confluence with the Clearwater River upstream to Dworshak Dam; all river reaches presently or historically accessible to Snake River fall chinook salmon (except reaches above impassable natural falls) in the following hydrologic units: Clearwater, Hells Canyon, Imnaha, Lower Grande Ronde, Lower North Fork Clearwater, Lower Salmon, Lower Snake, Lower Snake-Asotin, Lower Snake-Tucannon, and Palouse. // Critical habitat for all listed Snake River salmon includes the bottom and water of the waterways and the adjacent riparian zone. The riparian zone includes those areas within 300 feet (91.4 m) of the normal line of high water of a stream channel or from the shoreline of a standing body of water. Essential features of these areas include adequate: (1) Substrate (especially spawning gravel); (2) water quality; (3) water quantity; (4) water temperature; (5) water velocity; (6) cover/shelter; (7) food; (8) riparian vegetation; (9) space; and (10) migration conditions.",Pacific,"Idaho, Oregon, Washington",Juvenile migration corridors,Water quantity,1,1,0,0,1,1,,designated,58 FR 68543,12/28/1993,https://www.federalregister.gov/citation/58-FR-68543,,,,0,0,0,0,0,0,0,0,0,0,0,0,0,0,0,0,0,0,0,0,1,0,0,0,0,0,28,,Water quantity
22,Chinook Salmon,Snake River Fall-Run ESU,,"The designated habitat for Snake River fall chinook salmon includes: The Columbia River from the Pacific Ocean to its confluence with the Snake River; , the Snake River from its confluence with the Columbia River to Hells Canyon Dam; the Palouse River from its confluence with the Snake River upstream to Palouse Falls; the Clearwater River from its confluence with the Snake River upstream to its confluence with Lolo Greek; the North Fork Clearwater River from its confluence with the Clearwater River upstream to Dworshak Dam; all river reaches presently or historically accessible to Snake River fall chinook salmon (except reaches above impassable natural falls) in the following hydrologic units: Clearwater, Hells Canyon, Imnaha, Lower Grande Ronde, Lower North Fork Clearwater, Lower Salmon, Lower Snake, Lower Snake-Asotin, Lower Snake-Tucannon, and Palouse. // Critical habitat for all listed Snake River salmon includes the bottom and water of the waterways and the adjacent riparian zone. The riparian zone includes those areas within 300 feet (91.4 m) of the normal line of high water of a stream channel or from the shoreline of a standing body of water. Essential features of these areas include adequate: (1) Substrate (especially spawning gravel); (2) water quality; (3) water quantity; (4) water temperature; (5) water velocity; (6) cover/shelter; (7) food; (8) riparian vegetation; (9) space; and (10) migration conditions.",Pacific,"Idaho, Oregon, Washington",Juvenile migration corridors,Water temperature,1,1,0,0,1,1,,designated,58 FR 68543,12/28/1993,https://www.federalregister.gov/citation/58-FR-68543,,,,0,0,0,0,0,0,0,0,0,0,0,0,0,1,1,0,0,0,0,0,0,0,0,0,0,0,28,,Water temperature
23,Chinook Salmon,Snake River Fall-Run ESU,,"The designated habitat for Snake River fall chinook salmon includes: The Columbia River from the Pacific Ocean to its confluence with the Snake River; , the Snake River from its confluence with the Columbia River to Hells Canyon Dam; the Palouse River from its confluence with the Snake River upstream to Palouse Falls; the Clearwater River from its confluence with the Snake River upstream to its confluence with Lolo Greek; the North Fork Clearwater River from its confluence with the Clearwater River upstream to Dworshak Dam; all river reaches presently or historically accessible to Snake River fall chinook salmon (except reaches above impassable natural falls) in the following hydrologic units: Clearwater, Hells Canyon, Imnaha, Lower Grande Ronde, Lower North Fork Clearwater, Lower Salmon, Lower Snake, Lower Snake-Asotin, Lower Snake-Tucannon, and Palouse. // Critical habitat for all listed Snake River salmon includes the bottom and water of the waterways and the adjacent riparian zone. The riparian zone includes those areas within 300 feet (91.4 m) of the normal line of high water of a stream channel or from the shoreline of a standing body of water. Essential features of these areas include adequate: (1) Substrate (especially spawning gravel); (2) water quality; (3) water quantity; (4) water temperature; (5) water velocity; (6) cover/shelter; (7) food; (8) riparian vegetation; (9) space; and (10) migration conditions.",Pacific,"Idaho, Oregon, Washington",Juvenile migration corridors,Water velocity,1,1,0,0,1,1,,designated,58 FR 68543,12/28/1993,https://www.federalregister.gov/citation/58-FR-68543,,,,0,0,0,0,0,0,0,0,0,0,0,0,0,0,0,0,0,0,0,0,0,1,0,0,0,0,28,,Water velocity
24,Chinook Salmon,Snake River Fall-Run ESU,,"The designated habitat for Snake River fall chinook salmon includes: The Columbia River from the Pacific Ocean to its confluence with the Snake River; , the Snake River from its confluence with the Columbia River to Hells Canyon Dam; the Palouse River from its confluence with the Snake River upstream to Palouse Falls; the Clearwater River from its confluence with the Snake River upstream to its confluence with Lolo Greek; the North Fork Clearwater River from its confluence with the Clearwater River upstream to Dworshak Dam; all river reaches presently or historically accessible to Snake River fall chinook salmon (except reaches above impassable natural falls) in the following hydrologic units: Clearwater, Hells Canyon, Imnaha, Lower Grande Ronde, Lower North Fork Clearwater, Lower Salmon, Lower Snake, Lower Snake-Asotin, Lower Snake-Tucannon, and Palouse. // Critical habitat for all listed Snake River salmon includes the bottom and water of the waterways and the adjacent riparian zone. The riparian zone includes those areas within 300 feet (91.4 m) of the normal line of high water of a stream channel or from the shoreline of a standing body of water. Essential features of these areas include adequate: (1) Substrate (especially spawning gravel); (2) water quality; (3) water quantity; (4) water temperature; (5) water velocity; (6) cover/shelter; (7) food; (8) riparian vegetation; (9) space; and (10) migration conditions.",Pacific,"Idaho, Oregon, Washington",Juvenile migration corridors,Cover/shelter,1,1,0,1,1,1,,designated,58 FR 68543,12/28/1993,https://www.federalregister.gov/citation/58-FR-68543,,,,0,0,0,0,0,0,0,0,0,0,1,0,0,0,0,0,0,0,0,0,0,0,1,0,0,0,28,,Cover/shelter
25,Chinook Salmon,Snake River Fall-Run ESU,,"The designated habitat for Snake River fall chinook salmon includes: The Columbia River from the Pacific Ocean to its confluence with the Snake River; , the Snake River from its confluence with the Columbia River to Hells Canyon Dam; the Palouse River from its confluence with the Snake River upstream to Palouse Falls; the Clearwater River from its confluence with the Snake River upstream to its confluence with Lolo Greek; the North Fork Clearwater River from its confluence with the Clearwater River upstream to Dworshak Dam; all river reaches presently or historically accessible to Snake River fall chinook salmon (except reaches above impassable natural falls) in the following hydrologic units: Clearwater, Hells Canyon, Imnaha, Lower Grande Ronde, Lower North Fork Clearwater, Lower Salmon, Lower Snake, Lower Snake-Asotin, Lower Snake-Tucannon, and Palouse. // Critical habitat for all listed Snake River salmon includes the bottom and water of the waterways and the adjacent riparian zone. The riparian zone includes those areas within 300 feet (91.4 m) of the normal line of high water of a stream channel or from the shoreline of a standing body of water. Essential features of these areas include adequate: (1) Substrate (especially spawning gravel); (2) water quality; (3) water quantity; (4) water temperature; (5) water velocity; (6) cover/shelter; (7) food; (8) riparian vegetation; (9) space; and (10) migration conditions.",Pacific,"Idaho, Oregon, Washington",Juvenile migration corridors,Food,1,1,0,0,1,1,,designated,58 FR 68543,12/28/1993,https://www.federalregister.gov/citation/58-FR-68543,,,,0,0,0,1,0,0,0,0,0,0,0,0,0,0,0,0,0,0,0,0,0,0,0,0,0,0,28,,Food
26,Chinook Salmon,Snake River Fall-Run ESU,,"The designated habitat for Snake River fall chinook salmon includes: The Columbia River from the Pacific Ocean to its confluence with the Snake River; , the Snake River from its confluence with the Columbia River to Hells Canyon Dam; the Palouse River from its confluence with the Snake River upstream to Palouse Falls; the Clearwater River from its confluence with the Snake River upstream to its confluence with Lolo Greek; the North Fork Clearwater River from its confluence with the Clearwater River upstream to Dworshak Dam; all river reaches presently or historically accessible to Snake River fall chinook salmon (except reaches above impassable natural falls) in the following hydrologic units: Clearwater, Hells Canyon, Imnaha, Lower Grande Ronde, Lower North Fork Clearwater, Lower Salmon, Lower Snake, Lower Snake-Asotin, Lower Snake-Tucannon, and Palouse. // Critical habitat for all listed Snake River salmon includes the bottom and water of the waterways and the adjacent riparian zone. The riparian zone includes those areas within 300 feet (91.4 m) of the normal line of high water of a stream channel or from the shoreline of a standing body of water. Essential features of these areas include adequate: (1) Substrate (especially spawning gravel); (2) water quality; (3) water quantity; (4) water temperature; (5) water velocity; (6) cover/shelter; (7) food; (8) riparian vegetation; (9) space; and (10) migration conditions.",Pacific,"Idaho, Oregon, Washington",Juvenile migration corridors,Riparian vegetation,1,1,0,1,1,1,,designated,58 FR 68543,12/28/1993,https://www.federalregister.gov/citation/58-FR-68543,,,,0,1,0,0,0,0,0,0,0,0,1,0,0,0,0,0,0,0,0,0,0,0,0,0,0,0,28,,Riparian vegetation
27,Chinook Salmon,Snake River Fall-Run ESU,,"The designated habitat for Snake River fall chinook salmon includes: The Columbia River from the Pacific Ocean to its confluence with the Snake River; , the Snake River from its confluence with the Columbia River to Hells Canyon Dam; the Palouse River from its confluence with the Snake River upstream to Palouse Falls; the Clearwater River from its confluence with the Snake River upstream to its confluence with Lolo Greek; the North Fork Clearwater River from its confluence with the Clearwater River upstream to Dworshak Dam; all river reaches presently or historically accessible to Snake River fall chinook salmon (except reaches above impassable natural falls) in the following hydrologic units: Clearwater, Hells Canyon, Imnaha, Lower Grande Ronde, Lower North Fork Clearwater, Lower Salmon, Lower Snake, Lower Snake-Asotin, Lower Snake-Tucannon, and Palouse. // Critical habitat for all listed Snake River salmon includes the bottom and water of the waterways and the adjacent riparian zone. The riparian zone includes those areas within 300 feet (91.4 m) of the normal line of high water of a stream channel or from the shoreline of a standing body of water. Essential features of these areas include adequate: (1) Substrate (especially spawning gravel); (2) water quality; (3) water quantity; (4) water temperature; (5) water velocity; (6) cover/shelter; (7) food; (8) riparian vegetation; (9) space; and (10) migration conditions.",Pacific,"Idaho, Oregon, Washington",Juvenile migration corridors,Space,1,1,0,0,1,1,,designated,58 FR 68543,12/28/1993,https://www.federalregister.gov/citation/58-FR-68543,,,,0,0,0,0,0,0,0,0,0,0,0,0,1,0,0,0,0,0,0,0,0,0,0,0,0,0,28,,Space
28,Chinook Salmon,Snake River Fall-Run ESU,,"The designated habitat for Snake River fall chinook salmon includes: The Columbia River from the Pacific Ocean to its confluence with the Snake River; , the Snake River from its confluence with the Columbia River to Hells Canyon Dam; the Palouse River from its confluence with the Snake River upstream to Palouse Falls; the Clearwater River from its confluence with the Snake River upstream to its confluence with Lolo Greek; the North Fork Clearwater River from its confluence with the Clearwater River upstream to Dworshak Dam; all river reaches presently or historically accessible to Snake River fall chinook salmon (except reaches above impassable natural falls) in the following hydrologic units: Clearwater, Hells Canyon, Imnaha, Lower Grande Ronde, Lower North Fork Clearwater, Lower Salmon, Lower Snake, Lower Snake-Asotin, Lower Snake-Tucannon, and Palouse. // Critical habitat for all listed Snake River salmon includes the bottom and water of the waterways and the adjacent riparian zone. The riparian zone includes those areas within 300 feet (91.4 m) of the normal line of high water of a stream channel or from the shoreline of a standing body of water. Essential features of these areas include adequate: (1) Substrate (especially spawning gravel); (2) water quality; (3) water quantity; (4) water temperature; (5) water velocity; (6) cover/shelter; (7) food; (8) riparian vegetation; (9) space; and (10) migration conditions.",Pacific,"Idaho, Oregon, Washington",Juvenile migration corridors,Safe passage conditions,1,1,0,0,1,1,,designated,58 FR 68543,12/28/1993,https://www.federalregister.gov/citation/58-FR-68543,,,,0,0,0,0,0,0,0,0,0,1,0,0,0,0,0,0,0,0,0,0,0,0,0,0,0,0,28,,Safe passage conditions
29,Chinook Salmon,Snake River Fall-Run ESU,,"The designated habitat for Snake River fall chinook salmon includes: The Columbia River from the Pacific Ocean to its confluence with the Snake River; , the Snake River from its confluence with the Columbia River to Hells Canyon Dam; the Palouse River from its confluence with the Snake River upstream to Palouse Falls; the Clearwater River from its confluence with the Snake River upstream to its confluence with Lolo Greek; the North Fork Clearwater River from its confluence with the Clearwater River upstream to Dworshak Dam; all river reaches presently or historically accessible to Snake River fall chinook salmon (except reaches above impassable natural falls) in the following hydrologic units: Clearwater, Hells Canyon, Imnaha, Lower Grande Ronde, Lower North Fork Clearwater, Lower Salmon, Lower Snake, Lower Snake-Asotin, Lower Snake-Tucannon, and Palouse. // Critical habitat for all listed Snake River salmon includes the bottom and water of the waterways and the adjacent riparian zone. The riparian zone includes those areas within 300 feet (91.4 m) of the normal line of high water of a stream channel or from the shoreline of a standing body of water. Essential features of these areas include adequate: (1) Substrate (especially spawning gravel); (2) water quality; (3) water quantity; (4) water temperature; (5) water velocity; (6) cover/shelter; (7) food; (8) riparian vegetation; (9) space; and (10) migration conditions.",Pacific,"Idaho, Oregon, Washington",Areas for growth and development to adulthood,Essential areas and features have not been identified,1,1,0,0,NA,NA,,designated,58 FR 68543,12/28/1993,https://www.federalregister.gov/citation/58-FR-68543,,,,0,0,0,0,0,0,0,0,0,0,0,0,0,0,0,0,0,0,0,0,0,0,0,0,0,1,28,,Essential areas and features for growth and development to adulthood have not been identified
30,Chinook Salmon,Snake River Fall-Run ESU,,"The designated habitat for Snake River fall chinook salmon includes: The Columbia River from the Pacific Ocean to its confluence with the Snake River; , the Snake River from its confluence with the Columbia River to Hells Canyon Dam; the Palouse River from its confluence with the Snake River upstream to Palouse Falls; the Clearwater River from its confluence with the Snake River upstream to its confluence with Lolo Greek; the North Fork Clearwater River from its confluence with the Clearwater River upstream to Dworshak Dam; all river reaches presently or historically accessible to Snake River fall chinook salmon (except reaches above impassable natural falls) in the following hydrologic units: Clearwater, Hells Canyon, Imnaha, Lower Grande Ronde, Lower North Fork Clearwater, Lower Salmon, Lower Snake, Lower Snake-Asotin, Lower Snake-Tucannon, and Palouse. // Critical habitat for all listed Snake River salmon includes the bottom and water of the waterways and the adjacent riparian zone. The riparian zone includes those areas within 300 feet (91.4 m) of the normal line of high water of a stream channel or from the shoreline of a standing body of water. Essential features of these areas include adequate: (1) Substrate (especially spawning gravel); (2) water quality; (3) water quantity; (4) water temperature; (5) water velocity; (6) cover/shelter; (7) food; (8) riparian vegetation; (9) space; and (10) migration conditions.",Pacific,"Idaho, Oregon, Washington",Adult migration corridors,Substrate,1,1,0,0,1,1,,designated,58 FR 68543,12/28/1993,https://www.federalregister.gov/citation/58-FR-68543,,,,0,0,0,0,1,1,0,0,0,0,0,0,0,0,0,0,0,0,1,0,0,0,0,0,0,0,28,,Substrate
31,Chinook Salmon,Snake River Fall-Run ESU,,"The designated habitat for Snake River fall chinook salmon includes: The Columbia River from the Pacific Ocean to its confluence with the Snake River; , the Snake River from its confluence with the Columbia River to Hells Canyon Dam; the Palouse River from its confluence with the Snake River upstream to Palouse Falls; the Clearwater River from its confluence with the Snake River upstream to its confluence with Lolo Greek; the North Fork Clearwater River from its confluence with the Clearwater River upstream to Dworshak Dam; all river reaches presently or historically accessible to Snake River fall chinook salmon (except reaches above impassable natural falls) in the following hydrologic units: Clearwater, Hells Canyon, Imnaha, Lower Grande Ronde, Lower North Fork Clearwater, Lower Salmon, Lower Snake, Lower Snake-Asotin, Lower Snake-Tucannon, and Palouse. // Critical habitat for all listed Snake River salmon includes the bottom and water of the waterways and the adjacent riparian zone. The riparian zone includes those areas within 300 feet (91.4 m) of the normal line of high water of a stream channel or from the shoreline of a standing body of water. Essential features of these areas include adequate: (1) Substrate (especially spawning gravel); (2) water quality; (3) water quantity; (4) water temperature; (5) water velocity; (6) cover/shelter; (7) food; (8) riparian vegetation; (9) space; and (10) migration conditions.",Pacific,"Idaho, Oregon, Washington",Adult migration corridors,Water quality,1,1,0,0,1,1,,designated,58 FR 68543,12/28/1993,https://www.federalregister.gov/citation/58-FR-68543,,,,0,0,0,0,0,0,0,0,1,0,0,0,0,1,0,0,0,0,0,0,0,0,0,0,0,0,28,,Water quality
32,Chinook Salmon,Snake River Fall-Run ESU,,"The designated habitat for Snake River fall chinook salmon includes: The Columbia River from the Pacific Ocean to its confluence with the Snake River; , the Snake River from its confluence with the Columbia River to Hells Canyon Dam; the Palouse River from its confluence with the Snake River upstream to Palouse Falls; the Clearwater River from its confluence with the Snake River upstream to its confluence with Lolo Greek; the North Fork Clearwater River from its confluence with the Clearwater River upstream to Dworshak Dam; all river reaches presently or historically accessible to Snake River fall chinook salmon (except reaches above impassable natural falls) in the following hydrologic units: Clearwater, Hells Canyon, Imnaha, Lower Grande Ronde, Lower North Fork Clearwater, Lower Salmon, Lower Snake, Lower Snake-Asotin, Lower Snake-Tucannon, and Palouse. // Critical habitat for all listed Snake River salmon includes the bottom and water of the waterways and the adjacent riparian zone. The riparian zone includes those areas within 300 feet (91.4 m) of the normal line of high water of a stream channel or from the shoreline of a standing body of water. Essential features of these areas include adequate: (1) Substrate (especially spawning gravel); (2) water quality; (3) water quantity; (4) water temperature; (5) water velocity; (6) cover/shelter; (7) food; (8) riparian vegetation; (9) space; and (10) migration conditions.",Pacific,"Idaho, Oregon, Washington",Adult migration corridors,Water quantity,1,1,0,0,1,1,,designated,58 FR 68543,12/28/1993,https://www.federalregister.gov/citation/58-FR-68543,,,,0,0,0,0,0,0,0,0,0,0,0,0,0,0,0,0,0,0,0,0,1,0,0,0,0,0,28,,Water quantity
33,Chinook Salmon,Snake River Fall-Run ESU,,"The designated habitat for Snake River fall chinook salmon includes: The Columbia River from the Pacific Ocean to its confluence with the Snake River; , the Snake River from its confluence with the Columbia River to Hells Canyon Dam; the Palouse River from its confluence with the Snake River upstream to Palouse Falls; the Clearwater River from its confluence with the Snake River upstream to its confluence with Lolo Greek; the North Fork Clearwater River from its confluence with the Clearwater River upstream to Dworshak Dam; all river reaches presently or historically accessible to Snake River fall chinook salmon (except reaches above impassable natural falls) in the following hydrologic units: Clearwater, Hells Canyon, Imnaha, Lower Grande Ronde, Lower North Fork Clearwater, Lower Salmon, Lower Snake, Lower Snake-Asotin, Lower Snake-Tucannon, and Palouse. // Critical habitat for all listed Snake River salmon includes the bottom and water of the waterways and the adjacent riparian zone. The riparian zone includes those areas within 300 feet (91.4 m) of the normal line of high water of a stream channel or from the shoreline of a standing body of water. Essential features of these areas include adequate: (1) Substrate (especially spawning gravel); (2) water quality; (3) water quantity; (4) water temperature; (5) water velocity; (6) cover/shelter; (7) food; (8) riparian vegetation; (9) space; and (10) migration conditions.",Pacific,"Idaho, Oregon, Washington",Adult migration corridors,Water temperature,1,1,0,0,1,1,,designated,58 FR 68543,12/28/1993,https://www.federalregister.gov/citation/58-FR-68543,,,,0,0,0,0,0,0,0,0,0,0,0,0,0,1,1,0,0,0,0,0,0,0,0,0,0,0,28,,Water temperature
34,Chinook Salmon,Snake River Fall-Run ESU,,"The designated habitat for Snake River fall chinook salmon includes: The Columbia River from the Pacific Ocean to its confluence with the Snake River; , the Snake River from its confluence with the Columbia River to Hells Canyon Dam; the Palouse River from its confluence with the Snake River upstream to Palouse Falls; the Clearwater River from its confluence with the Snake River upstream to its confluence with Lolo Greek; the North Fork Clearwater River from its confluence with the Clearwater River upstream to Dworshak Dam; all river reaches presently or historically accessible to Snake River fall chinook salmon (except reaches above impassable natural falls) in the following hydrologic units: Clearwater, Hells Canyon, Imnaha, Lower Grande Ronde, Lower North Fork Clearwater, Lower Salmon, Lower Snake, Lower Snake-Asotin, Lower Snake-Tucannon, and Palouse. // Critical habitat for all listed Snake River salmon includes the bottom and water of the waterways and the adjacent riparian zone. The riparian zone includes those areas within 300 feet (91.4 m) of the normal line of high water of a stream channel or from the shoreline of a standing body of water. Essential features of these areas include adequate: (1) Substrate (especially spawning gravel); (2) water quality; (3) water quantity; (4) water temperature; (5) water velocity; (6) cover/shelter; (7) food; (8) riparian vegetation; (9) space; and (10) migration conditions.",Pacific,"Idaho, Oregon, Washington",Adult migration corridors,Water velocity,1,1,0,0,1,1,,designated,58 FR 68543,12/28/1993,https://www.federalregister.gov/citation/58-FR-68543,,,,0,0,0,0,0,0,0,0,0,0,0,0,0,0,0,0,0,0,0,0,0,1,0,0,0,0,28,,Water velocity
35,Chinook Salmon,Snake River Fall-Run ESU,,"The designated habitat for Snake River fall chinook salmon includes: The Columbia River from the Pacific Ocean to its confluence with the Snake River; , the Snake River from its confluence with the Columbia River to Hells Canyon Dam; the Palouse River from its confluence with the Snake River upstream to Palouse Falls; the Clearwater River from its confluence with the Snake River upstream to its confluence with Lolo Greek; the North Fork Clearwater River from its confluence with the Clearwater River upstream to Dworshak Dam; all river reaches presently or historically accessible to Snake River fall chinook salmon (except reaches above impassable natural falls) in the following hydrologic units: Clearwater, Hells Canyon, Imnaha, Lower Grande Ronde, Lower North Fork Clearwater, Lower Salmon, Lower Snake, Lower Snake-Asotin, Lower Snake-Tucannon, and Palouse. // Critical habitat for all listed Snake River salmon includes the bottom and water of the waterways and the adjacent riparian zone. The riparian zone includes those areas within 300 feet (91.4 m) of the normal line of high water of a stream channel or from the shoreline of a standing body of water. Essential features of these areas include adequate: (1) Substrate (especially spawning gravel); (2) water quality; (3) water quantity; (4) water temperature; (5) water velocity; (6) cover/shelter; (7) food; (8) riparian vegetation; (9) space; and (10) migration conditions.",Pacific,"Idaho, Oregon, Washington",Adult migration corridors,Cover/shelter,1,1,0,1,1,1,,designated,58 FR 68543,12/28/1993,https://www.federalregister.gov/citation/58-FR-68543,,,,0,0,0,0,0,0,0,0,0,0,1,0,0,0,0,0,0,0,0,0,0,0,1,0,0,0,28,,Cover/shelter
36,Chinook Salmon,Snake River Fall-Run ESU,,"The designated habitat for Snake River fall chinook salmon includes: The Columbia River from the Pacific Ocean to its confluence with the Snake River; , the Snake River from its confluence with the Columbia River to Hells Canyon Dam; the Palouse River from its confluence with the Snake River upstream to Palouse Falls; the Clearwater River from its confluence with the Snake River upstream to its confluence with Lolo Greek; the North Fork Clearwater River from its confluence with the Clearwater River upstream to Dworshak Dam; all river reaches presently or historically accessible to Snake River fall chinook salmon (except reaches above impassable natural falls) in the following hydrologic units: Clearwater, Hells Canyon, Imnaha, Lower Grande Ronde, Lower North Fork Clearwater, Lower Salmon, Lower Snake, Lower Snake-Asotin, Lower Snake-Tucannon, and Palouse. // Critical habitat for all listed Snake River salmon includes the bottom and water of the waterways and the adjacent riparian zone. The riparian zone includes those areas within 300 feet (91.4 m) of the normal line of high water of a stream channel or from the shoreline of a standing body of water. Essential features of these areas include adequate: (1) Substrate (especially spawning gravel); (2) water quality; (3) water quantity; (4) water temperature; (5) water velocity; (6) cover/shelter; (7) food; (8) riparian vegetation; (9) space; and (10) migration conditions.",Pacific,"Idaho, Oregon, Washington",Adult migration corridors,Riparian vegetation,1,1,0,1,1,1,,designated,58 FR 68543,12/28/1993,https://www.federalregister.gov/citation/58-FR-68543,,,,0,1,0,0,0,0,0,0,0,0,1,0,0,0,0,0,0,0,0,0,0,0,0,0,0,0,28,,Riparian vegetation
37,Chinook Salmon,Snake River Fall-Run ESU,,"The designated habitat for Snake River fall chinook salmon includes: The Columbia River from the Pacific Ocean to its confluence with the Snake River; , the Snake River from its confluence with the Columbia River to Hells Canyon Dam; the Palouse River from its confluence with the Snake River upstream to Palouse Falls; the Clearwater River from its confluence with the Snake River upstream to its confluence with Lolo Greek; the North Fork Clearwater River from its confluence with the Clearwater River upstream to Dworshak Dam; all river reaches presently or historically accessible to Snake River fall chinook salmon (except reaches above impassable natural falls) in the following hydrologic units: Clearwater, Hells Canyon, Imnaha, Lower Grande Ronde, Lower North Fork Clearwater, Lower Salmon, Lower Snake, Lower Snake-Asotin, Lower Snake-Tucannon, and Palouse. // Critical habitat for all listed Snake River salmon includes the bottom and water of the waterways and the adjacent riparian zone. The riparian zone includes those areas within 300 feet (91.4 m) of the normal line of high water of a stream channel or from the shoreline of a standing body of water. Essential features of these areas include adequate: (1) Substrate (especially spawning gravel); (2) water quality; (3) water quantity; (4) water temperature; (5) water velocity; (6) cover/shelter; (7) food; (8) riparian vegetation; (9) space; and (10) migration conditions.",Pacific,"Idaho, Oregon, Washington",Adult migration corridors,Space,1,1,0,0,1,1,,designated,58 FR 68543,12/28/1993,https://www.federalregister.gov/citation/58-FR-68543,,,,0,0,0,0,0,0,0,0,0,0,0,0,1,0,0,0,0,0,0,0,0,0,0,0,0,0,28,,Space
38,Chinook Salmon,Snake River Fall-Run ESU,,"The designated habitat for Snake River fall chinook salmon includes: The Columbia River from the Pacific Ocean to its confluence with the Snake River; , the Snake River from its confluence with the Columbia River to Hells Canyon Dam; the Palouse River from its confluence with the Snake River upstream to Palouse Falls; the Clearwater River from its confluence with the Snake River upstream to its confluence with Lolo Greek; the North Fork Clearwater River from its confluence with the Clearwater River upstream to Dworshak Dam; all river reaches presently or historically accessible to Snake River fall chinook salmon (except reaches above impassable natural falls) in the following hydrologic units: Clearwater, Hells Canyon, Imnaha, Lower Grande Ronde, Lower North Fork Clearwater, Lower Salmon, Lower Snake, Lower Snake-Asotin, Lower Snake-Tucannon, and Palouse. // Critical habitat for all listed Snake River salmon includes the bottom and water of the waterways and the adjacent riparian zone. The riparian zone includes those areas within 300 feet (91.4 m) of the normal line of high water of a stream channel or from the shoreline of a standing body of water. Essential features of these areas include adequate: (1) Substrate (especially spawning gravel); (2) water quality; (3) water quantity; (4) water temperature; (5) water velocity; (6) cover/shelter; (7) food; (8) riparian vegetation; (9) space; and (10) migration conditions.",Pacific,"Idaho, Oregon, Washington",Adult migration corridors,Safe passage conditions,1,1,0,0,1,1,,designated,58 FR 68543,12/28/1993,https://www.federalregister.gov/citation/58-FR-68543,,,,0,0,0,0,0,0,0,0,0,1,0,0,0,0,0,0,0,0,0,0,0,0,0,0,0,0,28,,Safe passage conditions
39,Chinook Salmon,Snake River Spring/Summer Run ESU,,"The designated habitat for Snake River spring/summer chinook salmon includes: The Columbia River from the Pacific Ocean to its confluence with the Snake River; the Snake River from its confluence with the Columbia River to its confluence with Granite Creek; Asotin, Sheep, and Granite Creeks; all river reaches presently or historically accessible (except reaches above impassable natural falls, and Dworshak and Hells Canyon Dams) to Snake River spring/summer chinook salmon in the following hydrologic units: Hells Canyon, Imnaha, Lemhi, Little Salmon, Lower Grande Ronde, Lower Middle Fork Salmon, Lower Salmon, Lower Snake-Asotin, Lower Snake-Tucannon, Middle Salmon-Chamberlain, Middle Salmon-Panther, Pahsimeroi, South Fork Salmon, Upper Middle Fork .Salmon, Upper Grande Ronde, Upper Salmon, and Wallowa. // Critical habitat for all listed Snake River salmon includes the bottom and water of the waterways and the adjacent riparian zone. The riparian zone includes those areas within 300 feet (91.4 m) of the normal line of high water of a stream channel or from the shoreline of a standing body of water. Essential features of these areas include adequate: (1) Substrate (especially spawning gravel); (2) water quality; (3) water quantity; (4) water temperature; (5) water velocity; (6) cover/shelter; (7) food; (8) riparian vegetation; (9) space; and (10) migration conditions.",Pacific,"Idaho, Oregon, Washington",Spawning and juvenile rearing areas,Spawning gravel,1,1,0,0,0,0,,designated,58 FR 68543,12/28/1993,https://www.federalregister.gov/citation/58-FR-68543,64 FR 57399,10/25/1999,https://www.federalregister.gov/documents/1999/10/25/99-27585/designated-critical-habitat-revision-of-critical-habitat-for-snake-river-springsummer-chinook-salmon,0,0,0,0,1,1,0,0,0,0,0,0,0,0,0,0,0,0,1,0,0,0,0,0,0,0,28,,Spawning gravel
40,Chinook Salmon,Snake River Spring/Summer Run ESU,,"The designated habitat for Snake River spring/summer chinook salmon includes: The Columbia River from the Pacific Ocean to its confluence with the Snake River; the Snake River from its confluence with the Columbia River to its confluence with Granite Creek; Asotin, Sheep, and Granite Creeks; all river reaches presently or historically accessible (except reaches above impassable natural falls, and Dworshak and Hells Canyon Dams) to Snake River spring/summer chinook salmon in the following hydrologic units: Hells Canyon, Imnaha, Lemhi, Little Salmon, Lower Grande Ronde, Lower Middle Fork Salmon, Lower Salmon, Lower Snake-Asotin, Lower Snake-Tucannon, Middle Salmon-Chamberlain, Middle Salmon-Panther, Pahsimeroi, South Fork Salmon, Upper Middle Fork .Salmon, Upper Grande Ronde, Upper Salmon, and Wallowa. // Critical habitat for all listed Snake River salmon includes the bottom and water of the waterways and the adjacent riparian zone. The riparian zone includes those areas within 300 feet (91.4 m) of the normal line of high water of a stream channel or from the shoreline of a standing body of water. Essential features of these areas include adequate: (1) Substrate (especially spawning gravel); (2) water quality; (3) water quantity; (4) water temperature; (5) water velocity; (6) cover/shelter; (7) food; (8) riparian vegetation; (9) space; and (10) migration conditions.",Pacific,"Idaho, Oregon, Washington",Spawning and juvenile rearing areas,Water quality,1,1,0,0,1,1,,designated,58 FR 68543,12/28/1993,https://www.federalregister.gov/citation/58-FR-68543,64 FR 57399,10/25/1999,https://www.federalregister.gov/documents/1999/10/25/99-27585/designated-critical-habitat-revision-of-critical-habitat-for-snake-river-springsummer-chinook-salmon,0,0,0,0,0,0,0,0,1,0,0,0,0,1,0,0,0,0,0,0,0,0,0,0,0,0,28,,Water quality
41,Chinook Salmon,Snake River Spring/Summer Run ESU,,"The designated habitat for Snake River spring/summer chinook salmon includes: The Columbia River from the Pacific Ocean to its confluence with the Snake River; the Snake River from its confluence with the Columbia River to its confluence with Granite Creek; Asotin, Sheep, and Granite Creeks; all river reaches presently or historically accessible (except reaches above impassable natural falls, and Dworshak and Hells Canyon Dams) to Snake River spring/summer chinook salmon in the following hydrologic units: Hells Canyon, Imnaha, Lemhi, Little Salmon, Lower Grande Ronde, Lower Middle Fork Salmon, Lower Salmon, Lower Snake-Asotin, Lower Snake-Tucannon, Middle Salmon-Chamberlain, Middle Salmon-Panther, Pahsimeroi, South Fork Salmon, Upper Middle Fork .Salmon, Upper Grande Ronde, Upper Salmon, and Wallowa. // Critical habitat for all listed Snake River salmon includes the bottom and water of the waterways and the adjacent riparian zone. The riparian zone includes those areas within 300 feet (91.4 m) of the normal line of high water of a stream channel or from the shoreline of a standing body of water. Essential features of these areas include adequate: (1) Substrate (especially spawning gravel); (2) water quality; (3) water quantity; (4) water temperature; (5) water velocity; (6) cover/shelter; (7) food; (8) riparian vegetation; (9) space; and (10) migration conditions.",Pacific,"Idaho, Oregon, Washington",Spawning and juvenile rearing areas,Water quantity,1,1,0,0,1,1,,designated,58 FR 68543,12/28/1993,https://www.federalregister.gov/citation/58-FR-68543,64 FR 57399,10/25/1999,https://www.federalregister.gov/documents/1999/10/25/99-27585/designated-critical-habitat-revision-of-critical-habitat-for-snake-river-springsummer-chinook-salmon,0,0,0,0,0,0,0,0,0,0,0,0,0,0,0,0,0,0,0,0,1,0,0,0,0,0,28,,Water quantity
42,Chinook Salmon,Snake River Spring/Summer Run ESU,,"The designated habitat for Snake River spring/summer chinook salmon includes: The Columbia River from the Pacific Ocean to its confluence with the Snake River; the Snake River from its confluence with the Columbia River to its confluence with Granite Creek; Asotin, Sheep, and Granite Creeks; all river reaches presently or historically accessible (except reaches above impassable natural falls, and Dworshak and Hells Canyon Dams) to Snake River spring/summer chinook salmon in the following hydrologic units: Hells Canyon, Imnaha, Lemhi, Little Salmon, Lower Grande Ronde, Lower Middle Fork Salmon, Lower Salmon, Lower Snake-Asotin, Lower Snake-Tucannon, Middle Salmon-Chamberlain, Middle Salmon-Panther, Pahsimeroi, South Fork Salmon, Upper Middle Fork .Salmon, Upper Grande Ronde, Upper Salmon, and Wallowa. // Critical habitat for all listed Snake River salmon includes the bottom and water of the waterways and the adjacent riparian zone. The riparian zone includes those areas within 300 feet (91.4 m) of the normal line of high water of a stream channel or from the shoreline of a standing body of water. Essential features of these areas include adequate: (1) Substrate (especially spawning gravel); (2) water quality; (3) water quantity; (4) water temperature; (5) water velocity; (6) cover/shelter; (7) food; (8) riparian vegetation; (9) space; and (10) migration conditions.",Pacific,"Idaho, Oregon, Washington",Spawning and juvenile rearing areas,Water temperature,1,1,0,0,1,1,,designated,58 FR 68543,12/28/1993,https://www.federalregister.gov/citation/58-FR-68543,64 FR 57399,10/25/1999,https://www.federalregister.gov/documents/1999/10/25/99-27585/designated-critical-habitat-revision-of-critical-habitat-for-snake-river-springsummer-chinook-salmon,0,0,0,0,0,0,0,0,0,0,0,0,0,1,1,0,0,0,0,0,0,0,0,0,0,0,28,,Water temperature
43,Chinook Salmon,Snake River Spring/Summer Run ESU,,"The designated habitat for Snake River spring/summer chinook salmon includes: The Columbia River from the Pacific Ocean to its confluence with the Snake River; the Snake River from its confluence with the Columbia River to its confluence with Granite Creek; Asotin, Sheep, and Granite Creeks; all river reaches presently or historically accessible (except reaches above impassable natural falls, and Dworshak and Hells Canyon Dams) to Snake River spring/summer chinook salmon in the following hydrologic units: Hells Canyon, Imnaha, Lemhi, Little Salmon, Lower Grande Ronde, Lower Middle Fork Salmon, Lower Salmon, Lower Snake-Asotin, Lower Snake-Tucannon, Middle Salmon-Chamberlain, Middle Salmon-Panther, Pahsimeroi, South Fork Salmon, Upper Middle Fork .Salmon, Upper Grande Ronde, Upper Salmon, and Wallowa. // Critical habitat for all listed Snake River salmon includes the bottom and water of the waterways and the adjacent riparian zone. The riparian zone includes those areas within 300 feet (91.4 m) of the normal line of high water of a stream channel or from the shoreline of a standing body of water. Essential features of these areas include adequate: (1) Substrate (especially spawning gravel); (2) water quality; (3) water quantity; (4) water temperature; (5) water velocity; (6) cover/shelter; (7) food; (8) riparian vegetation; (9) space; and (10) migration conditions.",Pacific,"Idaho, Oregon, Washington",Spawning and juvenile rearing areas,Cover/shelter,1,1,0,1,1,1,,designated,58 FR 68543,12/28/1993,https://www.federalregister.gov/citation/58-FR-68543,64 FR 57399,10/25/1999,https://www.federalregister.gov/documents/1999/10/25/99-27585/designated-critical-habitat-revision-of-critical-habitat-for-snake-river-springsummer-chinook-salmon,0,0,0,0,0,0,0,0,0,0,1,0,0,0,0,0,0,0,0,0,0,0,1,0,0,0,28,,Cover/shelter
44,Chinook Salmon,Snake River Spring/Summer Run ESU,,"The designated habitat for Snake River spring/summer chinook salmon includes: The Columbia River from the Pacific Ocean to its confluence with the Snake River; the Snake River from its confluence with the Columbia River to its confluence with Granite Creek; Asotin, Sheep, and Granite Creeks; all river reaches presently or historically accessible (except reaches above impassable natural falls, and Dworshak and Hells Canyon Dams) to Snake River spring/summer chinook salmon in the following hydrologic units: Hells Canyon, Imnaha, Lemhi, Little Salmon, Lower Grande Ronde, Lower Middle Fork Salmon, Lower Salmon, Lower Snake-Asotin, Lower Snake-Tucannon, Middle Salmon-Chamberlain, Middle Salmon-Panther, Pahsimeroi, South Fork Salmon, Upper Middle Fork .Salmon, Upper Grande Ronde, Upper Salmon, and Wallowa. // Critical habitat for all listed Snake River salmon includes the bottom and water of the waterways and the adjacent riparian zone. The riparian zone includes those areas within 300 feet (91.4 m) of the normal line of high water of a stream channel or from the shoreline of a standing body of water. Essential features of these areas include adequate: (1) Substrate (especially spawning gravel); (2) water quality; (3) water quantity; (4) water temperature; (5) water velocity; (6) cover/shelter; (7) food; (8) riparian vegetation; (9) space; and (10) migration conditions.",Pacific,"Idaho, Oregon, Washington",Spawning and juvenile rearing areas,Food,1,1,0,0,1,1,,designated,58 FR 68543,12/28/1993,https://www.federalregister.gov/citation/58-FR-68543,64 FR 57399,10/25/1999,https://www.federalregister.gov/documents/1999/10/25/99-27585/designated-critical-habitat-revision-of-critical-habitat-for-snake-river-springsummer-chinook-salmon,0,0,0,1,0,0,0,0,0,0,0,0,0,0,0,0,0,0,0,0,0,0,0,0,0,0,28,,Food
45,Chinook Salmon,Snake River Spring/Summer Run ESU,,"The designated habitat for Snake River spring/summer chinook salmon includes: The Columbia River from the Pacific Ocean to its confluence with the Snake River; the Snake River from its confluence with the Columbia River to its confluence with Granite Creek; Asotin, Sheep, and Granite Creeks; all river reaches presently or historically accessible (except reaches above impassable natural falls, and Dworshak and Hells Canyon Dams) to Snake River spring/summer chinook salmon in the following hydrologic units: Hells Canyon, Imnaha, Lemhi, Little Salmon, Lower Grande Ronde, Lower Middle Fork Salmon, Lower Salmon, Lower Snake-Asotin, Lower Snake-Tucannon, Middle Salmon-Chamberlain, Middle Salmon-Panther, Pahsimeroi, South Fork Salmon, Upper Middle Fork .Salmon, Upper Grande Ronde, Upper Salmon, and Wallowa. // Critical habitat for all listed Snake River salmon includes the bottom and water of the waterways and the adjacent riparian zone. The riparian zone includes those areas within 300 feet (91.4 m) of the normal line of high water of a stream channel or from the shoreline of a standing body of water. Essential features of these areas include adequate: (1) Substrate (especially spawning gravel); (2) water quality; (3) water quantity; (4) water temperature; (5) water velocity; (6) cover/shelter; (7) food; (8) riparian vegetation; (9) space; and (10) migration conditions.",Pacific,"Idaho, Oregon, Washington",Spawning and juvenile rearing areas,Riparian vegetation,1,1,0,1,1,1,,designated,58 FR 68543,12/28/1993,https://www.federalregister.gov/citation/58-FR-68543,64 FR 57399,10/25/1999,https://www.federalregister.gov/documents/1999/10/25/99-27585/designated-critical-habitat-revision-of-critical-habitat-for-snake-river-springsummer-chinook-salmon,0,1,0,0,0,0,0,0,0,0,1,0,0,0,0,0,0,0,0,0,0,0,0,0,0,0,28,,Riparian vegetation
46,Chinook Salmon,Snake River Spring/Summer Run ESU,,"The designated habitat for Snake River spring/summer chinook salmon includes: The Columbia River from the Pacific Ocean to its confluence with the Snake River; the Snake River from its confluence with the Columbia River to its confluence with Granite Creek; Asotin, Sheep, and Granite Creeks; all river reaches presently or historically accessible (except reaches above impassable natural falls, and Dworshak and Hells Canyon Dams) to Snake River spring/summer chinook salmon in the following hydrologic units: Hells Canyon, Imnaha, Lemhi, Little Salmon, Lower Grande Ronde, Lower Middle Fork Salmon, Lower Salmon, Lower Snake-Asotin, Lower Snake-Tucannon, Middle Salmon-Chamberlain, Middle Salmon-Panther, Pahsimeroi, South Fork Salmon, Upper Middle Fork .Salmon, Upper Grande Ronde, Upper Salmon, and Wallowa. // Critical habitat for all listed Snake River salmon includes the bottom and water of the waterways and the adjacent riparian zone. The riparian zone includes those areas within 300 feet (91.4 m) of the normal line of high water of a stream channel or from the shoreline of a standing body of water. Essential features of these areas include adequate: (1) Substrate (especially spawning gravel); (2) water quality; (3) water quantity; (4) water temperature; (5) water velocity; (6) cover/shelter; (7) food; (8) riparian vegetation; (9) space; and (10) migration conditions.",Pacific,"Idaho, Oregon, Washington",Spawning and juvenile rearing areas,Space,1,1,0,0,1,1,,designated,58 FR 68543,12/28/1993,https://www.federalregister.gov/citation/58-FR-68543,64 FR 57399,10/25/1999,https://www.federalregister.gov/documents/1999/10/25/99-27585/designated-critical-habitat-revision-of-critical-habitat-for-snake-river-springsummer-chinook-salmon,0,0,0,0,0,0,0,0,0,0,0,0,1,0,0,0,0,0,0,0,0,0,0,0,0,0,28,,Space
47,Chinook Salmon,Snake River Spring/Summer Run ESU,,"The designated habitat for Snake River spring/summer chinook salmon includes: The Columbia River from the Pacific Ocean to its confluence with the Snake River; the Snake River from its confluence with the Columbia River to its confluence with Granite Creek; Asotin, Sheep, and Granite Creeks; all river reaches presently or historically accessible (except reaches above impassable natural falls, and Dworshak and Hells Canyon Dams) to Snake River spring/summer chinook salmon in the following hydrologic units: Hells Canyon, Imnaha, Lemhi, Little Salmon, Lower Grande Ronde, Lower Middle Fork Salmon, Lower Salmon, Lower Snake-Asotin, Lower Snake-Tucannon, Middle Salmon-Chamberlain, Middle Salmon-Panther, Pahsimeroi, South Fork Salmon, Upper Middle Fork .Salmon, Upper Grande Ronde, Upper Salmon, and Wallowa. // Critical habitat for all listed Snake River salmon includes the bottom and water of the waterways and the adjacent riparian zone. The riparian zone includes those areas within 300 feet (91.4 m) of the normal line of high water of a stream channel or from the shoreline of a standing body of water. Essential features of these areas include adequate: (1) Substrate (especially spawning gravel); (2) water quality; (3) water quantity; (4) water temperature; (5) water velocity; (6) cover/shelter; (7) food; (8) riparian vegetation; (9) space; and (10) migration conditions.",Pacific,"Idaho, Oregon, Washington",Juvenile migration corridors,Substrate,1,1,0,0,1,1,,designated,58 FR 68543,12/28/1993,https://www.federalregister.gov/citation/58-FR-68543,64 FR 57399,10/25/1999,https://www.federalregister.gov/documents/1999/10/25/99-27585/designated-critical-habitat-revision-of-critical-habitat-for-snake-river-springsummer-chinook-salmon,0,0,0,0,1,1,0,0,0,0,0,0,0,0,0,0,0,0,1,0,0,0,0,0,0,0,28,,Substrate
48,Chinook Salmon,Snake River Spring/Summer Run ESU,,"The designated habitat for Snake River spring/summer chinook salmon includes: The Columbia River from the Pacific Ocean to its confluence with the Snake River; the Snake River from its confluence with the Columbia River to its confluence with Granite Creek; Asotin, Sheep, and Granite Creeks; all river reaches presently or historically accessible (except reaches above impassable natural falls, and Dworshak and Hells Canyon Dams) to Snake River spring/summer chinook salmon in the following hydrologic units: Hells Canyon, Imnaha, Lemhi, Little Salmon, Lower Grande Ronde, Lower Middle Fork Salmon, Lower Salmon, Lower Snake-Asotin, Lower Snake-Tucannon, Middle Salmon-Chamberlain, Middle Salmon-Panther, Pahsimeroi, South Fork Salmon, Upper Middle Fork .Salmon, Upper Grande Ronde, Upper Salmon, and Wallowa. // Critical habitat for all listed Snake River salmon includes the bottom and water of the waterways and the adjacent riparian zone. The riparian zone includes those areas within 300 feet (91.4 m) of the normal line of high water of a stream channel or from the shoreline of a standing body of water. Essential features of these areas include adequate: (1) Substrate (especially spawning gravel); (2) water quality; (3) water quantity; (4) water temperature; (5) water velocity; (6) cover/shelter; (7) food; (8) riparian vegetation; (9) space; and (10) migration conditions.",Pacific,"Idaho, Oregon, Washington",Juvenile migration corridors,Water quality,1,1,0,0,1,1,,designated,58 FR 68543,12/28/1993,https://www.federalregister.gov/citation/58-FR-68543,64 FR 57399,10/25/1999,https://www.federalregister.gov/documents/1999/10/25/99-27585/designated-critical-habitat-revision-of-critical-habitat-for-snake-river-springsummer-chinook-salmon,0,0,0,0,0,0,0,0,1,0,0,0,0,1,0,0,0,0,0,0,0,0,0,0,0,0,28,,Water quality
49,Chinook Salmon,Snake River Spring/Summer Run ESU,,"The designated habitat for Snake River spring/summer chinook salmon includes: The Columbia River from the Pacific Ocean to its confluence with the Snake River; the Snake River from its confluence with the Columbia River to its confluence with Granite Creek; Asotin, Sheep, and Granite Creeks; all river reaches presently or historically accessible (except reaches above impassable natural falls, and Dworshak and Hells Canyon Dams) to Snake River spring/summer chinook salmon in the following hydrologic units: Hells Canyon, Imnaha, Lemhi, Little Salmon, Lower Grande Ronde, Lower Middle Fork Salmon, Lower Salmon, Lower Snake-Asotin, Lower Snake-Tucannon, Middle Salmon-Chamberlain, Middle Salmon-Panther, Pahsimeroi, South Fork Salmon, Upper Middle Fork .Salmon, Upper Grande Ronde, Upper Salmon, and Wallowa. // Critical habitat for all listed Snake River salmon includes the bottom and water of the waterways and the adjacent riparian zone. The riparian zone includes those areas within 300 feet (91.4 m) of the normal line of high water of a stream channel or from the shoreline of a standing body of water. Essential features of these areas include adequate: (1) Substrate (especially spawning gravel); (2) water quality; (3) water quantity; (4) water temperature; (5) water velocity; (6) cover/shelter; (7) food; (8) riparian vegetation; (9) space; and (10) migration conditions.",Pacific,"Idaho, Oregon, Washington",Juvenile migration corridors,Water quantity,1,1,0,0,1,1,,designated,58 FR 68543,12/28/1993,https://www.federalregister.gov/citation/58-FR-68543,64 FR 57399,10/25/1999,https://www.federalregister.gov/documents/1999/10/25/99-27585/designated-critical-habitat-revision-of-critical-habitat-for-snake-river-springsummer-chinook-salmon,0,0,0,0,0,0,0,0,0,0,0,0,0,0,0,0,0,0,0,0,1,0,0,0,0,0,28,,Water quantity
50,Chinook Salmon,Snake River Spring/Summer Run ESU,,"The designated habitat for Snake River spring/summer chinook salmon includes: The Columbia River from the Pacific Ocean to its confluence with the Snake River; the Snake River from its confluence with the Columbia River to its confluence with Granite Creek; Asotin, Sheep, and Granite Creeks; all river reaches presently or historically accessible (except reaches above impassable natural falls, and Dworshak and Hells Canyon Dams) to Snake River spring/summer chinook salmon in the following hydrologic units: Hells Canyon, Imnaha, Lemhi, Little Salmon, Lower Grande Ronde, Lower Middle Fork Salmon, Lower Salmon, Lower Snake-Asotin, Lower Snake-Tucannon, Middle Salmon-Chamberlain, Middle Salmon-Panther, Pahsimeroi, South Fork Salmon, Upper Middle Fork .Salmon, Upper Grande Ronde, Upper Salmon, and Wallowa. // Critical habitat for all listed Snake River salmon includes the bottom and water of the waterways and the adjacent riparian zone. The riparian zone includes those areas within 300 feet (91.4 m) of the normal line of high water of a stream channel or from the shoreline of a standing body of water. Essential features of these areas include adequate: (1) Substrate (especially spawning gravel); (2) water quality; (3) water quantity; (4) water temperature; (5) water velocity; (6) cover/shelter; (7) food; (8) riparian vegetation; (9) space; and (10) migration conditions.",Pacific,"Idaho, Oregon, Washington",Juvenile migration corridors,Water temperature,1,1,0,0,1,1,,designated,58 FR 68543,12/28/1993,https://www.federalregister.gov/citation/58-FR-68543,64 FR 57399,10/25/1999,https://www.federalregister.gov/documents/1999/10/25/99-27585/designated-critical-habitat-revision-of-critical-habitat-for-snake-river-springsummer-chinook-salmon,0,0,0,0,0,0,0,0,0,0,0,0,0,1,1,0,0,0,0,0,0,0,0,0,0,0,28,,Water temperature
51,Chinook Salmon,Snake River Spring/Summer Run ESU,,"The designated habitat for Snake River spring/summer chinook salmon includes: The Columbia River from the Pacific Ocean to its confluence with the Snake River; the Snake River from its confluence with the Columbia River to its confluence with Granite Creek; Asotin, Sheep, and Granite Creeks; all river reaches presently or historically accessible (except reaches above impassable natural falls, and Dworshak and Hells Canyon Dams) to Snake River spring/summer chinook salmon in the following hydrologic units: Hells Canyon, Imnaha, Lemhi, Little Salmon, Lower Grande Ronde, Lower Middle Fork Salmon, Lower Salmon, Lower Snake-Asotin, Lower Snake-Tucannon, Middle Salmon-Chamberlain, Middle Salmon-Panther, Pahsimeroi, South Fork Salmon, Upper Middle Fork .Salmon, Upper Grande Ronde, Upper Salmon, and Wallowa. // Critical habitat for all listed Snake River salmon includes the bottom and water of the waterways and the adjacent riparian zone. The riparian zone includes those areas within 300 feet (91.4 m) of the normal line of high water of a stream channel or from the shoreline of a standing body of water. Essential features of these areas include adequate: (1) Substrate (especially spawning gravel); (2) water quality; (3) water quantity; (4) water temperature; (5) water velocity; (6) cover/shelter; (7) food; (8) riparian vegetation; (9) space; and (10) migration conditions.",Pacific,"Idaho, Oregon, Washington",Juvenile migration corridors,Water velocity,1,1,0,0,1,1,,designated,58 FR 68543,12/28/1993,https://www.federalregister.gov/citation/58-FR-68543,64 FR 57399,10/25/1999,https://www.federalregister.gov/documents/1999/10/25/99-27585/designated-critical-habitat-revision-of-critical-habitat-for-snake-river-springsummer-chinook-salmon,0,0,0,0,0,0,0,0,0,0,0,0,0,0,0,0,0,0,0,0,0,1,0,0,0,0,28,,Water velocity
52,Chinook Salmon,Snake River Spring/Summer Run ESU,,"The designated habitat for Snake River spring/summer chinook salmon includes: The Columbia River from the Pacific Ocean to its confluence with the Snake River; the Snake River from its confluence with the Columbia River to its confluence with Granite Creek; Asotin, Sheep, and Granite Creeks; all river reaches presently or historically accessible (except reaches above impassable natural falls, and Dworshak and Hells Canyon Dams) to Snake River spring/summer chinook salmon in the following hydrologic units: Hells Canyon, Imnaha, Lemhi, Little Salmon, Lower Grande Ronde, Lower Middle Fork Salmon, Lower Salmon, Lower Snake-Asotin, Lower Snake-Tucannon, Middle Salmon-Chamberlain, Middle Salmon-Panther, Pahsimeroi, South Fork Salmon, Upper Middle Fork .Salmon, Upper Grande Ronde, Upper Salmon, and Wallowa. // Critical habitat for all listed Snake River salmon includes the bottom and water of the waterways and the adjacent riparian zone. The riparian zone includes those areas within 300 feet (91.4 m) of the normal line of high water of a stream channel or from the shoreline of a standing body of water. Essential features of these areas include adequate: (1) Substrate (especially spawning gravel); (2) water quality; (3) water quantity; (4) water temperature; (5) water velocity; (6) cover/shelter; (7) food; (8) riparian vegetation; (9) space; and (10) migration conditions.",Pacific,"Idaho, Oregon, Washington",Juvenile migration corridors,Cover/shelter,1,1,0,1,1,1,,designated,58 FR 68543,12/28/1993,https://www.federalregister.gov/citation/58-FR-68543,64 FR 57399,10/25/1999,https://www.federalregister.gov/documents/1999/10/25/99-27585/designated-critical-habitat-revision-of-critical-habitat-for-snake-river-springsummer-chinook-salmon,0,0,0,0,0,0,0,0,0,0,1,0,0,0,0,0,0,0,0,0,0,0,1,0,0,0,28,,Cover/shelter
53,Chinook Salmon,Snake River Spring/Summer Run ESU,,"The designated habitat for Snake River spring/summer chinook salmon includes: The Columbia River from the Pacific Ocean to its confluence with the Snake River; the Snake River from its confluence with the Columbia River to its confluence with Granite Creek; Asotin, Sheep, and Granite Creeks; all river reaches presently or historically accessible (except reaches above impassable natural falls, and Dworshak and Hells Canyon Dams) to Snake River spring/summer chinook salmon in the following hydrologic units: Hells Canyon, Imnaha, Lemhi, Little Salmon, Lower Grande Ronde, Lower Middle Fork Salmon, Lower Salmon, Lower Snake-Asotin, Lower Snake-Tucannon, Middle Salmon-Chamberlain, Middle Salmon-Panther, Pahsimeroi, South Fork Salmon, Upper Middle Fork .Salmon, Upper Grande Ronde, Upper Salmon, and Wallowa. // Critical habitat for all listed Snake River salmon includes the bottom and water of the waterways and the adjacent riparian zone. The riparian zone includes those areas within 300 feet (91.4 m) of the normal line of high water of a stream channel or from the shoreline of a standing body of water. Essential features of these areas include adequate: (1) Substrate (especially spawning gravel); (2) water quality; (3) water quantity; (4) water temperature; (5) water velocity; (6) cover/shelter; (7) food; (8) riparian vegetation; (9) space; and (10) migration conditions.",Pacific,"Idaho, Oregon, Washington",Juvenile migration corridors,Food,1,1,0,0,1,1,,designated,58 FR 68543,12/28/1993,https://www.federalregister.gov/citation/58-FR-68543,64 FR 57399,10/25/1999,https://www.federalregister.gov/documents/1999/10/25/99-27585/designated-critical-habitat-revision-of-critical-habitat-for-snake-river-springsummer-chinook-salmon,0,0,0,1,0,0,0,0,0,0,0,0,0,0,0,0,0,0,0,0,0,0,0,0,0,0,28,,Food
54,Chinook Salmon,Snake River Spring/Summer Run ESU,,"The designated habitat for Snake River spring/summer chinook salmon includes: The Columbia River from the Pacific Ocean to its confluence with the Snake River; the Snake River from its confluence with the Columbia River to its confluence with Granite Creek; Asotin, Sheep, and Granite Creeks; all river reaches presently or historically accessible (except reaches above impassable natural falls, and Dworshak and Hells Canyon Dams) to Snake River spring/summer chinook salmon in the following hydrologic units: Hells Canyon, Imnaha, Lemhi, Little Salmon, Lower Grande Ronde, Lower Middle Fork Salmon, Lower Salmon, Lower Snake-Asotin, Lower Snake-Tucannon, Middle Salmon-Chamberlain, Middle Salmon-Panther, Pahsimeroi, South Fork Salmon, Upper Middle Fork .Salmon, Upper Grande Ronde, Upper Salmon, and Wallowa. // Critical habitat for all listed Snake River salmon includes the bottom and water of the waterways and the adjacent riparian zone. The riparian zone includes those areas within 300 feet (91.4 m) of the normal line of high water of a stream channel or from the shoreline of a standing body of water. Essential features of these areas include adequate: (1) Substrate (especially spawning gravel); (2) water quality; (3) water quantity; (4) water temperature; (5) water velocity; (6) cover/shelter; (7) food; (8) riparian vegetation; (9) space; and (10) migration conditions.",Pacific,"Idaho, Oregon, Washington",Juvenile migration corridors,Riparian vegetation,1,1,0,1,1,1,,designated,58 FR 68543,12/28/1993,https://www.federalregister.gov/citation/58-FR-68543,64 FR 57399,10/25/1999,https://www.federalregister.gov/documents/1999/10/25/99-27585/designated-critical-habitat-revision-of-critical-habitat-for-snake-river-springsummer-chinook-salmon,0,1,0,0,0,0,0,0,0,0,1,0,0,0,0,0,0,0,0,0,0,0,0,0,0,0,28,,Riparian vegetation
55,Chinook Salmon,Snake River Spring/Summer Run ESU,,"The designated habitat for Snake River spring/summer chinook salmon includes: The Columbia River from the Pacific Ocean to its confluence with the Snake River; the Snake River from its confluence with the Columbia River to its confluence with Granite Creek; Asotin, Sheep, and Granite Creeks; all river reaches presently or historically accessible (except reaches above impassable natural falls, and Dworshak and Hells Canyon Dams) to Snake River spring/summer chinook salmon in the following hydrologic units: Hells Canyon, Imnaha, Lemhi, Little Salmon, Lower Grande Ronde, Lower Middle Fork Salmon, Lower Salmon, Lower Snake-Asotin, Lower Snake-Tucannon, Middle Salmon-Chamberlain, Middle Salmon-Panther, Pahsimeroi, South Fork Salmon, Upper Middle Fork .Salmon, Upper Grande Ronde, Upper Salmon, and Wallowa. // Critical habitat for all listed Snake River salmon includes the bottom and water of the waterways and the adjacent riparian zone. The riparian zone includes those areas within 300 feet (91.4 m) of the normal line of high water of a stream channel or from the shoreline of a standing body of water. Essential features of these areas include adequate: (1) Substrate (especially spawning gravel); (2) water quality; (3) water quantity; (4) water temperature; (5) water velocity; (6) cover/shelter; (7) food; (8) riparian vegetation; (9) space; and (10) migration conditions.",Pacific,"Idaho, Oregon, Washington",Juvenile migration corridors,Space,1,1,0,0,1,1,,designated,58 FR 68543,12/28/1993,https://www.federalregister.gov/citation/58-FR-68543,64 FR 57399,10/25/1999,https://www.federalregister.gov/documents/1999/10/25/99-27585/designated-critical-habitat-revision-of-critical-habitat-for-snake-river-springsummer-chinook-salmon,0,0,0,0,0,0,0,0,0,0,0,0,1,0,0,0,0,0,0,0,0,0,0,0,0,0,28,,Space
56,Chinook Salmon,Snake River Spring/Summer Run ESU,,"The designated habitat for Snake River spring/summer chinook salmon includes: The Columbia River from the Pacific Ocean to its confluence with the Snake River; the Snake River from its confluence with the Columbia River to its confluence with Granite Creek; Asotin, Sheep, and Granite Creeks; all river reaches presently or historically accessible (except reaches above impassable natural falls, and Dworshak and Hells Canyon Dams) to Snake River spring/summer chinook salmon in the following hydrologic units: Hells Canyon, Imnaha, Lemhi, Little Salmon, Lower Grande Ronde, Lower Middle Fork Salmon, Lower Salmon, Lower Snake-Asotin, Lower Snake-Tucannon, Middle Salmon-Chamberlain, Middle Salmon-Panther, Pahsimeroi, South Fork Salmon, Upper Middle Fork .Salmon, Upper Grande Ronde, Upper Salmon, and Wallowa. // Critical habitat for all listed Snake River salmon includes the bottom and water of the waterways and the adjacent riparian zone. The riparian zone includes those areas within 300 feet (91.4 m) of the normal line of high water of a stream channel or from the shoreline of a standing body of water. Essential features of these areas include adequate: (1) Substrate (especially spawning gravel); (2) water quality; (3) water quantity; (4) water temperature; (5) water velocity; (6) cover/shelter; (7) food; (8) riparian vegetation; (9) space; and (10) migration conditions.",Pacific,"Idaho, Oregon, Washington",Juvenile migration corridors,Safe passage conditions,1,1,0,0,1,1,,designated,58 FR 68543,12/28/1993,https://www.federalregister.gov/citation/58-FR-68543,64 FR 57399,10/25/1999,https://www.federalregister.gov/documents/1999/10/25/99-27585/designated-critical-habitat-revision-of-critical-habitat-for-snake-river-springsummer-chinook-salmon,0,0,0,0,0,0,0,0,0,1,0,0,0,0,0,0,0,0,0,0,0,0,0,0,0,0,28,,Safe passage conditions
57,Chinook Salmon,Snake River Spring/Summer Run ESU,,"The designated habitat for Snake River spring/summer chinook salmon includes: The Columbia River from the Pacific Ocean to its confluence with the Snake River; the Snake River from its confluence with the Columbia River to its confluence with Granite Creek; Asotin, Sheep, and Granite Creeks; all river reaches presently or historically accessible (except reaches above impassable natural falls, and Dworshak and Hells Canyon Dams) to Snake River spring/summer chinook salmon in the following hydrologic units: Hells Canyon, Imnaha, Lemhi, Little Salmon, Lower Grande Ronde, Lower Middle Fork Salmon, Lower Salmon, Lower Snake-Asotin, Lower Snake-Tucannon, Middle Salmon-Chamberlain, Middle Salmon-Panther, Pahsimeroi, South Fork Salmon, Upper Middle Fork .Salmon, Upper Grande Ronde, Upper Salmon, and Wallowa. // Critical habitat for all listed Snake River salmon includes the bottom and water of the waterways and the adjacent riparian zone. The riparian zone includes those areas within 300 feet (91.4 m) of the normal line of high water of a stream channel or from the shoreline of a standing body of water. Essential features of these areas include adequate: (1) Substrate (especially spawning gravel); (2) water quality; (3) water quantity; (4) water temperature; (5) water velocity; (6) cover/shelter; (7) food; (8) riparian vegetation; (9) space; and (10) migration conditions.",Pacific,"Idaho, Oregon, Washington",Areas for growth and development to adulthood,Essential areas and features have not been identified,1,1,0,0,NA,NA,,designated,58 FR 68543,12/28/1993,https://www.federalregister.gov/citation/58-FR-68543,64 FR 57399,10/25/1999,https://www.federalregister.gov/documents/1999/10/25/99-27585/designated-critical-habitat-revision-of-critical-habitat-for-snake-river-springsummer-chinook-salmon,0,0,0,0,0,0,0,0,0,0,0,0,0,0,0,0,0,0,0,0,0,0,0,0,0,1,28,,Essential areas and features for growth and development to adulthood have not been identified
58,Chinook Salmon,Snake River Spring/Summer Run ESU,,"The designated habitat for Snake River spring/summer chinook salmon includes: The Columbia River from the Pacific Ocean to its confluence with the Snake River; the Snake River from its confluence with the Columbia River to its confluence with Granite Creek; Asotin, Sheep, and Granite Creeks; all river reaches presently or historically accessible (except reaches above impassable natural falls, and Dworshak and Hells Canyon Dams) to Snake River spring/summer chinook salmon in the following hydrologic units: Hells Canyon, Imnaha, Lemhi, Little Salmon, Lower Grande Ronde, Lower Middle Fork Salmon, Lower Salmon, Lower Snake-Asotin, Lower Snake-Tucannon, Middle Salmon-Chamberlain, Middle Salmon-Panther, Pahsimeroi, South Fork Salmon, Upper Middle Fork .Salmon, Upper Grande Ronde, Upper Salmon, and Wallowa. // Critical habitat for all listed Snake River salmon includes the bottom and water of the waterways and the adjacent riparian zone. The riparian zone includes those areas within 300 feet (91.4 m) of the normal line of high water of a stream channel or from the shoreline of a standing body of water. Essential features of these areas include adequate: (1) Substrate (especially spawning gravel); (2) water quality; (3) water quantity; (4) water temperature; (5) water velocity; (6) cover/shelter; (7) food; (8) riparian vegetation; (9) space; and (10) migration conditions.",Pacific,"Idaho, Oregon, Washington",Adult migration corridors,Substrate,1,1,0,0,1,1,,designated,58 FR 68543,12/28/1993,https://www.federalregister.gov/citation/58-FR-68543,64 FR 57399,10/25/1999,https://www.federalregister.gov/documents/1999/10/25/99-27585/designated-critical-habitat-revision-of-critical-habitat-for-snake-river-springsummer-chinook-salmon,0,0,0,0,1,1,0,0,0,0,0,0,0,0,0,0,0,0,1,0,0,0,0,0,0,0,28,,Substrate
59,Chinook Salmon,Snake River Spring/Summer Run ESU,,"The designated habitat for Snake River spring/summer chinook salmon includes: The Columbia River from the Pacific Ocean to its confluence with the Snake River; the Snake River from its confluence with the Columbia River to its confluence with Granite Creek; Asotin, Sheep, and Granite Creeks; all river reaches presently or historically accessible (except reaches above impassable natural falls, and Dworshak and Hells Canyon Dams) to Snake River spring/summer chinook salmon in the following hydrologic units: Hells Canyon, Imnaha, Lemhi, Little Salmon, Lower Grande Ronde, Lower Middle Fork Salmon, Lower Salmon, Lower Snake-Asotin, Lower Snake-Tucannon, Middle Salmon-Chamberlain, Middle Salmon-Panther, Pahsimeroi, South Fork Salmon, Upper Middle Fork .Salmon, Upper Grande Ronde, Upper Salmon, and Wallowa. // Critical habitat for all listed Snake River salmon includes the bottom and water of the waterways and the adjacent riparian zone. The riparian zone includes those areas within 300 feet (91.4 m) of the normal line of high water of a stream channel or from the shoreline of a standing body of water. Essential features of these areas include adequate: (1) Substrate (especially spawning gravel); (2) water quality; (3) water quantity; (4) water temperature; (5) water velocity; (6) cover/shelter; (7) food; (8) riparian vegetation; (9) space; and (10) migration conditions.",Pacific,"Idaho, Oregon, Washington",Adult migration corridors,Water quality,1,1,0,0,1,1,,designated,58 FR 68543,12/28/1993,https://www.federalregister.gov/citation/58-FR-68543,64 FR 57399,10/25/1999,https://www.federalregister.gov/documents/1999/10/25/99-27585/designated-critical-habitat-revision-of-critical-habitat-for-snake-river-springsummer-chinook-salmon,0,0,0,0,0,0,0,0,1,0,0,0,0,1,0,0,0,0,0,0,0,0,0,0,0,0,28,,Water quality
60,Chinook Salmon,Snake River Spring/Summer Run ESU,,"The designated habitat for Snake River spring/summer chinook salmon includes: The Columbia River from the Pacific Ocean to its confluence with the Snake River; the Snake River from its confluence with the Columbia River to its confluence with Granite Creek; Asotin, Sheep, and Granite Creeks; all river reaches presently or historically accessible (except reaches above impassable natural falls, and Dworshak and Hells Canyon Dams) to Snake River spring/summer chinook salmon in the following hydrologic units: Hells Canyon, Imnaha, Lemhi, Little Salmon, Lower Grande Ronde, Lower Middle Fork Salmon, Lower Salmon, Lower Snake-Asotin, Lower Snake-Tucannon, Middle Salmon-Chamberlain, Middle Salmon-Panther, Pahsimeroi, South Fork Salmon, Upper Middle Fork .Salmon, Upper Grande Ronde, Upper Salmon, and Wallowa. // Critical habitat for all listed Snake River salmon includes the bottom and water of the waterways and the adjacent riparian zone. The riparian zone includes those areas within 300 feet (91.4 m) of the normal line of high water of a stream channel or from the shoreline of a standing body of water. Essential features of these areas include adequate: (1) Substrate (especially spawning gravel); (2) water quality; (3) water quantity; (4) water temperature; (5) water velocity; (6) cover/shelter; (7) food; (8) riparian vegetation; (9) space; and (10) migration conditions.",Pacific,"Idaho, Oregon, Washington",Adult migration corridors,Water quantity,1,1,0,0,1,1,,designated,58 FR 68543,12/28/1993,https://www.federalregister.gov/citation/58-FR-68543,64 FR 57399,10/25/1999,https://www.federalregister.gov/documents/1999/10/25/99-27585/designated-critical-habitat-revision-of-critical-habitat-for-snake-river-springsummer-chinook-salmon,0,0,0,0,0,0,0,0,0,0,0,0,0,0,0,0,0,0,0,0,1,0,0,0,0,0,28,,Water quantity
61,Chinook Salmon,Snake River Spring/Summer Run ESU,,"The designated habitat for Snake River spring/summer chinook salmon includes: The Columbia River from the Pacific Ocean to its confluence with the Snake River; the Snake River from its confluence with the Columbia River to its confluence with Granite Creek; Asotin, Sheep, and Granite Creeks; all river reaches presently or historically accessible (except reaches above impassable natural falls, and Dworshak and Hells Canyon Dams) to Snake River spring/summer chinook salmon in the following hydrologic units: Hells Canyon, Imnaha, Lemhi, Little Salmon, Lower Grande Ronde, Lower Middle Fork Salmon, Lower Salmon, Lower Snake-Asotin, Lower Snake-Tucannon, Middle Salmon-Chamberlain, Middle Salmon-Panther, Pahsimeroi, South Fork Salmon, Upper Middle Fork .Salmon, Upper Grande Ronde, Upper Salmon, and Wallowa. // Critical habitat for all listed Snake River salmon includes the bottom and water of the waterways and the adjacent riparian zone. The riparian zone includes those areas within 300 feet (91.4 m) of the normal line of high water of a stream channel or from the shoreline of a standing body of water. Essential features of these areas include adequate: (1) Substrate (especially spawning gravel); (2) water quality; (3) water quantity; (4) water temperature; (5) water velocity; (6) cover/shelter; (7) food; (8) riparian vegetation; (9) space; and (10) migration conditions.",Pacific,"Idaho, Oregon, Washington",Adult migration corridors,Water temperature,1,1,0,0,1,1,,designated,58 FR 68543,12/28/1993,https://www.federalregister.gov/citation/58-FR-68543,64 FR 57399,10/25/1999,https://www.federalregister.gov/documents/1999/10/25/99-27585/designated-critical-habitat-revision-of-critical-habitat-for-snake-river-springsummer-chinook-salmon,0,0,0,0,0,0,0,0,0,0,0,0,0,1,1,0,0,0,0,0,0,0,0,0,0,0,28,,Water temperature
62,Chinook Salmon,Snake River Spring/Summer Run ESU,,"The designated habitat for Snake River spring/summer chinook salmon includes: The Columbia River from the Pacific Ocean to its confluence with the Snake River; the Snake River from its confluence with the Columbia River to its confluence with Granite Creek; Asotin, Sheep, and Granite Creeks; all river reaches presently or historically accessible (except reaches above impassable natural falls, and Dworshak and Hells Canyon Dams) to Snake River spring/summer chinook salmon in the following hydrologic units: Hells Canyon, Imnaha, Lemhi, Little Salmon, Lower Grande Ronde, Lower Middle Fork Salmon, Lower Salmon, Lower Snake-Asotin, Lower Snake-Tucannon, Middle Salmon-Chamberlain, Middle Salmon-Panther, Pahsimeroi, South Fork Salmon, Upper Middle Fork .Salmon, Upper Grande Ronde, Upper Salmon, and Wallowa. // Critical habitat for all listed Snake River salmon includes the bottom and water of the waterways and the adjacent riparian zone. The riparian zone includes those areas within 300 feet (91.4 m) of the normal line of high water of a stream channel or from the shoreline of a standing body of water. Essential features of these areas include adequate: (1) Substrate (especially spawning gravel); (2) water quality; (3) water quantity; (4) water temperature; (5) water velocity; (6) cover/shelter; (7) food; (8) riparian vegetation; (9) space; and (10) migration conditions.",Pacific,"Idaho, Oregon, Washington",Adult migration corridors,Water velocity,1,1,0,0,1,1,,designated,58 FR 68543,12/28/1993,https://www.federalregister.gov/citation/58-FR-68543,64 FR 57399,10/25/1999,https://www.federalregister.gov/documents/1999/10/25/99-27585/designated-critical-habitat-revision-of-critical-habitat-for-snake-river-springsummer-chinook-salmon,0,0,0,0,0,0,0,0,0,0,0,0,0,0,0,0,0,0,0,0,0,1,0,0,0,0,28,,Water velocity
63,Chinook Salmon,Snake River Spring/Summer Run ESU,,"The designated habitat for Snake River spring/summer chinook salmon includes: The Columbia River from the Pacific Ocean to its confluence with the Snake River; the Snake River from its confluence with the Columbia River to its confluence with Granite Creek; Asotin, Sheep, and Granite Creeks; all river reaches presently or historically accessible (except reaches above impassable natural falls, and Dworshak and Hells Canyon Dams) to Snake River spring/summer chinook salmon in the following hydrologic units: Hells Canyon, Imnaha, Lemhi, Little Salmon, Lower Grande Ronde, Lower Middle Fork Salmon, Lower Salmon, Lower Snake-Asotin, Lower Snake-Tucannon, Middle Salmon-Chamberlain, Middle Salmon-Panther, Pahsimeroi, South Fork Salmon, Upper Middle Fork .Salmon, Upper Grande Ronde, Upper Salmon, and Wallowa. // Critical habitat for all listed Snake River salmon includes the bottom and water of the waterways and the adjacent riparian zone. The riparian zone includes those areas within 300 feet (91.4 m) of the normal line of high water of a stream channel or from the shoreline of a standing body of water. Essential features of these areas include adequate: (1) Substrate (especially spawning gravel); (2) water quality; (3) water quantity; (4) water temperature; (5) water velocity; (6) cover/shelter; (7) food; (8) riparian vegetation; (9) space; and (10) migration conditions.",Pacific,"Idaho, Oregon, Washington",Adult migration corridors,Cover/shelter,1,1,0,1,1,1,,designated,58 FR 68543,12/28/1993,https://www.federalregister.gov/citation/58-FR-68543,64 FR 57399,10/25/1999,https://www.federalregister.gov/documents/1999/10/25/99-27585/designated-critical-habitat-revision-of-critical-habitat-for-snake-river-springsummer-chinook-salmon,0,0,0,0,0,0,0,0,0,0,1,0,0,0,0,0,0,0,0,0,0,0,1,0,0,0,28,,Cover/shelter
64,Chinook Salmon,Snake River Spring/Summer Run ESU,,"The designated habitat for Snake River spring/summer chinook salmon includes: The Columbia River from the Pacific Ocean to its confluence with the Snake River; the Snake River from its confluence with the Columbia River to its confluence with Granite Creek; Asotin, Sheep, and Granite Creeks; all river reaches presently or historically accessible (except reaches above impassable natural falls, and Dworshak and Hells Canyon Dams) to Snake River spring/summer chinook salmon in the following hydrologic units: Hells Canyon, Imnaha, Lemhi, Little Salmon, Lower Grande Ronde, Lower Middle Fork Salmon, Lower Salmon, Lower Snake-Asotin, Lower Snake-Tucannon, Middle Salmon-Chamberlain, Middle Salmon-Panther, Pahsimeroi, South Fork Salmon, Upper Middle Fork .Salmon, Upper Grande Ronde, Upper Salmon, and Wallowa. // Critical habitat for all listed Snake River salmon includes the bottom and water of the waterways and the adjacent riparian zone. The riparian zone includes those areas within 300 feet (91.4 m) of the normal line of high water of a stream channel or from the shoreline of a standing body of water. Essential features of these areas include adequate: (1) Substrate (especially spawning gravel); (2) water quality; (3) water quantity; (4) water temperature; (5) water velocity; (6) cover/shelter; (7) food; (8) riparian vegetation; (9) space; and (10) migration conditions.",Pacific,"Idaho, Oregon, Washington",Adult migration corridors,Riparian vegetation,1,1,0,1,1,1,,designated,58 FR 68543,12/28/1993,https://www.federalregister.gov/citation/58-FR-68543,64 FR 57399,10/25/1999,https://www.federalregister.gov/documents/1999/10/25/99-27585/designated-critical-habitat-revision-of-critical-habitat-for-snake-river-springsummer-chinook-salmon,0,1,0,0,0,0,0,0,0,0,1,0,0,0,0,0,0,0,0,0,0,0,0,0,0,0,28,,Riparian vegetation
65,Chinook Salmon,Snake River Spring/Summer Run ESU,,"The designated habitat for Snake River spring/summer chinook salmon includes: The Columbia River from the Pacific Ocean to its confluence with the Snake River; the Snake River from its confluence with the Columbia River to its confluence with Granite Creek; Asotin, Sheep, and Granite Creeks; all river reaches presently or historically accessible (except reaches above impassable natural falls, and Dworshak and Hells Canyon Dams) to Snake River spring/summer chinook salmon in the following hydrologic units: Hells Canyon, Imnaha, Lemhi, Little Salmon, Lower Grande Ronde, Lower Middle Fork Salmon, Lower Salmon, Lower Snake-Asotin, Lower Snake-Tucannon, Middle Salmon-Chamberlain, Middle Salmon-Panther, Pahsimeroi, South Fork Salmon, Upper Middle Fork .Salmon, Upper Grande Ronde, Upper Salmon, and Wallowa. // Critical habitat for all listed Snake River salmon includes the bottom and water of the waterways and the adjacent riparian zone. The riparian zone includes those areas within 300 feet (91.4 m) of the normal line of high water of a stream channel or from the shoreline of a standing body of water. Essential features of these areas include adequate: (1) Substrate (especially spawning gravel); (2) water quality; (3) water quantity; (4) water temperature; (5) water velocity; (6) cover/shelter; (7) food; (8) riparian vegetation; (9) space; and (10) migration conditions.",Pacific,"Idaho, Oregon, Washington",Adult migration corridors,Space,1,1,0,0,1,1,,designated,58 FR 68543,12/28/1993,https://www.federalregister.gov/citation/58-FR-68543,64 FR 57399,10/25/1999,https://www.federalregister.gov/documents/1999/10/25/99-27585/designated-critical-habitat-revision-of-critical-habitat-for-snake-river-springsummer-chinook-salmon,0,0,0,0,0,0,0,0,0,0,0,0,1,0,0,0,0,0,0,0,0,0,0,0,0,0,28,,Space
66,Chinook Salmon,Snake River Spring/Summer Run ESU,,"The designated habitat for Snake River spring/summer chinook salmon includes: The Columbia River from the Pacific Ocean to its confluence with the Snake River; the Snake River from its confluence with the Columbia River to its confluence with Granite Creek; Asotin, Sheep, and Granite Creeks; all river reaches presently or historically accessible (except reaches above impassable natural falls, and Dworshak and Hells Canyon Dams) to Snake River spring/summer chinook salmon in the following hydrologic units: Hells Canyon, Imnaha, Lemhi, Little Salmon, Lower Grande Ronde, Lower Middle Fork Salmon, Lower Salmon, Lower Snake-Asotin, Lower Snake-Tucannon, Middle Salmon-Chamberlain, Middle Salmon-Panther, Pahsimeroi, South Fork Salmon, Upper Middle Fork .Salmon, Upper Grande Ronde, Upper Salmon, and Wallowa. // Critical habitat for all listed Snake River salmon includes the bottom and water of the waterways and the adjacent riparian zone. The riparian zone includes those areas within 300 feet (91.4 m) of the normal line of high water of a stream channel or from the shoreline of a standing body of water. Essential features of these areas include adequate: (1) Substrate (especially spawning gravel); (2) water quality; (3) water quantity; (4) water temperature; (5) water velocity; (6) cover/shelter; (7) food; (8) riparian vegetation; (9) space; and (10) migration conditions.",Pacific,"Idaho, Oregon, Washington",Adult migration corridors,Safe passage conditions,1,1,0,0,1,1,,designated,58 FR 68543,12/28/1993,https://www.federalregister.gov/citation/58-FR-68543,64 FR 57399,10/25/1999,https://www.federalregister.gov/documents/1999/10/25/99-27585/designated-critical-habitat-revision-of-critical-habitat-for-snake-river-springsummer-chinook-salmon,0,0,0,0,0,0,0,0,0,1,0,0,0,0,0,0,0,0,0,0,0,0,0,0,0,0,28,,Safe passage conditions
67,Sockeye Salmon,Snake River ESU,,"The designated habitat for Snake River sockeye salmon includes: The Columbia River from the Pacific Ocean to its confluence with the Snake River; the Snake River from its confluence with the Columbia River to its confluence with the Salmon River; the Salmon River from its confluence with the Snake River to its confluence with Alturas Lake Creek; Stanley, Redfish, Yellow Belly, Pettit, and Alturas Lakes (including their inlet and outlet creeks); Alturas Lake Creek and that portion of Valley Creek between Stanley Lake Creek and the Salmon River; all river reaches presently or historically accessible (except reaches above impassable natural falls, and Dworshak and Hells Canyon Dams) to Snake River sockeye salmon in the following hydrologic units: Lower Salmon, Lower Snake, Lower Snake-Asotin, Lower Snake-Tucannon, Middle Salmon- Chamberlain, Middle Salmon-Panther, and Upper Salmon. // Critical habitat for all listed Snake River salmon includes the bottom and water of the waterways and the adjacent riparian zone. The riparian zone includes those areas within 300 feet (91.4 m) of the normal line of high water of a stream channel or from the shoreline of a standing body of water. Essential features of these areas include adequate: (1) Substrate (especially spawning gravel); (2) water quality; (3) water quantity; (4) water temperature; (5) water velocity; (6) cover/shelter; (7) food; (8) riparian vegetation; (9) space; and (10) migration conditions.",Pacific,"Idaho, Oregon, Washington",Spawning and juvenile rearing areas,Spawning gravel,1,1,0,0,0,0,,designated,58 FR 68543,12/28/1993,https://www.federalregister.gov/citation/58-FR-68543,,,,0,0,0,0,1,1,0,0,0,0,0,0,0,0,0,0,0,0,1,0,0,0,0,0,0,0,27,,Spawning gravel
68,Sockeye Salmon,Snake River ESU,,"The designated habitat for Snake River sockeye salmon includes: The Columbia River from the Pacific Ocean to its confluence with the Snake River; the Snake River from its confluence with the Columbia River to its confluence with the Salmon River; the Salmon River from its confluence with the Snake River to its confluence with Alturas Lake Creek; Stanley, Redfish, Yellow Belly, Pettit, and Alturas Lakes (including their inlet and outlet creeks); Alturas Lake Creek and that portion of Valley Creek between Stanley Lake Creek and the Salmon River; all river reaches presently or historically accessible (except reaches above impassable natural falls, and Dworshak and Hells Canyon Dams) to Snake River sockeye salmon in the following hydrologic units: Lower Salmon, Lower Snake, Lower Snake-Asotin, Lower Snake-Tucannon, Middle Salmon- Chamberlain, Middle Salmon-Panther, and Upper Salmon. // Critical habitat for all listed Snake River salmon includes the bottom and water of the waterways and the adjacent riparian zone. The riparian zone includes those areas within 300 feet (91.4 m) of the normal line of high water of a stream channel or from the shoreline of a standing body of water. Essential features of these areas include adequate: (1) Substrate (especially spawning gravel); (2) water quality; (3) water quantity; (4) water temperature; (5) water velocity; (6) cover/shelter; (7) food; (8) riparian vegetation; (9) space; and (10) migration conditions.",Pacific,"Idaho, Oregon, Washington",Spawning and juvenile rearing areas,Water quality,1,1,0,0,1,1,,designated,58 FR 68543,12/28/1993,https://www.federalregister.gov/citation/58-FR-68543,,,,0,0,0,0,0,0,0,0,1,0,0,0,0,1,0,0,0,0,0,0,0,0,0,0,0,0,27,,Water quality
69,Sockeye Salmon,Snake River ESU,,"The designated habitat for Snake River sockeye salmon includes: The Columbia River from the Pacific Ocean to its confluence with the Snake River; the Snake River from its confluence with the Columbia River to its confluence with the Salmon River; the Salmon River from its confluence with the Snake River to its confluence with Alturas Lake Creek; Stanley, Redfish, Yellow Belly, Pettit, and Alturas Lakes (including their inlet and outlet creeks); Alturas Lake Creek and that portion of Valley Creek between Stanley Lake Creek and the Salmon River; all river reaches presently or historically accessible (except reaches above impassable natural falls, and Dworshak and Hells Canyon Dams) to Snake River sockeye salmon in the following hydrologic units: Lower Salmon, Lower Snake, Lower Snake-Asotin, Lower Snake-Tucannon, Middle Salmon- Chamberlain, Middle Salmon-Panther, and Upper Salmon. // Critical habitat for all listed Snake River salmon includes the bottom and water of the waterways and the adjacent riparian zone. The riparian zone includes those areas within 300 feet (91.4 m) of the normal line of high water of a stream channel or from the shoreline of a standing body of water. Essential features of these areas include adequate: (1) Substrate (especially spawning gravel); (2) water quality; (3) water quantity; (4) water temperature; (5) water velocity; (6) cover/shelter; (7) food; (8) riparian vegetation; (9) space; and (10) migration conditions.",Pacific,"Idaho, Oregon, Washington",Spawning and juvenile rearing areas,Water quantity,1,1,0,0,1,1,,designated,58 FR 68543,12/28/1993,https://www.federalregister.gov/citation/58-FR-68543,,,,0,0,0,0,0,0,0,0,0,0,0,0,0,0,0,0,0,0,0,0,1,0,0,0,0,0,27,,Water quantity
70,Sockeye Salmon,Snake River ESU,,"The designated habitat for Snake River sockeye salmon includes: The Columbia River from the Pacific Ocean to its confluence with the Snake River; the Snake River from its confluence with the Columbia River to its confluence with the Salmon River; the Salmon River from its confluence with the Snake River to its confluence with Alturas Lake Creek; Stanley, Redfish, Yellow Belly, Pettit, and Alturas Lakes (including their inlet and outlet creeks); Alturas Lake Creek and that portion of Valley Creek between Stanley Lake Creek and the Salmon River; all river reaches presently or historically accessible (except reaches above impassable natural falls, and Dworshak and Hells Canyon Dams) to Snake River sockeye salmon in the following hydrologic units: Lower Salmon, Lower Snake, Lower Snake-Asotin, Lower Snake-Tucannon, Middle Salmon- Chamberlain, Middle Salmon-Panther, and Upper Salmon. // Critical habitat for all listed Snake River salmon includes the bottom and water of the waterways and the adjacent riparian zone. The riparian zone includes those areas within 300 feet (91.4 m) of the normal line of high water of a stream channel or from the shoreline of a standing body of water. Essential features of these areas include adequate: (1) Substrate (especially spawning gravel); (2) water quality; (3) water quantity; (4) water temperature; (5) water velocity; (6) cover/shelter; (7) food; (8) riparian vegetation; (9) space; and (10) migration conditions.",Pacific,"Idaho, Oregon, Washington",Spawning and juvenile rearing areas,Water temperature,1,1,0,0,1,1,,designated,58 FR 68543,12/28/1993,https://www.federalregister.gov/citation/58-FR-68543,,,,0,0,0,0,0,0,0,0,0,0,0,0,0,1,1,0,0,0,0,0,0,0,0,0,0,0,27,,Water temperature
71,Sockeye Salmon,Snake River ESU,,"The designated habitat for Snake River sockeye salmon includes: The Columbia River from the Pacific Ocean to its confluence with the Snake River; the Snake River from its confluence with the Columbia River to its confluence with the Salmon River; the Salmon River from its confluence with the Snake River to its confluence with Alturas Lake Creek; Stanley, Redfish, Yellow Belly, Pettit, and Alturas Lakes (including their inlet and outlet creeks); Alturas Lake Creek and that portion of Valley Creek between Stanley Lake Creek and the Salmon River; all river reaches presently or historically accessible (except reaches above impassable natural falls, and Dworshak and Hells Canyon Dams) to Snake River sockeye salmon in the following hydrologic units: Lower Salmon, Lower Snake, Lower Snake-Asotin, Lower Snake-Tucannon, Middle Salmon- Chamberlain, Middle Salmon-Panther, and Upper Salmon. // Critical habitat for all listed Snake River salmon includes the bottom and water of the waterways and the adjacent riparian zone. The riparian zone includes those areas within 300 feet (91.4 m) of the normal line of high water of a stream channel or from the shoreline of a standing body of water. Essential features of these areas include adequate: (1) Substrate (especially spawning gravel); (2) water quality; (3) water quantity; (4) water temperature; (5) water velocity; (6) cover/shelter; (7) food; (8) riparian vegetation; (9) space; and (10) migration conditions.",Pacific,"Idaho, Oregon, Washington",Spawning and juvenile rearing areas,Food,1,1,0,0,1,1,,designated,58 FR 68543,12/28/1993,https://www.federalregister.gov/citation/58-FR-68543,,,,0,0,0,1,0,0,0,0,0,0,0,0,0,0,0,0,0,0,0,0,0,0,0,0,0,0,27,,Food
72,Sockeye Salmon,Snake River ESU,,"The designated habitat for Snake River sockeye salmon includes: The Columbia River from the Pacific Ocean to its confluence with the Snake River; the Snake River from its confluence with the Columbia River to its confluence with the Salmon River; the Salmon River from its confluence with the Snake River to its confluence with Alturas Lake Creek; Stanley, Redfish, Yellow Belly, Pettit, and Alturas Lakes (including their inlet and outlet creeks); Alturas Lake Creek and that portion of Valley Creek between Stanley Lake Creek and the Salmon River; all river reaches presently or historically accessible (except reaches above impassable natural falls, and Dworshak and Hells Canyon Dams) to Snake River sockeye salmon in the following hydrologic units: Lower Salmon, Lower Snake, Lower Snake-Asotin, Lower Snake-Tucannon, Middle Salmon- Chamberlain, Middle Salmon-Panther, and Upper Salmon. // Critical habitat for all listed Snake River salmon includes the bottom and water of the waterways and the adjacent riparian zone. The riparian zone includes those areas within 300 feet (91.4 m) of the normal line of high water of a stream channel or from the shoreline of a standing body of water. Essential features of these areas include adequate: (1) Substrate (especially spawning gravel); (2) water quality; (3) water quantity; (4) water temperature; (5) water velocity; (6) cover/shelter; (7) food; (8) riparian vegetation; (9) space; and (10) migration conditions.",Pacific,"Idaho, Oregon, Washington",Spawning and juvenile rearing areas,Riparian vegetation,1,1,0,1,1,1,,designated,58 FR 68543,12/28/1993,https://www.federalregister.gov/citation/58-FR-68543,,,,0,1,0,0,0,0,0,0,0,0,0,0,0,0,0,0,0,0,0,0,0,0,0,0,0,0,27,,Riparian vegetation
73,Sockeye Salmon,Snake River ESU,,"The designated habitat for Snake River sockeye salmon includes: The Columbia River from the Pacific Ocean to its confluence with the Snake River; the Snake River from its confluence with the Columbia River to its confluence with the Salmon River; the Salmon River from its confluence with the Snake River to its confluence with Alturas Lake Creek; Stanley, Redfish, Yellow Belly, Pettit, and Alturas Lakes (including their inlet and outlet creeks); Alturas Lake Creek and that portion of Valley Creek between Stanley Lake Creek and the Salmon River; all river reaches presently or historically accessible (except reaches above impassable natural falls, and Dworshak and Hells Canyon Dams) to Snake River sockeye salmon in the following hydrologic units: Lower Salmon, Lower Snake, Lower Snake-Asotin, Lower Snake-Tucannon, Middle Salmon- Chamberlain, Middle Salmon-Panther, and Upper Salmon. // Critical habitat for all listed Snake River salmon includes the bottom and water of the waterways and the adjacent riparian zone. The riparian zone includes those areas within 300 feet (91.4 m) of the normal line of high water of a stream channel or from the shoreline of a standing body of water. Essential features of these areas include adequate: (1) Substrate (especially spawning gravel); (2) water quality; (3) water quantity; (4) water temperature; (5) water velocity; (6) cover/shelter; (7) food; (8) riparian vegetation; (9) space; and (10) migration conditions.",Pacific,"Idaho, Oregon, Washington",Spawning and juvenile rearing areas,Access,1,1,0,0,1,1,,designated,58 FR 68543,12/28/1993,https://www.federalregister.gov/citation/58-FR-68543,,,,0,0,0,0,0,0,0,0,0,1,0,0,0,0,0,0,0,0,0,0,0,0,0,0,0,0,27,,Access
74,Sockeye Salmon,Snake River ESU,,"The designated habitat for Snake River sockeye salmon includes: The Columbia River from the Pacific Ocean to its confluence with the Snake River; the Snake River from its confluence with the Columbia River to its confluence with the Salmon River; the Salmon River from its confluence with the Snake River to its confluence with Alturas Lake Creek; Stanley, Redfish, Yellow Belly, Pettit, and Alturas Lakes (including their inlet and outlet creeks); Alturas Lake Creek and that portion of Valley Creek between Stanley Lake Creek and the Salmon River; all river reaches presently or historically accessible (except reaches above impassable natural falls, and Dworshak and Hells Canyon Dams) to Snake River sockeye salmon in the following hydrologic units: Lower Salmon, Lower Snake, Lower Snake-Asotin, Lower Snake-Tucannon, Middle Salmon- Chamberlain, Middle Salmon-Panther, and Upper Salmon. // Critical habitat for all listed Snake River salmon includes the bottom and water of the waterways and the adjacent riparian zone. The riparian zone includes those areas within 300 feet (91.4 m) of the normal line of high water of a stream channel or from the shoreline of a standing body of water. Essential features of these areas include adequate: (1) Substrate (especially spawning gravel); (2) water quality; (3) water quantity; (4) water temperature; (5) water velocity; (6) cover/shelter; (7) food; (8) riparian vegetation; (9) space; and (10) migration conditions.",Pacific,"Idaho, Oregon, Washington",Juvenile migration corridors,Substrate,1,1,0,0,1,1,,designated,58 FR 68543,12/28/1993,https://www.federalregister.gov/citation/58-FR-68543,,,,0,0,0,0,1,1,0,0,0,0,0,0,0,0,0,0,0,0,1,0,0,0,0,0,0,0,27,,Substrate
75,Sockeye Salmon,Snake River ESU,,"The designated habitat for Snake River sockeye salmon includes: The Columbia River from the Pacific Ocean to its confluence with the Snake River; the Snake River from its confluence with the Columbia River to its confluence with the Salmon River; the Salmon River from its confluence with the Snake River to its confluence with Alturas Lake Creek; Stanley, Redfish, Yellow Belly, Pettit, and Alturas Lakes (including their inlet and outlet creeks); Alturas Lake Creek and that portion of Valley Creek between Stanley Lake Creek and the Salmon River; all river reaches presently or historically accessible (except reaches above impassable natural falls, and Dworshak and Hells Canyon Dams) to Snake River sockeye salmon in the following hydrologic units: Lower Salmon, Lower Snake, Lower Snake-Asotin, Lower Snake-Tucannon, Middle Salmon- Chamberlain, Middle Salmon-Panther, and Upper Salmon. // Critical habitat for all listed Snake River salmon includes the bottom and water of the waterways and the adjacent riparian zone. The riparian zone includes those areas within 300 feet (91.4 m) of the normal line of high water of a stream channel or from the shoreline of a standing body of water. Essential features of these areas include adequate: (1) Substrate (especially spawning gravel); (2) water quality; (3) water quantity; (4) water temperature; (5) water velocity; (6) cover/shelter; (7) food; (8) riparian vegetation; (9) space; and (10) migration conditions.",Pacific,"Idaho, Oregon, Washington",Juvenile migration corridors,Water quality,1,1,0,0,1,1,,designated,58 FR 68543,12/28/1993,https://www.federalregister.gov/citation/58-FR-68543,,,,0,0,0,0,0,0,0,0,1,0,0,0,0,1,0,0,0,0,0,0,0,0,0,0,0,0,27,,Water quality
76,Sockeye Salmon,Snake River ESU,,"The designated habitat for Snake River sockeye salmon includes: The Columbia River from the Pacific Ocean to its confluence with the Snake River; the Snake River from its confluence with the Columbia River to its confluence with the Salmon River; the Salmon River from its confluence with the Snake River to its confluence with Alturas Lake Creek; Stanley, Redfish, Yellow Belly, Pettit, and Alturas Lakes (including their inlet and outlet creeks); Alturas Lake Creek and that portion of Valley Creek between Stanley Lake Creek and the Salmon River; all river reaches presently or historically accessible (except reaches above impassable natural falls, and Dworshak and Hells Canyon Dams) to Snake River sockeye salmon in the following hydrologic units: Lower Salmon, Lower Snake, Lower Snake-Asotin, Lower Snake-Tucannon, Middle Salmon- Chamberlain, Middle Salmon-Panther, and Upper Salmon. // Critical habitat for all listed Snake River salmon includes the bottom and water of the waterways and the adjacent riparian zone. The riparian zone includes those areas within 300 feet (91.4 m) of the normal line of high water of a stream channel or from the shoreline of a standing body of water. Essential features of these areas include adequate: (1) Substrate (especially spawning gravel); (2) water quality; (3) water quantity; (4) water temperature; (5) water velocity; (6) cover/shelter; (7) food; (8) riparian vegetation; (9) space; and (10) migration conditions.",Pacific,"Idaho, Oregon, Washington",Juvenile migration corridors,Water quantity,1,1,0,0,1,1,,designated,58 FR 68543,12/28/1993,https://www.federalregister.gov/citation/58-FR-68543,,,,0,0,0,0,0,0,0,0,0,0,0,0,0,0,0,0,0,0,0,0,1,0,0,0,0,0,27,,Water quantity
77,Sockeye Salmon,Snake River ESU,,"The designated habitat for Snake River sockeye salmon includes: The Columbia River from the Pacific Ocean to its confluence with the Snake River; the Snake River from its confluence with the Columbia River to its confluence with the Salmon River; the Salmon River from its confluence with the Snake River to its confluence with Alturas Lake Creek; Stanley, Redfish, Yellow Belly, Pettit, and Alturas Lakes (including their inlet and outlet creeks); Alturas Lake Creek and that portion of Valley Creek between Stanley Lake Creek and the Salmon River; all river reaches presently or historically accessible (except reaches above impassable natural falls, and Dworshak and Hells Canyon Dams) to Snake River sockeye salmon in the following hydrologic units: Lower Salmon, Lower Snake, Lower Snake-Asotin, Lower Snake-Tucannon, Middle Salmon- Chamberlain, Middle Salmon-Panther, and Upper Salmon. // Critical habitat for all listed Snake River salmon includes the bottom and water of the waterways and the adjacent riparian zone. The riparian zone includes those areas within 300 feet (91.4 m) of the normal line of high water of a stream channel or from the shoreline of a standing body of water. Essential features of these areas include adequate: (1) Substrate (especially spawning gravel); (2) water quality; (3) water quantity; (4) water temperature; (5) water velocity; (6) cover/shelter; (7) food; (8) riparian vegetation; (9) space; and (10) migration conditions.",Pacific,"Idaho, Oregon, Washington",Juvenile migration corridors,Water temperature,1,1,0,0,1,1,,designated,58 FR 68543,12/28/1993,https://www.federalregister.gov/citation/58-FR-68543,,,,0,0,0,0,0,0,0,0,0,0,0,0,0,1,1,0,0,0,0,0,0,0,0,0,0,0,27,,Water temperature
78,Sockeye Salmon,Snake River ESU,,"The designated habitat for Snake River sockeye salmon includes: The Columbia River from the Pacific Ocean to its confluence with the Snake River; the Snake River from its confluence with the Columbia River to its confluence with the Salmon River; the Salmon River from its confluence with the Snake River to its confluence with Alturas Lake Creek; Stanley, Redfish, Yellow Belly, Pettit, and Alturas Lakes (including their inlet and outlet creeks); Alturas Lake Creek and that portion of Valley Creek between Stanley Lake Creek and the Salmon River; all river reaches presently or historically accessible (except reaches above impassable natural falls, and Dworshak and Hells Canyon Dams) to Snake River sockeye salmon in the following hydrologic units: Lower Salmon, Lower Snake, Lower Snake-Asotin, Lower Snake-Tucannon, Middle Salmon- Chamberlain, Middle Salmon-Panther, and Upper Salmon. // Critical habitat for all listed Snake River salmon includes the bottom and water of the waterways and the adjacent riparian zone. The riparian zone includes those areas within 300 feet (91.4 m) of the normal line of high water of a stream channel or from the shoreline of a standing body of water. Essential features of these areas include adequate: (1) Substrate (especially spawning gravel); (2) water quality; (3) water quantity; (4) water temperature; (5) water velocity; (6) cover/shelter; (7) food; (8) riparian vegetation; (9) space; and (10) migration conditions.",Pacific,"Idaho, Oregon, Washington",Juvenile migration corridors,Water velocity,1,1,0,0,1,1,,designated,58 FR 68543,12/28/1993,https://www.federalregister.gov/citation/58-FR-68543,,,,0,0,0,0,0,0,0,0,0,0,0,0,0,0,0,0,0,0,0,0,0,1,0,0,0,0,27,,Water velocity
79,Sockeye Salmon,Snake River ESU,,"The designated habitat for Snake River sockeye salmon includes: The Columbia River from the Pacific Ocean to its confluence with the Snake River; the Snake River from its confluence with the Columbia River to its confluence with the Salmon River; the Salmon River from its confluence with the Snake River to its confluence with Alturas Lake Creek; Stanley, Redfish, Yellow Belly, Pettit, and Alturas Lakes (including their inlet and outlet creeks); Alturas Lake Creek and that portion of Valley Creek between Stanley Lake Creek and the Salmon River; all river reaches presently or historically accessible (except reaches above impassable natural falls, and Dworshak and Hells Canyon Dams) to Snake River sockeye salmon in the following hydrologic units: Lower Salmon, Lower Snake, Lower Snake-Asotin, Lower Snake-Tucannon, Middle Salmon- Chamberlain, Middle Salmon-Panther, and Upper Salmon. // Critical habitat for all listed Snake River salmon includes the bottom and water of the waterways and the adjacent riparian zone. The riparian zone includes those areas within 300 feet (91.4 m) of the normal line of high water of a stream channel or from the shoreline of a standing body of water. Essential features of these areas include adequate: (1) Substrate (especially spawning gravel); (2) water quality; (3) water quantity; (4) water temperature; (5) water velocity; (6) cover/shelter; (7) food; (8) riparian vegetation; (9) space; and (10) migration conditions.",Pacific,"Idaho, Oregon, Washington",Juvenile migration corridors,Cover/shelter,1,1,0,1,1,1,,designated,58 FR 68543,12/28/1993,https://www.federalregister.gov/citation/58-FR-68543,,,,0,0,0,0,0,0,0,0,0,0,1,0,0,0,0,0,0,0,0,0,0,0,1,0,0,0,27,,Cover/shelter
80,Sockeye Salmon,Snake River ESU,,"The designated habitat for Snake River sockeye salmon includes: The Columbia River from the Pacific Ocean to its confluence with the Snake River; the Snake River from its confluence with the Columbia River to its confluence with the Salmon River; the Salmon River from its confluence with the Snake River to its confluence with Alturas Lake Creek; Stanley, Redfish, Yellow Belly, Pettit, and Alturas Lakes (including their inlet and outlet creeks); Alturas Lake Creek and that portion of Valley Creek between Stanley Lake Creek and the Salmon River; all river reaches presently or historically accessible (except reaches above impassable natural falls, and Dworshak and Hells Canyon Dams) to Snake River sockeye salmon in the following hydrologic units: Lower Salmon, Lower Snake, Lower Snake-Asotin, Lower Snake-Tucannon, Middle Salmon- Chamberlain, Middle Salmon-Panther, and Upper Salmon. // Critical habitat for all listed Snake River salmon includes the bottom and water of the waterways and the adjacent riparian zone. The riparian zone includes those areas within 300 feet (91.4 m) of the normal line of high water of a stream channel or from the shoreline of a standing body of water. Essential features of these areas include adequate: (1) Substrate (especially spawning gravel); (2) water quality; (3) water quantity; (4) water temperature; (5) water velocity; (6) cover/shelter; (7) food; (8) riparian vegetation; (9) space; and (10) migration conditions.",Pacific,"Idaho, Oregon, Washington",Juvenile migration corridors,Food,1,1,0,0,1,1,,designated,58 FR 68543,12/28/1993,https://www.federalregister.gov/citation/58-FR-68543,,,,0,0,0,1,0,0,0,0,0,0,0,0,0,0,0,0,0,0,0,0,0,0,0,0,0,0,27,,Food
81,Sockeye Salmon,Snake River ESU,,"The designated habitat for Snake River sockeye salmon includes: The Columbia River from the Pacific Ocean to its confluence with the Snake River; the Snake River from its confluence with the Columbia River to its confluence with the Salmon River; the Salmon River from its confluence with the Snake River to its confluence with Alturas Lake Creek; Stanley, Redfish, Yellow Belly, Pettit, and Alturas Lakes (including their inlet and outlet creeks); Alturas Lake Creek and that portion of Valley Creek between Stanley Lake Creek and the Salmon River; all river reaches presently or historically accessible (except reaches above impassable natural falls, and Dworshak and Hells Canyon Dams) to Snake River sockeye salmon in the following hydrologic units: Lower Salmon, Lower Snake, Lower Snake-Asotin, Lower Snake-Tucannon, Middle Salmon- Chamberlain, Middle Salmon-Panther, and Upper Salmon. // Critical habitat for all listed Snake River salmon includes the bottom and water of the waterways and the adjacent riparian zone. The riparian zone includes those areas within 300 feet (91.4 m) of the normal line of high water of a stream channel or from the shoreline of a standing body of water. Essential features of these areas include adequate: (1) Substrate (especially spawning gravel); (2) water quality; (3) water quantity; (4) water temperature; (5) water velocity; (6) cover/shelter; (7) food; (8) riparian vegetation; (9) space; and (10) migration conditions.",Pacific,"Idaho, Oregon, Washington",Juvenile migration corridors,Riparian vegetation,1,1,0,1,1,1,,designated,58 FR 68543,12/28/1993,https://www.federalregister.gov/citation/58-FR-68543,,,,0,1,0,0,0,0,0,0,0,0,0,0,0,0,0,0,0,0,0,0,0,0,0,0,0,0,27,,Riparian vegetation
82,Sockeye Salmon,Snake River ESU,,"The designated habitat for Snake River sockeye salmon includes: The Columbia River from the Pacific Ocean to its confluence with the Snake River; the Snake River from its confluence with the Columbia River to its confluence with the Salmon River; the Salmon River from its confluence with the Snake River to its confluence with Alturas Lake Creek; Stanley, Redfish, Yellow Belly, Pettit, and Alturas Lakes (including their inlet and outlet creeks); Alturas Lake Creek and that portion of Valley Creek between Stanley Lake Creek and the Salmon River; all river reaches presently or historically accessible (except reaches above impassable natural falls, and Dworshak and Hells Canyon Dams) to Snake River sockeye salmon in the following hydrologic units: Lower Salmon, Lower Snake, Lower Snake-Asotin, Lower Snake-Tucannon, Middle Salmon- Chamberlain, Middle Salmon-Panther, and Upper Salmon. // Critical habitat for all listed Snake River salmon includes the bottom and water of the waterways and the adjacent riparian zone. The riparian zone includes those areas within 300 feet (91.4 m) of the normal line of high water of a stream channel or from the shoreline of a standing body of water. Essential features of these areas include adequate: (1) Substrate (especially spawning gravel); (2) water quality; (3) water quantity; (4) water temperature; (5) water velocity; (6) cover/shelter; (7) food; (8) riparian vegetation; (9) space; and (10) migration conditions.",Pacific,"Idaho, Oregon, Washington",Juvenile migration corridors,Space,1,1,0,0,1,1,,designated,58 FR 68543,12/28/1993,https://www.federalregister.gov/citation/58-FR-68543,,,,0,0,0,0,0,0,0,0,0,0,0,0,1,0,0,0,0,0,0,0,0,0,0,0,0,0,27,,Space
83,Sockeye Salmon,Snake River ESU,,"The designated habitat for Snake River sockeye salmon includes: The Columbia River from the Pacific Ocean to its confluence with the Snake River; the Snake River from its confluence with the Columbia River to its confluence with the Salmon River; the Salmon River from its confluence with the Snake River to its confluence with Alturas Lake Creek; Stanley, Redfish, Yellow Belly, Pettit, and Alturas Lakes (including their inlet and outlet creeks); Alturas Lake Creek and that portion of Valley Creek between Stanley Lake Creek and the Salmon River; all river reaches presently or historically accessible (except reaches above impassable natural falls, and Dworshak and Hells Canyon Dams) to Snake River sockeye salmon in the following hydrologic units: Lower Salmon, Lower Snake, Lower Snake-Asotin, Lower Snake-Tucannon, Middle Salmon- Chamberlain, Middle Salmon-Panther, and Upper Salmon. // Critical habitat for all listed Snake River salmon includes the bottom and water of the waterways and the adjacent riparian zone. The riparian zone includes those areas within 300 feet (91.4 m) of the normal line of high water of a stream channel or from the shoreline of a standing body of water. Essential features of these areas include adequate: (1) Substrate (especially spawning gravel); (2) water quality; (3) water quantity; (4) water temperature; (5) water velocity; (6) cover/shelter; (7) food; (8) riparian vegetation; (9) space; and (10) migration conditions.",Pacific,"Idaho, Oregon, Washington",Juvenile migration corridors,Safe passage conditions,1,1,0,0,1,1,,designated,58 FR 68543,12/28/1993,https://www.federalregister.gov/citation/58-FR-68543,,,,0,0,0,0,0,0,0,0,0,1,0,0,0,0,0,0,0,0,0,0,0,0,0,0,0,0,27,,Safe passage conditions
84,Sockeye Salmon,Snake River ESU,,"The designated habitat for Snake River sockeye salmon includes: The Columbia River from the Pacific Ocean to its confluence with the Snake River; the Snake River from its confluence with the Columbia River to its confluence with the Salmon River; the Salmon River from its confluence with the Snake River to its confluence with Alturas Lake Creek; Stanley, Redfish, Yellow Belly, Pettit, and Alturas Lakes (including their inlet and outlet creeks); Alturas Lake Creek and that portion of Valley Creek between Stanley Lake Creek and the Salmon River; all river reaches presently or historically accessible (except reaches above impassable natural falls, and Dworshak and Hells Canyon Dams) to Snake River sockeye salmon in the following hydrologic units: Lower Salmon, Lower Snake, Lower Snake-Asotin, Lower Snake-Tucannon, Middle Salmon- Chamberlain, Middle Salmon-Panther, and Upper Salmon. // Critical habitat for all listed Snake River salmon includes the bottom and water of the waterways and the adjacent riparian zone. The riparian zone includes those areas within 300 feet (91.4 m) of the normal line of high water of a stream channel or from the shoreline of a standing body of water. Essential features of these areas include adequate: (1) Substrate (especially spawning gravel); (2) water quality; (3) water quantity; (4) water temperature; (5) water velocity; (6) cover/shelter; (7) food; (8) riparian vegetation; (9) space; and (10) migration conditions.",Pacific,"Idaho, Oregon, Washington",Areas for growth and development to adulthood,Essential areas and features have not been identified,1,1,0,0,NA,NA,,designated,58 FR 68543,12/28/1993,https://www.federalregister.gov/citation/58-FR-68543,,,,0,0,0,0,0,0,0,0,0,0,0,0,0,0,0,0,0,0,0,0,0,0,0,0,0,1,27,,Essential areas and features for growth and development to adulthood have not been identified
85,Sockeye Salmon,Snake River ESU,,"The designated habitat for Snake River sockeye salmon includes: The Columbia River from the Pacific Ocean to its confluence with the Snake River; the Snake River from its confluence with the Columbia River to its confluence with the Salmon River; the Salmon River from its confluence with the Snake River to its confluence with Alturas Lake Creek; Stanley, Redfish, Yellow Belly, Pettit, and Alturas Lakes (including their inlet and outlet creeks); Alturas Lake Creek and that portion of Valley Creek between Stanley Lake Creek and the Salmon River; all river reaches presently or historically accessible (except reaches above impassable natural falls, and Dworshak and Hells Canyon Dams) to Snake River sockeye salmon in the following hydrologic units: Lower Salmon, Lower Snake, Lower Snake-Asotin, Lower Snake-Tucannon, Middle Salmon- Chamberlain, Middle Salmon-Panther, and Upper Salmon. // Critical habitat for all listed Snake River salmon includes the bottom and water of the waterways and the adjacent riparian zone. The riparian zone includes those areas within 300 feet (91.4 m) of the normal line of high water of a stream channel or from the shoreline of a standing body of water. Essential features of these areas include adequate: (1) Substrate (especially spawning gravel); (2) water quality; (3) water quantity; (4) water temperature; (5) water velocity; (6) cover/shelter; (7) food; (8) riparian vegetation; (9) space; and (10) migration conditions.",Pacific,"Idaho, Oregon, Washington",Adult migration corridors,Substrate,1,1,0,0,1,1,,designated,58 FR 68543,12/28/1993,https://www.federalregister.gov/citation/58-FR-68543,,,,0,0,0,0,1,1,0,0,0,0,0,0,0,0,0,0,0,0,1,0,0,0,0,0,0,0,27,,Substrate
86,Sockeye Salmon,Snake River ESU,,"The designated habitat for Snake River sockeye salmon includes: The Columbia River from the Pacific Ocean to its confluence with the Snake River; the Snake River from its confluence with the Columbia River to its confluence with the Salmon River; the Salmon River from its confluence with the Snake River to its confluence with Alturas Lake Creek; Stanley, Redfish, Yellow Belly, Pettit, and Alturas Lakes (including their inlet and outlet creeks); Alturas Lake Creek and that portion of Valley Creek between Stanley Lake Creek and the Salmon River; all river reaches presently or historically accessible (except reaches above impassable natural falls, and Dworshak and Hells Canyon Dams) to Snake River sockeye salmon in the following hydrologic units: Lower Salmon, Lower Snake, Lower Snake-Asotin, Lower Snake-Tucannon, Middle Salmon- Chamberlain, Middle Salmon-Panther, and Upper Salmon. // Critical habitat for all listed Snake River salmon includes the bottom and water of the waterways and the adjacent riparian zone. The riparian zone includes those areas within 300 feet (91.4 m) of the normal line of high water of a stream channel or from the shoreline of a standing body of water. Essential features of these areas include adequate: (1) Substrate (especially spawning gravel); (2) water quality; (3) water quantity; (4) water temperature; (5) water velocity; (6) cover/shelter; (7) food; (8) riparian vegetation; (9) space; and (10) migration conditions.",Pacific,"Idaho, Oregon, Washington",Adult migration corridors,Water quality,1,1,0,0,1,1,,designated,58 FR 68543,12/28/1993,https://www.federalregister.gov/citation/58-FR-68543,,,,0,0,0,0,0,0,0,0,1,0,0,0,0,1,0,0,0,0,0,0,0,0,0,0,0,0,27,,Water quality
87,Sockeye Salmon,Snake River ESU,,"The designated habitat for Snake River sockeye salmon includes: The Columbia River from the Pacific Ocean to its confluence with the Snake River; the Snake River from its confluence with the Columbia River to its confluence with the Salmon River; the Salmon River from its confluence with the Snake River to its confluence with Alturas Lake Creek; Stanley, Redfish, Yellow Belly, Pettit, and Alturas Lakes (including their inlet and outlet creeks); Alturas Lake Creek and that portion of Valley Creek between Stanley Lake Creek and the Salmon River; all river reaches presently or historically accessible (except reaches above impassable natural falls, and Dworshak and Hells Canyon Dams) to Snake River sockeye salmon in the following hydrologic units: Lower Salmon, Lower Snake, Lower Snake-Asotin, Lower Snake-Tucannon, Middle Salmon- Chamberlain, Middle Salmon-Panther, and Upper Salmon. // Critical habitat for all listed Snake River salmon includes the bottom and water of the waterways and the adjacent riparian zone. The riparian zone includes those areas within 300 feet (91.4 m) of the normal line of high water of a stream channel or from the shoreline of a standing body of water. Essential features of these areas include adequate: (1) Substrate (especially spawning gravel); (2) water quality; (3) water quantity; (4) water temperature; (5) water velocity; (6) cover/shelter; (7) food; (8) riparian vegetation; (9) space; and (10) migration conditions.",Pacific,"Idaho, Oregon, Washington",Adult migration corridors,Water quantity,1,1,0,0,1,1,,designated,58 FR 68543,12/28/1993,https://www.federalregister.gov/citation/58-FR-68543,,,,0,0,0,0,0,0,0,0,0,0,0,0,0,0,0,0,0,0,0,0,1,0,0,0,0,0,27,,Water quantity
88,Sockeye Salmon,Snake River ESU,,"The designated habitat for Snake River sockeye salmon includes: The Columbia River from the Pacific Ocean to its confluence with the Snake River; the Snake River from its confluence with the Columbia River to its confluence with the Salmon River; the Salmon River from its confluence with the Snake River to its confluence with Alturas Lake Creek; Stanley, Redfish, Yellow Belly, Pettit, and Alturas Lakes (including their inlet and outlet creeks); Alturas Lake Creek and that portion of Valley Creek between Stanley Lake Creek and the Salmon River; all river reaches presently or historically accessible (except reaches above impassable natural falls, and Dworshak and Hells Canyon Dams) to Snake River sockeye salmon in the following hydrologic units: Lower Salmon, Lower Snake, Lower Snake-Asotin, Lower Snake-Tucannon, Middle Salmon- Chamberlain, Middle Salmon-Panther, and Upper Salmon. // Critical habitat for all listed Snake River salmon includes the bottom and water of the waterways and the adjacent riparian zone. The riparian zone includes those areas within 300 feet (91.4 m) of the normal line of high water of a stream channel or from the shoreline of a standing body of water. Essential features of these areas include adequate: (1) Substrate (especially spawning gravel); (2) water quality; (3) water quantity; (4) water temperature; (5) water velocity; (6) cover/shelter; (7) food; (8) riparian vegetation; (9) space; and (10) migration conditions.",Pacific,"Idaho, Oregon, Washington",Adult migration corridors,Water temperature,1,1,0,0,1,1,,designated,58 FR 68543,12/28/1993,https://www.federalregister.gov/citation/58-FR-68543,,,,0,0,0,0,0,0,0,0,0,0,0,0,0,1,1,0,0,0,0,0,0,0,0,0,0,0,27,,Water temperature
89,Sockeye Salmon,Snake River ESU,,"The designated habitat for Snake River sockeye salmon includes: The Columbia River from the Pacific Ocean to its confluence with the Snake River; the Snake River from its confluence with the Columbia River to its confluence with the Salmon River; the Salmon River from its confluence with the Snake River to its confluence with Alturas Lake Creek; Stanley, Redfish, Yellow Belly, Pettit, and Alturas Lakes (including their inlet and outlet creeks); Alturas Lake Creek and that portion of Valley Creek between Stanley Lake Creek and the Salmon River; all river reaches presently or historically accessible (except reaches above impassable natural falls, and Dworshak and Hells Canyon Dams) to Snake River sockeye salmon in the following hydrologic units: Lower Salmon, Lower Snake, Lower Snake-Asotin, Lower Snake-Tucannon, Middle Salmon- Chamberlain, Middle Salmon-Panther, and Upper Salmon. // Critical habitat for all listed Snake River salmon includes the bottom and water of the waterways and the adjacent riparian zone. The riparian zone includes those areas within 300 feet (91.4 m) of the normal line of high water of a stream channel or from the shoreline of a standing body of water. Essential features of these areas include adequate: (1) Substrate (especially spawning gravel); (2) water quality; (3) water quantity; (4) water temperature; (5) water velocity; (6) cover/shelter; (7) food; (8) riparian vegetation; (9) space; and (10) migration conditions.",Pacific,"Idaho, Oregon, Washington",Adult migration corridors,Water velocity,1,1,0,0,1,1,,designated,58 FR 68543,12/28/1993,https://www.federalregister.gov/citation/58-FR-68543,,,,0,0,0,0,0,0,0,0,0,0,0,0,0,0,0,0,0,0,0,0,0,1,0,0,0,0,27,,Water velocity
90,Sockeye Salmon,Snake River ESU,,"The designated habitat for Snake River sockeye salmon includes: The Columbia River from the Pacific Ocean to its confluence with the Snake River; the Snake River from its confluence with the Columbia River to its confluence with the Salmon River; the Salmon River from its confluence with the Snake River to its confluence with Alturas Lake Creek; Stanley, Redfish, Yellow Belly, Pettit, and Alturas Lakes (including their inlet and outlet creeks); Alturas Lake Creek and that portion of Valley Creek between Stanley Lake Creek and the Salmon River; all river reaches presently or historically accessible (except reaches above impassable natural falls, and Dworshak and Hells Canyon Dams) to Snake River sockeye salmon in the following hydrologic units: Lower Salmon, Lower Snake, Lower Snake-Asotin, Lower Snake-Tucannon, Middle Salmon- Chamberlain, Middle Salmon-Panther, and Upper Salmon. // Critical habitat for all listed Snake River salmon includes the bottom and water of the waterways and the adjacent riparian zone. The riparian zone includes those areas within 300 feet (91.4 m) of the normal line of high water of a stream channel or from the shoreline of a standing body of water. Essential features of these areas include adequate: (1) Substrate (especially spawning gravel); (2) water quality; (3) water quantity; (4) water temperature; (5) water velocity; (6) cover/shelter; (7) food; (8) riparian vegetation; (9) space; and (10) migration conditions.",Pacific,"Idaho, Oregon, Washington",Adult migration corridors,Cover/shelter,1,1,0,1,1,1,,designated,58 FR 68543,12/28/1993,https://www.federalregister.gov/citation/58-FR-68543,,,,0,0,0,0,0,0,0,0,0,0,1,0,0,0,0,0,0,0,0,0,0,0,1,0,0,0,27,,Cover/shelter
91,Sockeye Salmon,Snake River ESU,,"The designated habitat for Snake River sockeye salmon includes: The Columbia River from the Pacific Ocean to its confluence with the Snake River; the Snake River from its confluence with the Columbia River to its confluence with the Salmon River; the Salmon River from its confluence with the Snake River to its confluence with Alturas Lake Creek; Stanley, Redfish, Yellow Belly, Pettit, and Alturas Lakes (including their inlet and outlet creeks); Alturas Lake Creek and that portion of Valley Creek between Stanley Lake Creek and the Salmon River; all river reaches presently or historically accessible (except reaches above impassable natural falls, and Dworshak and Hells Canyon Dams) to Snake River sockeye salmon in the following hydrologic units: Lower Salmon, Lower Snake, Lower Snake-Asotin, Lower Snake-Tucannon, Middle Salmon- Chamberlain, Middle Salmon-Panther, and Upper Salmon. // Critical habitat for all listed Snake River salmon includes the bottom and water of the waterways and the adjacent riparian zone. The riparian zone includes those areas within 300 feet (91.4 m) of the normal line of high water of a stream channel or from the shoreline of a standing body of water. Essential features of these areas include adequate: (1) Substrate (especially spawning gravel); (2) water quality; (3) water quantity; (4) water temperature; (5) water velocity; (6) cover/shelter; (7) food; (8) riparian vegetation; (9) space; and (10) migration conditions.",Pacific,"Idaho, Oregon, Washington",Adult migration corridors,Riparian vegetation,1,1,0,1,1,1,,designated,58 FR 68543,12/28/1993,https://www.federalregister.gov/citation/58-FR-68543,,,,0,1,0,0,0,0,0,0,0,0,0,0,0,0,0,0,0,0,0,0,0,0,0,0,0,0,27,,Riparian vegetation
92,Sockeye Salmon,Snake River ESU,,"The designated habitat for Snake River sockeye salmon includes: The Columbia River from the Pacific Ocean to its confluence with the Snake River; the Snake River from its confluence with the Columbia River to its confluence with the Salmon River; the Salmon River from its confluence with the Snake River to its confluence with Alturas Lake Creek; Stanley, Redfish, Yellow Belly, Pettit, and Alturas Lakes (including their inlet and outlet creeks); Alturas Lake Creek and that portion of Valley Creek between Stanley Lake Creek and the Salmon River; all river reaches presently or historically accessible (except reaches above impassable natural falls, and Dworshak and Hells Canyon Dams) to Snake River sockeye salmon in the following hydrologic units: Lower Salmon, Lower Snake, Lower Snake-Asotin, Lower Snake-Tucannon, Middle Salmon- Chamberlain, Middle Salmon-Panther, and Upper Salmon. // Critical habitat for all listed Snake River salmon includes the bottom and water of the waterways and the adjacent riparian zone. The riparian zone includes those areas within 300 feet (91.4 m) of the normal line of high water of a stream channel or from the shoreline of a standing body of water. Essential features of these areas include adequate: (1) Substrate (especially spawning gravel); (2) water quality; (3) water quantity; (4) water temperature; (5) water velocity; (6) cover/shelter; (7) food; (8) riparian vegetation; (9) space; and (10) migration conditions.",Pacific,"Idaho, Oregon, Washington",Adult migration corridors,Space,1,1,0,0,1,1,,designated,58 FR 68543,12/28/1993,https://www.federalregister.gov/citation/58-FR-68543,,,,0,0,0,0,0,0,0,0,0,0,0,0,1,0,0,0,0,0,0,0,0,0,0,0,0,0,27,,Space
93,Sockeye Salmon,Snake River ESU,,"The designated habitat for Snake River sockeye salmon includes: The Columbia River from the Pacific Ocean to its confluence with the Snake River; the Snake River from its confluence with the Columbia River to its confluence with the Salmon River; the Salmon River from its confluence with the Snake River to its confluence with Alturas Lake Creek; Stanley, Redfish, Yellow Belly, Pettit, and Alturas Lakes (including their inlet and outlet creeks); Alturas Lake Creek and that portion of Valley Creek between Stanley Lake Creek and the Salmon River; all river reaches presently or historically accessible (except reaches above impassable natural falls, and Dworshak and Hells Canyon Dams) to Snake River sockeye salmon in the following hydrologic units: Lower Salmon, Lower Snake, Lower Snake-Asotin, Lower Snake-Tucannon, Middle Salmon- Chamberlain, Middle Salmon-Panther, and Upper Salmon. // Critical habitat for all listed Snake River salmon includes the bottom and water of the waterways and the adjacent riparian zone. The riparian zone includes those areas within 300 feet (91.4 m) of the normal line of high water of a stream channel or from the shoreline of a standing body of water. Essential features of these areas include adequate: (1) Substrate (especially spawning gravel); (2) water quality; (3) water quantity; (4) water temperature; (5) water velocity; (6) cover/shelter; (7) food; (8) riparian vegetation; (9) space; and (10) migration conditions.",Pacific,"Idaho, Oregon, Washington",Adult migration corridors,Safe passage conditions,1,1,0,0,1,1,,designated,58 FR 68543,12/28/1993,https://www.federalregister.gov/citation/58-FR-68543,,,,0,0,0,0,0,0,0,0,0,1,0,0,0,0,0,0,0,0,0,0,0,0,0,0,0,0,27,,Safe passage conditions
94,Green Sea Turtle,North Atlantic DPS,,"coastal waters surrounding Culebra Island, Puerto Rico; Critical habitat for listed green turtles includes waters extending seaward 3 nm (5.6 km) from the mean high water line of Culebra Island, Puerto Rico. These waters include Culebra's outlying Keys, including Cayo Norte, Cayo Ballena, Cayos Geniquõ Â, Isla Culebrita, Arrecife Culebrita, Cayo de Luis PenÄa, Las Hermanas, El Mono, Cayo Lobo, Cayo Lobito, Cayo Botijuela, Alcarraza, Los Gemelos, and Piedra Steven (see Figure 1). Culebra Island lies approximately 16 nm (29.7 km) east of the northeast coast of mainland Puerto Rico. The area in general is bounded north to south by 18°24′ North to 18°14′ North and east to west by 65°11′ West and 65°25′ West.",Atlantic,Puerto Rico,,"The critical habitat designation did not precisely define PBFs; however, critical habitat was designated to provide protection for important developmental and resting habitats. Seagrass is the principal dietary component of juvenile and adult green sea turtles. Coral reefs and other topographic features within the waters surrounding Culebra provide shelter from predators. Nearby sandy beaches provide nesting grounds for adult females",0,0,1,1,1,1,,designated,63 FR 46693,9/2/1998,https://www.federalregister.gov/documents/1998/09/02/98-23533/designated-critical-habitat-green-and-hawksbill-sea-turtles,,,,0,0,1,1,1,0,1,0,1,0,1,0,0,1,0,0,0,1,1,1,0,0,1,0,1,0,1,,"The critical habitat designation did not precisely define PBFs; however, seagrass is the principal dietary component of juvenile and adult green sea turtles, coral reefs and other topographic features provide shelter from predators, and sandy beaches provide nesting grounds for adult females"
95,Hawksbill Sea Turtle,,,"coastal waters surrounding Mona and Monito Islands, Puerto Rico; Critical habitat for listed hawksbill turtles includes waters extending seaward 3 nm (5.6 km) from the mean high water line of Mona and Monito Islands, Puerto Rico. (see Figure 2). Mona Island lies approximately 39 nm (72 km) west of the southwest coast of mainland Puerto Rico. The area in general is bounded north to south by 18°13′ North to 18°00′ North and east to west by 67°48′ West and 68°01′ West.",Atlantic,Puerto Rico,,"The critical habitat designation did not precisely define PBFs; however, important features of these areas for hawksbill turtles include foraging habitat, shelter for resting and refuge from predators, access to nesting sites, and natal development habitat",0,0,1,1,1,1,,designated,63 FR 46693,9/2/1998,https://www.federalregister.gov/documents/1998/09/02/98-23533/designated-critical-habitat-green-and-hawksbill-sea-turtles,,,,0,0,0,1,1,0,1,0,1,0,1,0,0,1,0,0,0,1,1,1,0,0,1,0,1,0,1,,"The critical habitat designation did not precisely define PBFs; however, important features of these areas for hawksbill turtles include foraging habitat, shelter for resting and refuge from predators, access to nesting sites, and natal development habitat"
96,Coho Salmon,Central California Coast ESU,,"Critical habitat for the Central California Coast ESU encompasses accessible reaches of all rivers (including estuarine areas and tributaries) between Punta Gorda and the San Lorenzo River (inclusive) in California, including two streams entering San Francisco Bay: Arroyo Corte Madera Del Presidio and Corte Madera Creek. // For both ESUs, critical habitat includes all waterways, substrate, and adjacent riparian zones below longstanding, naturally impassable barriers (i.e., natural waterfalls in existence for at least several hundred years). ",Pacific,California,,Substrate,1,1,0,0,1,1,,designated,64 FR 24049,5/5/1999,https://www.federalregister.gov/documents/1999/05/05/99-11187/designated-critical-habitat-central-california-coast-and-southern-oregonnorthern-california-coasts,,,,0,0,0,0,1,1,0,0,0,0,0,0,0,0,0,0,0,0,1,0,0,0,0,0,0,0,10,,Substrate
97,Coho Salmon,Central California Coast ESU,,"Critical habitat for the Central California Coast ESU encompasses accessible reaches of all rivers (including estuarine areas and tributaries) between Punta Gorda and the San Lorenzo River (inclusive) in California, including two streams entering San Francisco Bay: Arroyo Corte Madera Del Presidio and Corte Madera Creek. // For both ESUs, critical habitat includes all waterways, substrate, and adjacent riparian zones below longstanding, naturally impassable barriers (i.e., natural waterfalls in existence for at least several hundred years). ",Pacific,California,,Water quality,1,1,0,0,1,1,,designated,64 FR 24049,5/5/1999,https://www.federalregister.gov/documents/1999/05/05/99-11187/designated-critical-habitat-central-california-coast-and-southern-oregonnorthern-california-coasts,,,,0,0,0,0,0,0,0,0,1,0,0,0,0,1,0,0,0,0,0,0,0,0,0,0,0,0,10,,Water quality
98,Coho Salmon,Central California Coast ESU,,"Critical habitat for the Central California Coast ESU encompasses accessible reaches of all rivers (including estuarine areas and tributaries) between Punta Gorda and the San Lorenzo River (inclusive) in California, including two streams entering San Francisco Bay: Arroyo Corte Madera Del Presidio and Corte Madera Creek. // For both ESUs, critical habitat includes all waterways, substrate, and adjacent riparian zones below longstanding, naturally impassable barriers (i.e., natural waterfalls in existence for at least several hundred years). ",Pacific,California,,Water quantity,1,1,0,0,1,1,,designated,64 FR 24049,5/5/1999,https://www.federalregister.gov/documents/1999/05/05/99-11187/designated-critical-habitat-central-california-coast-and-southern-oregonnorthern-california-coasts,,,,0,0,0,0,0,0,0,0,0,0,0,0,0,0,0,0,0,0,0,0,1,0,0,0,0,0,10,,Water quantity
99,Coho Salmon,Central California Coast ESU,,"Critical habitat for the Central California Coast ESU encompasses accessible reaches of all rivers (including estuarine areas and tributaries) between Punta Gorda and the San Lorenzo River (inclusive) in California, including two streams entering San Francisco Bay: Arroyo Corte Madera Del Presidio and Corte Madera Creek. // For both ESUs, critical habitat includes all waterways, substrate, and adjacent riparian zones below longstanding, naturally impassable barriers (i.e., natural waterfalls in existence for at least several hundred years). ",Pacific,California,,Water temperature,1,1,0,0,1,1,,designated,64 FR 24049,5/5/1999,https://www.federalregister.gov/documents/1999/05/05/99-11187/designated-critical-habitat-central-california-coast-and-southern-oregonnorthern-california-coasts,,,,0,0,0,0,0,0,0,0,0,0,0,0,0,1,1,0,0,0,0,0,0,0,0,0,0,0,10,,Water temperature
100,Coho Salmon,Central California Coast ESU,,"Critical habitat for the Central California Coast ESU encompasses accessible reaches of all rivers (including estuarine areas and tributaries) between Punta Gorda and the San Lorenzo River (inclusive) in California, including two streams entering San Francisco Bay: Arroyo Corte Madera Del Presidio and Corte Madera Creek. // For both ESUs, critical habitat includes all waterways, substrate, and adjacent riparian zones below longstanding, naturally impassable barriers (i.e., natural waterfalls in existence for at least several hundred years). ",Pacific,California,,Water velocity,1,1,0,0,1,1,,designated,64 FR 24049,5/5/1999,https://www.federalregister.gov/documents/1999/05/05/99-11187/designated-critical-habitat-central-california-coast-and-southern-oregonnorthern-california-coasts,,,,0,0,0,0,0,0,0,0,0,0,0,0,0,0,0,0,0,0,0,0,0,1,0,0,0,0,10,,Water velocity
101,Coho Salmon,Central California Coast ESU,,"Critical habitat for the Central California Coast ESU encompasses accessible reaches of all rivers (including estuarine areas and tributaries) between Punta Gorda and the San Lorenzo River (inclusive) in California, including two streams entering San Francisco Bay: Arroyo Corte Madera Del Presidio and Corte Madera Creek. // For both ESUs, critical habitat includes all waterways, substrate, and adjacent riparian zones below longstanding, naturally impassable barriers (i.e., natural waterfalls in existence for at least several hundred years). ",Pacific,California,,Cover/shelter,1,1,0,1,1,1,,designated,64 FR 24049,5/5/1999,https://www.federalregister.gov/documents/1999/05/05/99-11187/designated-critical-habitat-central-california-coast-and-southern-oregonnorthern-california-coasts,,,,0,0,0,0,0,0,0,0,0,0,1,0,0,0,0,0,0,0,0,0,0,0,1,0,0,0,10,,Cover/shelter
102,Coho Salmon,Central California Coast ESU,,"Critical habitat for the Central California Coast ESU encompasses accessible reaches of all rivers (including estuarine areas and tributaries) between Punta Gorda and the San Lorenzo River (inclusive) in California, including two streams entering San Francisco Bay: Arroyo Corte Madera Del Presidio and Corte Madera Creek. // For both ESUs, critical habitat includes all waterways, substrate, and adjacent riparian zones below longstanding, naturally impassable barriers (i.e., natural waterfalls in existence for at least several hundred years). ",Pacific,California,,Food,1,1,0,0,1,1,,designated,64 FR 24049,5/5/1999,https://www.federalregister.gov/documents/1999/05/05/99-11187/designated-critical-habitat-central-california-coast-and-southern-oregonnorthern-california-coasts,,,,0,0,0,1,0,0,0,0,0,0,0,0,0,0,0,0,0,0,0,0,0,0,0,0,0,0,10,,Food
103,Coho Salmon,Central California Coast ESU,,"Critical habitat for the Central California Coast ESU encompasses accessible reaches of all rivers (including estuarine areas and tributaries) between Punta Gorda and the San Lorenzo River (inclusive) in California, including two streams entering San Francisco Bay: Arroyo Corte Madera Del Presidio and Corte Madera Creek. // For both ESUs, critical habitat includes all waterways, substrate, and adjacent riparian zones below longstanding, naturally impassable barriers (i.e., natural waterfalls in existence for at least several hundred years). ",Pacific,California,,Riparian vegetation,1,1,0,1,1,1,,designated,64 FR 24049,5/5/1999,https://www.federalregister.gov/documents/1999/05/05/99-11187/designated-critical-habitat-central-california-coast-and-southern-oregonnorthern-california-coasts,,,,0,1,0,0,0,0,0,0,0,0,1,0,0,0,0,0,0,0,0,0,0,0,0,0,0,0,10,,Riparian vegetation
104,Coho Salmon,Central California Coast ESU,,"Critical habitat for the Central California Coast ESU encompasses accessible reaches of all rivers (including estuarine areas and tributaries) between Punta Gorda and the San Lorenzo River (inclusive) in California, including two streams entering San Francisco Bay: Arroyo Corte Madera Del Presidio and Corte Madera Creek. // For both ESUs, critical habitat includes all waterways, substrate, and adjacent riparian zones below longstanding, naturally impassable barriers (i.e., natural waterfalls in existence for at least several hundred years). ",Pacific,California,,Space,1,1,0,0,1,1,,designated,64 FR 24049,5/5/1999,https://www.federalregister.gov/documents/1999/05/05/99-11187/designated-critical-habitat-central-california-coast-and-southern-oregonnorthern-california-coasts,,,,0,0,0,0,0,0,0,0,0,0,0,0,1,0,0,0,0,0,0,0,0,0,0,0,0,0,10,,Space
105,Coho Salmon,Central California Coast ESU,,"Critical habitat for the Central California Coast ESU encompasses accessible reaches of all rivers (including estuarine areas and tributaries) between Punta Gorda and the San Lorenzo River (inclusive) in California, including two streams entering San Francisco Bay: Arroyo Corte Madera Del Presidio and Corte Madera Creek. // For both ESUs, critical habitat includes all waterways, substrate, and adjacent riparian zones below longstanding, naturally impassable barriers (i.e., natural waterfalls in existence for at least several hundred years). ",Pacific,California,,Safe passage conditions,1,1,0,0,1,1,,designated,64 FR 24049,5/5/1999,https://www.federalregister.gov/documents/1999/05/05/99-11187/designated-critical-habitat-central-california-coast-and-southern-oregonnorthern-california-coasts,,,,0,0,0,0,0,0,0,0,0,1,0,0,0,0,0,0,0,0,0,0,0,0,0,0,0,0,10,,Safe passage conditions
106,Coho Salmon,Southern Oregon/Northern California Coast ESU,,"Critical habitat for the Southern Oregon/Northern California Coasts ESU encompasses accessible reaches of all rivers (including estuarine areas and tributaries) between the Mattole River in California and the Elk River in Oregon, inclusive. // For both ESUs, critical habitat includes all waterways, substrate, and adjacent riparian zones below longstanding, naturally impassable barriers (i.e., natural waterfalls in existence for at least several hundred years). ",Pacific,"California, Oregon",,Substrate,1,1,0,0,1,not available,,designated,64 FR 24049,5/5/1999,https://www.federalregister.gov/documents/1999/05/05/99-11187/designated-critical-habitat-central-california-coast-and-southern-oregonnorthern-california-coasts,,,,0,0,0,0,1,1,0,0,0,0,0,0,0,0,0,0,0,0,1,0,0,0,0,0,0,0,10,,Substrate
107,Coho Salmon,Southern Oregon/Northern California Coast ESU,,"Critical habitat for the Southern Oregon/Northern California Coasts ESU encompasses accessible reaches of all rivers (including estuarine areas and tributaries) between the Mattole River in California and the Elk River in Oregon, inclusive. // For both ESUs, critical habitat includes all waterways, substrate, and adjacent riparian zones below longstanding, naturally impassable barriers (i.e., natural waterfalls in existence for at least several hundred years). ",Pacific,"California, Oregon",,Water quality,1,1,0,0,1,not available,,designated,64 FR 24049,5/5/1999,https://www.federalregister.gov/documents/1999/05/05/99-11187/designated-critical-habitat-central-california-coast-and-southern-oregonnorthern-california-coasts,,,,0,0,0,0,0,0,0,0,1,0,0,0,0,1,0,0,0,0,0,0,0,0,0,0,0,0,10,,Water quality
108,Coho Salmon,Southern Oregon/Northern California Coast ESU,,"Critical habitat for the Southern Oregon/Northern California Coasts ESU encompasses accessible reaches of all rivers (including estuarine areas and tributaries) between the Mattole River in California and the Elk River in Oregon, inclusive. // For both ESUs, critical habitat includes all waterways, substrate, and adjacent riparian zones below longstanding, naturally impassable barriers (i.e., natural waterfalls in existence for at least several hundred years). ",Pacific,"California, Oregon",,Water quantity,1,1,0,0,1,not available,,designated,64 FR 24049,5/5/1999,https://www.federalregister.gov/documents/1999/05/05/99-11187/designated-critical-habitat-central-california-coast-and-southern-oregonnorthern-california-coasts,,,,0,0,0,0,0,0,0,0,0,0,0,0,0,0,0,0,0,0,0,0,1,0,0,0,0,0,10,,Water quantity
109,Coho Salmon,Southern Oregon/Northern California Coast ESU,,"Critical habitat for the Southern Oregon/Northern California Coasts ESU encompasses accessible reaches of all rivers (including estuarine areas and tributaries) between the Mattole River in California and the Elk River in Oregon, inclusive. // For both ESUs, critical habitat includes all waterways, substrate, and adjacent riparian zones below longstanding, naturally impassable barriers (i.e., natural waterfalls in existence for at least several hundred years). ",Pacific,"California, Oregon",,Water temperature,1,1,0,0,1,not available,,designated,64 FR 24049,5/5/1999,https://www.federalregister.gov/documents/1999/05/05/99-11187/designated-critical-habitat-central-california-coast-and-southern-oregonnorthern-california-coasts,,,,0,0,0,0,0,0,0,0,0,0,0,0,0,1,1,0,0,0,0,0,0,0,0,0,0,0,10,,Water temperature
110,Coho Salmon,Southern Oregon/Northern California Coast ESU,,"Critical habitat for the Southern Oregon/Northern California Coasts ESU encompasses accessible reaches of all rivers (including estuarine areas and tributaries) between the Mattole River in California and the Elk River in Oregon, inclusive. // For both ESUs, critical habitat includes all waterways, substrate, and adjacent riparian zones below longstanding, naturally impassable barriers (i.e., natural waterfalls in existence for at least several hundred years). ",Pacific,"California, Oregon",,Water velocity,1,1,0,0,1,not available,,designated,64 FR 24049,5/5/1999,https://www.federalregister.gov/documents/1999/05/05/99-11187/designated-critical-habitat-central-california-coast-and-southern-oregonnorthern-california-coasts,,,,0,0,0,0,0,0,0,0,0,0,0,0,0,0,0,0,0,0,0,0,0,1,0,0,0,0,10,,Water velocity
111,Coho Salmon,Southern Oregon/Northern California Coast ESU,,"Critical habitat for the Southern Oregon/Northern California Coasts ESU encompasses accessible reaches of all rivers (including estuarine areas and tributaries) between the Mattole River in California and the Elk River in Oregon, inclusive. // For both ESUs, critical habitat includes all waterways, substrate, and adjacent riparian zones below longstanding, naturally impassable barriers (i.e., natural waterfalls in existence for at least several hundred years). ",Pacific,"California, Oregon",,Cover/shelter,1,1,0,1,1,not available,,designated,64 FR 24049,5/5/1999,https://www.federalregister.gov/documents/1999/05/05/99-11187/designated-critical-habitat-central-california-coast-and-southern-oregonnorthern-california-coasts,,,,0,0,0,0,0,0,0,0,0,0,1,0,0,0,0,0,0,0,0,0,0,0,1,0,0,0,10,,Cover/shelter
112,Coho Salmon,Southern Oregon/Northern California Coast ESU,,"Critical habitat for the Southern Oregon/Northern California Coasts ESU encompasses accessible reaches of all rivers (including estuarine areas and tributaries) between the Mattole River in California and the Elk River in Oregon, inclusive. // For both ESUs, critical habitat includes all waterways, substrate, and adjacent riparian zones below longstanding, naturally impassable barriers (i.e., natural waterfalls in existence for at least several hundred years). ",Pacific,"California, Oregon",,Food,1,1,0,0,1,not available,,designated,64 FR 24049,5/5/1999,https://www.federalregister.gov/documents/1999/05/05/99-11187/designated-critical-habitat-central-california-coast-and-southern-oregonnorthern-california-coasts,,,,0,0,0,1,0,0,0,0,0,0,0,0,0,0,0,0,0,0,0,0,0,0,0,0,0,0,10,,Food
113,Coho Salmon,Southern Oregon/Northern California Coast ESU,,"Critical habitat for the Southern Oregon/Northern California Coasts ESU encompasses accessible reaches of all rivers (including estuarine areas and tributaries) between the Mattole River in California and the Elk River in Oregon, inclusive. // For both ESUs, critical habitat includes all waterways, substrate, and adjacent riparian zones below longstanding, naturally impassable barriers (i.e., natural waterfalls in existence for at least several hundred years). ",Pacific,"California, Oregon",,Riparian vegetation,1,1,0,1,1,not available,,designated,64 FR 24049,5/5/1999,https://www.federalregister.gov/documents/1999/05/05/99-11187/designated-critical-habitat-central-california-coast-and-southern-oregonnorthern-california-coasts,,,,0,1,0,0,0,0,0,0,0,0,0,0,0,0,0,0,0,0,0,0,0,0,0,0,0,0,10,,Riparian vegetation
114,Coho Salmon,Southern Oregon/Northern California Coast ESU,,"Critical habitat for the Southern Oregon/Northern California Coasts ESU encompasses accessible reaches of all rivers (including estuarine areas and tributaries) between the Mattole River in California and the Elk River in Oregon, inclusive. // For both ESUs, critical habitat includes all waterways, substrate, and adjacent riparian zones below longstanding, naturally impassable barriers (i.e., natural waterfalls in existence for at least several hundred years). ",Pacific,"California, Oregon",,Space,1,1,0,0,1,not available,,designated,64 FR 24049,5/5/1999,https://www.federalregister.gov/documents/1999/05/05/99-11187/designated-critical-habitat-central-california-coast-and-southern-oregonnorthern-california-coasts,,,,0,0,0,0,0,0,0,0,0,0,0,0,1,0,0,0,0,0,0,0,0,0,0,0,0,0,10,,Space
115,Coho Salmon,Southern Oregon/Northern California Coast ESU,,"Critical habitat for the Southern Oregon/Northern California Coasts ESU encompasses accessible reaches of all rivers (including estuarine areas and tributaries) between the Mattole River in California and the Elk River in Oregon, inclusive. // For both ESUs, critical habitat includes all waterways, substrate, and adjacent riparian zones below longstanding, naturally impassable barriers (i.e., natural waterfalls in existence for at least several hundred years). ",Pacific,"California, Oregon",,Safe passage conditions,1,1,0,0,1,not available,,designated,64 FR 24049,5/5/1999,https://www.federalregister.gov/documents/1999/05/05/99-11187/designated-critical-habitat-central-california-coast-and-southern-oregonnorthern-california-coasts,,,,0,0,0,0,0,0,0,0,0,1,0,0,0,0,0,0,0,0,0,0,0,0,0,0,0,0,10,,Safe passage conditions
116,Gulf Sturgeon,,,"14 geographic areas among the Gulf of Mexico rivers and tributaries as critical habitat for the Gulf sturgeon; Louisiana to Florida; riverine, estuarine, and marine areas; defined in 14 units",Gulf of America,"Alabama, Florida, Louisiana, Mississippi",,"Abundant food items, such as detritus, aquatic insects, worms, and/or molluscs, within riverine habitats for larval and juvenile life stages; and abundant prey items, such as amphipods, lancelets, polychaetes, gastropods, ghost shrimp, isopods, molluscs and/or crustaceans, within estuarine and marine habitats and substrates for subadult and adult life stages",1,1,1,0,1,1,,designated,68 FR 13370,3/19/2003,https://www.federalregister.gov/documents/2003/03/19/03-5208/endangered-and-threatened-wildlife-and-plants-designation-of-critical-habitat-for-the-gulf-sturgeon,,,,1,0,0,1,0,0,0,0,0,0,0,0,0,0,0,0,0,0,0,0,0,0,0,0,0,0,7,,Abundant food items within riverine habitats for larval and juvenile life stages and abundant prey items within estuarine and marine habitats and substrates for subadult and adult life stages
117,Gulf Sturgeon,,,"14 geographic areas among the Gulf of Mexico rivers and tributaries as critical habitat for the Gulf sturgeon; Louisiana to Florida; riverine, estuarine, and marine areas; defined in 14 units",Gulf of America,"Alabama, Florida, Louisiana, Mississippi",,"Riverine spawning sites with substrates suitable for egg deposition and development, such as limestone outcrops and cut limestone banks, bedrock, large gravel or cobble beds, marl, soapstone, or hard clay",1,0,0,0,0,,,designated,68 FR 13370,3/19/2003,https://www.federalregister.gov/documents/2003/03/19/03-5208/endangered-and-threatened-wildlife-and-plants-designation-of-critical-habitat-for-the-gulf-sturgeon,,,,1,0,0,0,1,1,1,0,0,0,0,0,0,0,0,0,0,0,1,0,0,0,0,0,0,0,7,,Riverine spawning sites with substrates suitable for egg deposition and development
118,Gulf Sturgeon,,,"14 geographic areas among the Gulf of Mexico rivers and tributaries as critical habitat for the Gulf sturgeon; Louisiana to Florida; riverine, estuarine, and marine areas; defined in 14 units",Gulf of America,"Alabama, Florida, Louisiana, Mississippi",,"Riverine aggregation areas, also referred to as resting, holding, and staging areas, used by adult, subadult, and/or juveniles, generally, but not always, located in holes below normal riverbed depths, believed necessary for minimizing energy expenditures during fresh water residency and possibly for osmoregulatory functions",1,0,0,0,0,,,designated,68 FR 13370,3/19/2003,https://www.federalregister.gov/documents/2003/03/19/03-5208/endangered-and-threatened-wildlife-and-plants-designation-of-critical-habitat-for-the-gulf-sturgeon,,,,1,0,0,0,1,0,1,0,0,0,0,1,0,0,0,0,0,0,0,0,0,0,0,0,0,0,7,,"Riverine aggregation areas, also referred to as resting, holding, and staging areas, used by adult, subadult, and/or juveniles"
119,Gulf Sturgeon,,,"14 geographic areas among the Gulf of Mexico rivers and tributaries as critical habitat for the Gulf sturgeon; Louisiana to Florida; riverine, estuarine, and marine areas; defined in 14 units",Gulf of America,"Alabama, Florida, Louisiana, Mississippi",,"A flow regime (i.e., the magnitude, frequency, duration, seasonality, and rate-of-change of fresh water discharge over time) necessary for normal behavior, growth, and survival of all life stages in the riverine environment, including migration, breeding site selection, courtship, egg fertilization, resting, and staging, and for maintaining spawning sites in suitable condition for egg attachment, egg sheltering, resting, and larval staging",1,0,0,0,0,,,designated,68 FR 13370,3/19/2003,https://www.federalregister.gov/documents/2003/03/19/03-5208/endangered-and-threatened-wildlife-and-plants-designation-of-critical-habitat-for-the-gulf-sturgeon,,,,1,0,0,0,0,0,0,0,0,0,0,0,0,0,0,0,0,0,0,0,1,1,0,0,1,0,7,,"A flow regime necessary for normal behavior, growth, and survival of all life stages in the riverine environment"
120,Gulf Sturgeon,,,"14 geographic areas among the Gulf of Mexico rivers and tributaries as critical habitat for the Gulf sturgeon; Louisiana to Florida; riverine, estuarine, and marine areas; defined in 14 units",Gulf of America,"Alabama, Florida, Louisiana, Mississippi",,"Water quality, including temperature, salinity, pH, hardness, turbidity, oxygen content, and other chemical characteristics, necessary for normal behavior, growth, and viability of all life stages",1,1,1,0,1,1,,designated,68 FR 13370,3/19/2003,https://www.federalregister.gov/documents/2003/03/19/03-5208/endangered-and-threatened-wildlife-and-plants-designation-of-critical-habitat-for-the-gulf-sturgeon,,,,1,0,0,0,0,0,0,0,1,0,0,0,0,1,1,1,1,0,1,0,0,0,0,0,0,0,7,,"Water quality, including temperature, salinity, pH, hardness, turbidity, oxygen content, and other chemical characteristics"
121,Gulf Sturgeon,,,"14 geographic areas among the Gulf of Mexico rivers and tributaries as critical habitat for the Gulf sturgeon; Louisiana to Florida; riverine, estuarine, and marine areas; defined in 14 units",Gulf of America,"Alabama, Florida, Louisiana, Mississippi",,"Sediment quality, including texture and other chemical characteristics, necessary for normal behavior, growth, and viability of all life stages",1,1,1,0,1,1,,designated,68 FR 13370,3/19/2003,https://www.federalregister.gov/documents/2003/03/19/03-5208/endangered-and-threatened-wildlife-and-plants-designation-of-critical-habitat-for-the-gulf-sturgeon,,,,1,0,0,0,1,1,0,0,1,0,0,0,0,0,0,0,0,0,1,0,0,0,0,0,0,0,7,,"Sediment quality, including texture and other chemical characteristics, necessary for normal behavior, growth, and viability of all life stages"
122,Gulf Sturgeon,,,"14 geographic areas among the Gulf of Mexico rivers and tributaries as critical habitat for the Gulf sturgeon; Louisiana to Florida; riverine, estuarine, and marine areas; defined in 14 units",Gulf of America,"Alabama, Florida, Louisiana, Mississippi",,"Safe and unobstructed migratory pathways necessary for passage within and between riverine, estuarine, and marine habitats (e.g., an unobstructed river or a dammed river that still allows for passage)",1,1,1,0,1,1,,designated,68 FR 13370,3/19/2003,https://www.federalregister.gov/documents/2003/03/19/03-5208/endangered-and-threatened-wildlife-and-plants-designation-of-critical-habitat-for-the-gulf-sturgeon,,,,1,0,0,0,0,0,0,0,0,1,0,0,0,0,0,0,0,0,0,0,0,0,0,0,0,0,7,,"Safe and unobstructed migratory pathways necessary for passage within and between riverine, estuarine, and marine habitats"
123,Chinook Salmon,California Coastal ESU,,"riverine and estuarine habitat in California
...we are proposing to define the lateral extent of designated critical habitat as the width of the stream channel defined by the ordinary high-water line as defined by the COE in 33 CFR 329.11. This approach is consistent with the specific mapping requirements described in agency regulations at 50 CFR 424.12(c). In areas for which ordinary high-water has not been defined pursuant to 33 CFR 329.11, the width of the stream channel shall be defined by its bankfull elevation. Bankfull elevation is the level at which water begins to leave the channel and move into the floodplain (Rosgen, 1996) and is reached at a discharge which generally has a recurrence interval of 1 to 2 years on the annual flood series (Leopold et al., 1992). 
In estuarine areas we believe that extreme high water is the best descriptor of lateral extent. We are designating the area inundated by extreme high tide because it encompasses habitat areas typically inundated and regularly occupied during the spring and summer when juvenile salmon are migrating in the nearshore zone and relying heavily on forage, cover, and refuge qualities provided by these occupied habitats.",Pacific,California,,"Freshwater spawning sites with water quantity and quality conditions and substrate supporting spawning, incubation and larval development",1,0,0,0,0,,,designated,70 FR 52488,9/2/2005,https://www.federalregister.gov/documents/2005/09/02/05-16389/endangered-and-threatened-species-designation-of-critical-habitat-for-seven-evolutionarily,,,,1,0,0,0,1,1,0,0,1,0,0,0,0,1,1,0,1,0,1,0,1,0,0,0,0,0,6,,Freshwater spawning sites with water quantity and quality conditions and substrate
124,Chinook Salmon,California Coastal ESU,,"riverine and estuarine habitat in California
...we are proposing to define the lateral extent of designated critical habitat as the width of the stream channel defined by the ordinary high-water line as defined by the COE in 33 CFR 329.11. This approach is consistent with the specific mapping requirements described in agency regulations at 50 CFR 424.12(c). In areas for which ordinary high-water has not been defined pursuant to 33 CFR 329.11, the width of the stream channel shall be defined by its bankfull elevation. Bankfull elevation is the level at which water begins to leave the channel and move into the floodplain (Rosgen, 1996) and is reached at a discharge which generally has a recurrence interval of 1 to 2 years on the annual flood series (Leopold et al., 1992). 
In estuarine areas we believe that extreme high water is the best descriptor of lateral extent. We are designating the area inundated by extreme high tide because it encompasses habitat areas typically inundated and regularly occupied during the spring and summer when juvenile salmon are migrating in the nearshore zone and relying heavily on forage, cover, and refuge qualities provided by these occupied habitats.",Pacific,California,,"Freshwater rearing sites with water quantity and floodplain connectivity to form and maintain physical habitat conditions and support juvenile growth and mobility; water quality and forage supporting juvenile development; and natural cover such as shade, submerged and overhanging large wood, log jams and beaver dams, aquatic vegetation, large rocks and boulders, side channels, and undercut banks",1,0,0,0,0,,,designated,70 FR 52488,9/2/2005,https://www.federalregister.gov/documents/2005/09/02/05-16389/endangered-and-threatened-species-designation-of-critical-habitat-for-seven-evolutionarily,,,,1,1,0,1,1,1,1,0,1,0,1,0,0,1,1,0,1,0,1,0,1,0,1,0,1,0,6,,"Freshwater rearing sites with water quantity, floodplain connectivity, water quality, forage, and natural cover"
125,Chinook Salmon,California Coastal ESU,,"riverine and estuarine habitat in California
...we are proposing to define the lateral extent of designated critical habitat as the width of the stream channel defined by the ordinary high-water line as defined by the COE in 33 CFR 329.11. This approach is consistent with the specific mapping requirements described in agency regulations at 50 CFR 424.12(c). In areas for which ordinary high-water has not been defined pursuant to 33 CFR 329.11, the width of the stream channel shall be defined by its bankfull elevation. Bankfull elevation is the level at which water begins to leave the channel and move into the floodplain (Rosgen, 1996) and is reached at a discharge which generally has a recurrence interval of 1 to 2 years on the annual flood series (Leopold et al., 1992). 
In estuarine areas we believe that extreme high water is the best descriptor of lateral extent. We are designating the area inundated by extreme high tide because it encompasses habitat areas typically inundated and regularly occupied during the spring and summer when juvenile salmon are migrating in the nearshore zone and relying heavily on forage, cover, and refuge qualities provided by these occupied habitats.",Pacific,California,,"Freshwater migration corridors free of obstruction with water quantity and quality conditions and natural cover such as submerged and overhanging large wood, aquatic vegetation, large rocks and boulders, side channels, and undercut banks supporting juvenile and adult mobility and survival. ",1,0,0,0,0,,,designated,70 FR 52488,9/2/2005,https://www.federalregister.gov/documents/2005/09/02/05-16389/endangered-and-threatened-species-designation-of-critical-habitat-for-seven-evolutionarily,,,,1,1,0,0,1,1,1,0,0,1,1,0,0,1,1,0,1,0,1,0,1,0,1,0,1,0,6,,Freshwater migration corridors free of obstruction with water quantity and quality conditions and natural cover
126,Chinook Salmon,California Coastal ESU,,"riverine and estuarine habitat in California
...we are proposing to define the lateral extent of designated critical habitat as the width of the stream channel defined by the ordinary high-water line as defined by the COE in 33 CFR 329.11. This approach is consistent with the specific mapping requirements described in agency regulations at 50 CFR 424.12(c). In areas for which ordinary high-water has not been defined pursuant to 33 CFR 329.11, the width of the stream channel shall be defined by its bankfull elevation. Bankfull elevation is the level at which water begins to leave the channel and move into the floodplain (Rosgen, 1996) and is reached at a discharge which generally has a recurrence interval of 1 to 2 years on the annual flood series (Leopold et al., 1992). 
In estuarine areas we believe that extreme high water is the best descriptor of lateral extent. We are designating the area inundated by extreme high tide because it encompasses habitat areas typically inundated and regularly occupied during the spring and summer when juvenile salmon are migrating in the nearshore zone and relying heavily on forage, cover, and refuge qualities provided by these occupied habitats.",Pacific,California,,"Estuarine areas free of obstruction with water quality, water quantity, and salinity conditions supporting juvenile and adult physiological transitions between fresh- and saltwater; natural cover such as submerged and overhanging large wood, aquatic vegetation, large rocks and boulders, and side channels; and juvenile and adult forage, including aquatic invertebrates and fishes, supporting growth and maturation. ",0,1,0,0,0,,,designated,70 FR 52488,9/2/2005,https://www.federalregister.gov/documents/2005/09/02/05-16389/endangered-and-threatened-species-designation-of-critical-habitat-for-seven-evolutionarily,,,,1,1,1,1,1,1,1,0,1,1,1,0,0,1,0,1,0,0,0,0,1,0,1,0,0,0,6,,"Estuarine areas free of obstruction with water quality, water quantity, and salinity conditions; natural cover; and juvenile and adult forage"
127,Chinook Salmon,California Coastal ESU,0,"riverine and estuarine habitat in California
...we are proposing to define the lateral extent of designated critical habitat as the width of the stream channel defined by the ordinary high-water line as defined by the COE in 33 CFR 329.11. This approach is consistent with the specific mapping requirements described in agency regulations at 50 CFR 424.12(c). In areas for which ordinary high-water has not been defined pursuant to 33 CFR 329.11, the width of the stream channel shall be defined by its bankfull elevation. Bankfull elevation is the level at which water begins to leave the channel and move into the floodplain (Rosgen, 1996) and is reached at a discharge which generally has a recurrence interval of 1 to 2 years on the annual flood series (Leopold et al., 1992). 
In estuarine areas we believe that extreme high water is the best descriptor of lateral extent. We are designating the area inundated by extreme high tide because it encompasses habitat areas typically inundated and regularly occupied during the spring and summer when juvenile salmon are migrating in the nearshore zone and relying heavily on forage, cover, and refuge qualities provided by these occupied habitats.",NA,NA,,"Nearshore marine areas free of obstruction with water quality and quantity conditions and forage, including aquatic invertebrates and fishes, supporting growth and maturation; and natural cover such as submerged and overhanging large wood, aquatic vegetation, large rocks and boulders, and side channels. ",0,0,1,1,NA,NA,,designated,70 FR 52488,9/2/2005,https://www.federalregister.gov/documents/2005/09/02/05-16389/endangered-and-threatened-species-designation-of-critical-habitat-for-seven-evolutionarily,,,,1,1,0,1,1,1,1,0,1,1,1,0,0,1,0,0,0,0,0,0,1,0,1,0,1,0,6,No quantity of marine habitat designated,"Nearshore marine areas free of obstruction with water quality and quantity conditions, forage, and natural cover"
128,Chinook Salmon,California Coastal ESU,0,"riverine and estuarine habitat in California
...we are proposing to define the lateral extent of designated critical habitat as the width of the stream channel defined by the ordinary high-water line as defined by the COE in 33 CFR 329.11. This approach is consistent with the specific mapping requirements described in agency regulations at 50 CFR 424.12(c). In areas for which ordinary high-water has not been defined pursuant to 33 CFR 329.11, the width of the stream channel shall be defined by its bankfull elevation. Bankfull elevation is the level at which water begins to leave the channel and move into the floodplain (Rosgen, 1996) and is reached at a discharge which generally has a recurrence interval of 1 to 2 years on the annual flood series (Leopold et al., 1992). 
In estuarine areas we believe that extreme high water is the best descriptor of lateral extent. We are designating the area inundated by extreme high tide because it encompasses habitat areas typically inundated and regularly occupied during the spring and summer when juvenile salmon are migrating in the nearshore zone and relying heavily on forage, cover, and refuge qualities provided by these occupied habitats.",NA,NA,,"Offshore marine areas with water quality conditions and forage, including aquatic invertebrates and fishes, supporting growth and maturation. ",0,0,1,0,NA,NA,,designated,70 FR 52488,9/2/2005,https://www.federalregister.gov/documents/2005/09/02/05-16389/endangered-and-threatened-species-designation-of-critical-habitat-for-seven-evolutionarily,,,,1,0,0,1,0,0,0,0,1,0,0,0,0,1,0,0,0,0,0,0,0,0,0,0,0,0,6,No specific areas designated based on this PCE ,Offshore marine areas with water quality conditions and forage
129,Chinook Salmon,Central Valley Spring-Run ESU,,"riverine and estuarine habitat in California
...we are proposing to define the lateral extent of designated critical habitat as the width of the stream channel defined by the ordinary high-water line as defined by the COE in 33 CFR 329.11. This approach is consistent with the specific mapping requirements described in agency regulations at 50 CFR 424.12(c). In areas for which ordinary high-water has not been defined pursuant to 33 CFR 329.11, the width of the stream channel shall be defined by its bankfull elevation. Bankfull elevation is the level at which water begins to leave the channel and move into the floodplain (Rosgen, 1996) and is reached at a discharge which generally has a recurrence interval of 1 to 2 years on the annual flood series (Leopold et al., 1992). 
In estuarine areas we believe that extreme high water is the best descriptor of lateral extent. We are designating the area inundated by extreme high tide because it encompasses habitat areas typically inundated and regularly occupied during the spring and summer when juvenile salmon are migrating in the nearshore zone and relying heavily on forage, cover, and refuge qualities provided by these occupied habitats.",Pacific,California,,"Freshwater spawning sites with water quantity and quality conditions and substrate supporting spawning, incubation and larval development",1,0,0,0,0,,,designated,70 FR 52488,9/2/2005,https://www.federalregister.gov/documents/2005/09/02/05-16389/endangered-and-threatened-species-designation-of-critical-habitat-for-seven-evolutionarily,,,,1,0,0,0,1,1,0,0,1,0,0,0,0,1,1,0,1,0,1,0,1,0,0,0,0,0,6,,Freshwater spawning sites with water quantity and quality conditions and substrate
130,Chinook Salmon,Central Valley Spring-Run ESU,,"riverine and estuarine habitat in California
...we are proposing to define the lateral extent of designated critical habitat as the width of the stream channel defined by the ordinary high-water line as defined by the COE in 33 CFR 329.11. This approach is consistent with the specific mapping requirements described in agency regulations at 50 CFR 424.12(c). In areas for which ordinary high-water has not been defined pursuant to 33 CFR 329.11, the width of the stream channel shall be defined by its bankfull elevation. Bankfull elevation is the level at which water begins to leave the channel and move into the floodplain (Rosgen, 1996) and is reached at a discharge which generally has a recurrence interval of 1 to 2 years on the annual flood series (Leopold et al., 1992). 
In estuarine areas we believe that extreme high water is the best descriptor of lateral extent. We are designating the area inundated by extreme high tide because it encompasses habitat areas typically inundated and regularly occupied during the spring and summer when juvenile salmon are migrating in the nearshore zone and relying heavily on forage, cover, and refuge qualities provided by these occupied habitats.",Pacific,California,,"Freshwater rearing sites with water quantity and floodplain connectivity to form and maintain physical habitat conditions and support juvenile growth and mobility; water quality and forage supporting juvenile development; and natural cover such as shade, submerged and overhanging large wood, log jams and beaver dams, aquatic vegetation, large rocks and boulders, side channels, and undercut banks",1,0,0,0,0,,,designated,70 FR 52488,9/2/2005,https://www.federalregister.gov/documents/2005/09/02/05-16389/endangered-and-threatened-species-designation-of-critical-habitat-for-seven-evolutionarily,,,,1,1,0,1,1,1,1,0,1,0,1,0,0,1,1,0,1,0,1,0,1,0,1,0,1,0,6,,"Freshwater rearing sites with water quantity, floodplain connectivity, water quality, forage, and natural cover"
131,Chinook Salmon,Central Valley Spring-Run ESU,,"riverine and estuarine habitat in California
...we are proposing to define the lateral extent of designated critical habitat as the width of the stream channel defined by the ordinary high-water line as defined by the COE in 33 CFR 329.11. This approach is consistent with the specific mapping requirements described in agency regulations at 50 CFR 424.12(c). In areas for which ordinary high-water has not been defined pursuant to 33 CFR 329.11, the width of the stream channel shall be defined by its bankfull elevation. Bankfull elevation is the level at which water begins to leave the channel and move into the floodplain (Rosgen, 1996) and is reached at a discharge which generally has a recurrence interval of 1 to 2 years on the annual flood series (Leopold et al., 1992). 
In estuarine areas we believe that extreme high water is the best descriptor of lateral extent. We are designating the area inundated by extreme high tide because it encompasses habitat areas typically inundated and regularly occupied during the spring and summer when juvenile salmon are migrating in the nearshore zone and relying heavily on forage, cover, and refuge qualities provided by these occupied habitats.",Pacific,California,,"Freshwater migration corridors free of obstruction with water quantity and quality conditions and natural cover such as submerged and overhanging large wood, aquatic vegetation, large rocks and boulders, side channels, and undercut banks supporting juvenile and adult mobility and survival. ",1,0,0,0,0,,,designated,70 FR 52488,9/2/2005,https://www.federalregister.gov/documents/2005/09/02/05-16389/endangered-and-threatened-species-designation-of-critical-habitat-for-seven-evolutionarily,,,,1,1,0,0,1,1,1,0,0,1,1,0,0,1,1,0,1,0,1,0,1,0,1,0,1,0,6,,Freshwater migration corridors free of obstruction with water quantity and quality conditions and natural cover
132,Chinook Salmon,Central Valley Spring-Run ESU,,"riverine and estuarine habitat in California
...we are proposing to define the lateral extent of designated critical habitat as the width of the stream channel defined by the ordinary high-water line as defined by the COE in 33 CFR 329.11. This approach is consistent with the specific mapping requirements described in agency regulations at 50 CFR 424.12(c). In areas for which ordinary high-water has not been defined pursuant to 33 CFR 329.11, the width of the stream channel shall be defined by its bankfull elevation. Bankfull elevation is the level at which water begins to leave the channel and move into the floodplain (Rosgen, 1996) and is reached at a discharge which generally has a recurrence interval of 1 to 2 years on the annual flood series (Leopold et al., 1992). 
In estuarine areas we believe that extreme high water is the best descriptor of lateral extent. We are designating the area inundated by extreme high tide because it encompasses habitat areas typically inundated and regularly occupied during the spring and summer when juvenile salmon are migrating in the nearshore zone and relying heavily on forage, cover, and refuge qualities provided by these occupied habitats.",Pacific,California,,"Estuarine areas free of obstruction with water quality, water quantity, and salinity conditions supporting juvenile and adult physiological transitions between fresh- and saltwater; natural cover such as submerged and overhanging large wood, aquatic vegetation, large rocks and boulders, and side channels; and juvenile and adult forage, including aquatic invertebrates and fishes, supporting growth and maturation. ",0,1,0,0,0,,,designated,70 FR 52488,9/2/2005,https://www.federalregister.gov/documents/2005/09/02/05-16389/endangered-and-threatened-species-designation-of-critical-habitat-for-seven-evolutionarily,,,,1,1,1,1,1,1,1,0,1,1,1,0,0,1,0,1,0,0,0,0,1,0,1,0,0,0,6,,"Estuarine areas free of obstruction with water quality, water quantity, and salinity conditions; natural cover; and juvenile and adult forage"
133,Chinook Salmon,Central Valley Spring-Run ESU,0,"riverine and estuarine habitat in California
...we are proposing to define the lateral extent of designated critical habitat as the width of the stream channel defined by the ordinary high-water line as defined by the COE in 33 CFR 329.11. This approach is consistent with the specific mapping requirements described in agency regulations at 50 CFR 424.12(c). In areas for which ordinary high-water has not been defined pursuant to 33 CFR 329.11, the width of the stream channel shall be defined by its bankfull elevation. Bankfull elevation is the level at which water begins to leave the channel and move into the floodplain (Rosgen, 1996) and is reached at a discharge which generally has a recurrence interval of 1 to 2 years on the annual flood series (Leopold et al., 1992). 
In estuarine areas we believe that extreme high water is the best descriptor of lateral extent. We are designating the area inundated by extreme high tide because it encompasses habitat areas typically inundated and regularly occupied during the spring and summer when juvenile salmon are migrating in the nearshore zone and relying heavily on forage, cover, and refuge qualities provided by these occupied habitats.",NA,NA,,"Nearshore marine areas free of obstruction with water quality and quantity conditions and forage, including aquatic invertebrates and fishes, supporting growth and maturation; and natural cover such as submerged and overhanging large wood, aquatic vegetation, large rocks and boulders, and side channels. ",0,0,1,1,NA,NA,,designated,70 FR 52488,9/2/2005,https://www.federalregister.gov/documents/2005/09/02/05-16389/endangered-and-threatened-species-designation-of-critical-habitat-for-seven-evolutionarily,,,,1,1,0,1,1,1,1,0,1,1,1,0,0,1,0,0,0,0,0,0,1,0,1,0,1,0,6,No quantity of marine habitat designated,"Nearshore marine areas free of obstruction with water quality and quantity conditions, forage, and natural cover"
134,Chinook Salmon,Central Valley Spring-Run ESU,0,"riverine and estuarine habitat in California
...we are proposing to define the lateral extent of designated critical habitat as the width of the stream channel defined by the ordinary high-water line as defined by the COE in 33 CFR 329.11. This approach is consistent with the specific mapping requirements described in agency regulations at 50 CFR 424.12(c). In areas for which ordinary high-water has not been defined pursuant to 33 CFR 329.11, the width of the stream channel shall be defined by its bankfull elevation. Bankfull elevation is the level at which water begins to leave the channel and move into the floodplain (Rosgen, 1996) and is reached at a discharge which generally has a recurrence interval of 1 to 2 years on the annual flood series (Leopold et al., 1992). 
In estuarine areas we believe that extreme high water is the best descriptor of lateral extent. We are designating the area inundated by extreme high tide because it encompasses habitat areas typically inundated and regularly occupied during the spring and summer when juvenile salmon are migrating in the nearshore zone and relying heavily on forage, cover, and refuge qualities provided by these occupied habitats.",NA,NA,,"Offshore marine areas with water quality conditions and forage, including aquatic invertebrates and fishes, supporting growth and maturation. ",0,0,1,0,NA,NA,,designated,70 FR 52488,9/2/2005,https://www.federalregister.gov/documents/2005/09/02/05-16389/endangered-and-threatened-species-designation-of-critical-habitat-for-seven-evolutionarily,,,,1,0,0,1,0,0,0,0,1,0,0,0,0,1,0,0,0,0,0,0,0,0,0,0,0,0,6,No specific areas designated based on this PCE ,Offshore marine areas with water quality conditions and forage
135,Steelhead,California Central Valley DPS,,"riverine and estuarine habitat in California
...we are proposing to define the lateral extent of designated critical habitat as the width of the stream channel defined by the ordinary high-water line as defined by the COE in 33 CFR 329.11. This approach is consistent with the specific mapping requirements described in agency regulations at 50 CFR 424.12(c). In areas for which ordinary high-water has not been defined pursuant to 33 CFR 329.11, the width of the stream channel shall be defined by its bankfull elevation. Bankfull elevation is the level at which water begins to leave the channel and move into the floodplain (Rosgen, 1996) and is reached at a discharge which generally has a recurrence interval of 1 to 2 years on the annual flood series (Leopold et al., 1992). 
In estuarine areas we believe that extreme high water is the best descriptor of lateral extent. We are designating the area inundated by extreme high tide because it encompasses habitat areas typically inundated and regularly occupied during the spring and summer when juvenile salmon are migrating in the nearshore zone and relying heavily on forage, cover, and refuge qualities provided by these occupied habitats.",Pacific,California,,"Freshwater spawning sites with water quantity and quality conditions and substrate supporting spawning, incubation and larval development",1,0,0,0,0,,,designated,70 FR 52488,9/2/2005,https://www.federalregister.gov/documents/2005/09/02/05-16389/endangered-and-threatened-species-designation-of-critical-habitat-for-seven-evolutionarily,,,,1,0,0,0,1,1,0,0,1,0,0,0,0,1,1,0,1,0,1,0,1,0,0,0,0,0,6,,Freshwater spawning sites with water quantity and quality conditions and substrate
136,Steelhead,California Central Valley DPS,,"riverine and estuarine habitat in California
...we are proposing to define the lateral extent of designated critical habitat as the width of the stream channel defined by the ordinary high-water line as defined by the COE in 33 CFR 329.11. This approach is consistent with the specific mapping requirements described in agency regulations at 50 CFR 424.12(c). In areas for which ordinary high-water has not been defined pursuant to 33 CFR 329.11, the width of the stream channel shall be defined by its bankfull elevation. Bankfull elevation is the level at which water begins to leave the channel and move into the floodplain (Rosgen, 1996) and is reached at a discharge which generally has a recurrence interval of 1 to 2 years on the annual flood series (Leopold et al., 1992). 
In estuarine areas we believe that extreme high water is the best descriptor of lateral extent. We are designating the area inundated by extreme high tide because it encompasses habitat areas typically inundated and regularly occupied during the spring and summer when juvenile salmon are migrating in the nearshore zone and relying heavily on forage, cover, and refuge qualities provided by these occupied habitats.",Pacific,California,,"Freshwater rearing sites with water quantity and floodplain connectivity to form and maintain physical habitat conditions and support juvenile growth and mobility; water quality and forage supporting juvenile development; and natural cover such as shade, submerged and overhanging large wood, log jams and beaver dams, aquatic vegetation, large rocks and boulders, side channels, and undercut banks",1,0,0,0,0,,,designated,70 FR 52488,9/2/2005,https://www.federalregister.gov/documents/2005/09/02/05-16389/endangered-and-threatened-species-designation-of-critical-habitat-for-seven-evolutionarily,,,,1,1,0,1,1,1,1,0,1,0,1,0,0,1,1,0,1,0,1,0,1,0,1,0,1,0,6,,"Freshwater rearing sites with water quantity, floodplain connectivity, water quality, forage, and natural cover"
137,Steelhead,California Central Valley DPS,,"riverine and estuarine habitat in California
...we are proposing to define the lateral extent of designated critical habitat as the width of the stream channel defined by the ordinary high-water line as defined by the COE in 33 CFR 329.11. This approach is consistent with the specific mapping requirements described in agency regulations at 50 CFR 424.12(c). In areas for which ordinary high-water has not been defined pursuant to 33 CFR 329.11, the width of the stream channel shall be defined by its bankfull elevation. Bankfull elevation is the level at which water begins to leave the channel and move into the floodplain (Rosgen, 1996) and is reached at a discharge which generally has a recurrence interval of 1 to 2 years on the annual flood series (Leopold et al., 1992). 
In estuarine areas we believe that extreme high water is the best descriptor of lateral extent. We are designating the area inundated by extreme high tide because it encompasses habitat areas typically inundated and regularly occupied during the spring and summer when juvenile salmon are migrating in the nearshore zone and relying heavily on forage, cover, and refuge qualities provided by these occupied habitats.",Pacific,California,,"Freshwater migration corridors free of obstruction with water quantity and quality conditions and natural cover such as submerged and overhanging large wood, aquatic vegetation, large rocks and boulders, side channels, and undercut banks supporting juvenile and adult mobility and survival. ",1,0,0,0,0,,,designated,70 FR 52488,9/2/2005,https://www.federalregister.gov/documents/2005/09/02/05-16389/endangered-and-threatened-species-designation-of-critical-habitat-for-seven-evolutionarily,,,,1,1,0,0,1,1,1,0,0,1,1,0,0,1,1,0,1,0,1,0,1,0,1,0,1,0,6,,Freshwater migration corridors free of obstruction with water quantity and quality conditions and natural cover
138,Steelhead,California Central Valley DPS,,"riverine and estuarine habitat in California
...we are proposing to define the lateral extent of designated critical habitat as the width of the stream channel defined by the ordinary high-water line as defined by the COE in 33 CFR 329.11. This approach is consistent with the specific mapping requirements described in agency regulations at 50 CFR 424.12(c). In areas for which ordinary high-water has not been defined pursuant to 33 CFR 329.11, the width of the stream channel shall be defined by its bankfull elevation. Bankfull elevation is the level at which water begins to leave the channel and move into the floodplain (Rosgen, 1996) and is reached at a discharge which generally has a recurrence interval of 1 to 2 years on the annual flood series (Leopold et al., 1992). 
In estuarine areas we believe that extreme high water is the best descriptor of lateral extent. We are designating the area inundated by extreme high tide because it encompasses habitat areas typically inundated and regularly occupied during the spring and summer when juvenile salmon are migrating in the nearshore zone and relying heavily on forage, cover, and refuge qualities provided by these occupied habitats.",Pacific,California,,"Estuarine areas free of obstruction with water quality, water quantity, and salinity conditions supporting juvenile and adult physiological transitions between fresh- and saltwater; natural cover such as submerged and overhanging large wood, aquatic vegetation, large rocks and boulders, and side channels; and juvenile and adult forage, including aquatic invertebrates and fishes, supporting growth and maturation. ",0,1,0,0,0,,,designated,70 FR 52488,9/2/2005,https://www.federalregister.gov/documents/2005/09/02/05-16389/endangered-and-threatened-species-designation-of-critical-habitat-for-seven-evolutionarily,,,,1,1,1,1,1,1,1,0,1,1,1,0,0,1,0,1,0,0,0,0,1,0,1,0,0,0,6,,"Estuarine areas free of obstruction with water quality, water quantity, and salinity conditions; natural cover; and juvenile and adult forage"
139,Steelhead,California Central Valley DPS,0,"riverine and estuarine habitat in California
...we are proposing to define the lateral extent of designated critical habitat as the width of the stream channel defined by the ordinary high-water line as defined by the COE in 33 CFR 329.11. This approach is consistent with the specific mapping requirements described in agency regulations at 50 CFR 424.12(c). In areas for which ordinary high-water has not been defined pursuant to 33 CFR 329.11, the width of the stream channel shall be defined by its bankfull elevation. Bankfull elevation is the level at which water begins to leave the channel and move into the floodplain (Rosgen, 1996) and is reached at a discharge which generally has a recurrence interval of 1 to 2 years on the annual flood series (Leopold et al., 1992). 
In estuarine areas we believe that extreme high water is the best descriptor of lateral extent. We are designating the area inundated by extreme high tide because it encompasses habitat areas typically inundated and regularly occupied during the spring and summer when juvenile salmon are migrating in the nearshore zone and relying heavily on forage, cover, and refuge qualities provided by these occupied habitats.",NA,NA,,"Nearshore marine areas free of obstruction with water quality and quantity conditions and forage, including aquatic invertebrates and fishes, supporting growth and maturation; and natural cover such as submerged and overhanging large wood, aquatic vegetation, large rocks and boulders, and side channels. ",0,0,1,1,NA,NA,,designated,70 FR 52488,9/2/2005,https://www.federalregister.gov/documents/2005/09/02/05-16389/endangered-and-threatened-species-designation-of-critical-habitat-for-seven-evolutionarily,,,,1,1,0,1,1,1,1,0,1,1,1,0,0,1,0,0,0,0,0,0,1,0,1,0,1,0,6,No quantity of marine habitat designated,"Nearshore marine areas free of obstruction with water quality and quantity conditions, forage, and natural cover"
140,Steelhead,California Central Valley DPS,0,"riverine and estuarine habitat in California
...we are proposing to define the lateral extent of designated critical habitat as the width of the stream channel defined by the ordinary high-water line as defined by the COE in 33 CFR 329.11. This approach is consistent with the specific mapping requirements described in agency regulations at 50 CFR 424.12(c). In areas for which ordinary high-water has not been defined pursuant to 33 CFR 329.11, the width of the stream channel shall be defined by its bankfull elevation. Bankfull elevation is the level at which water begins to leave the channel and move into the floodplain (Rosgen, 1996) and is reached at a discharge which generally has a recurrence interval of 1 to 2 years on the annual flood series (Leopold et al., 1992). 
In estuarine areas we believe that extreme high water is the best descriptor of lateral extent. We are designating the area inundated by extreme high tide because it encompasses habitat areas typically inundated and regularly occupied during the spring and summer when juvenile salmon are migrating in the nearshore zone and relying heavily on forage, cover, and refuge qualities provided by these occupied habitats.",NA,NA,,"Offshore marine areas with water quality conditions and forage, including aquatic invertebrates and fishes, supporting growth and maturation. ",0,0,1,0,NA,NA,,designated,70 FR 52488,9/2/2005,https://www.federalregister.gov/documents/2005/09/02/05-16389/endangered-and-threatened-species-designation-of-critical-habitat-for-seven-evolutionarily,,,,1,0,0,1,0,0,0,0,1,0,0,0,0,1,0,0,0,0,0,0,0,0,0,0,0,0,6,No specific areas designated based on this PCE ,Offshore marine areas with water quality conditions and forage
141,Steelhead,Central California Coast DPS,,"riverine and estuarine habitat in California
...we are proposing to define the lateral extent of designated critical habitat as the width of the stream channel defined by the ordinary high-water line as defined by the COE in 33 CFR 329.11. This approach is consistent with the specific mapping requirements described in agency regulations at 50 CFR 424.12(c). In areas for which ordinary high-water has not been defined pursuant to 33 CFR 329.11, the width of the stream channel shall be defined by its bankfull elevation. Bankfull elevation is the level at which water begins to leave the channel and move into the floodplain (Rosgen, 1996) and is reached at a discharge which generally has a recurrence interval of 1 to 2 years on the annual flood series (Leopold et al., 1992). 
In estuarine areas we believe that extreme high water is the best descriptor of lateral extent. We are designating the area inundated by extreme high tide because it encompasses habitat areas typically inundated and regularly occupied during the spring and summer when juvenile salmon are migrating in the nearshore zone and relying heavily on forage, cover, and refuge qualities provided by these occupied habitats.",Pacific,California,,"Freshwater spawning sites with water quantity and quality conditions and substrate supporting spawning, incubation and larval development",1,0,0,0,0,,,designated,70 FR 52488,9/2/2005,https://www.federalregister.gov/documents/2005/09/02/05-16389/endangered-and-threatened-species-designation-of-critical-habitat-for-seven-evolutionarily,,,,1,0,0,0,1,1,0,0,1,0,0,0,0,1,1,0,1,0,1,0,1,0,0,0,0,0,6,,Freshwater spawning sites with water quantity and quality conditions and substrate
142,Steelhead,Central California Coast DPS,,"riverine and estuarine habitat in California
...we are proposing to define the lateral extent of designated critical habitat as the width of the stream channel defined by the ordinary high-water line as defined by the COE in 33 CFR 329.11. This approach is consistent with the specific mapping requirements described in agency regulations at 50 CFR 424.12(c). In areas for which ordinary high-water has not been defined pursuant to 33 CFR 329.11, the width of the stream channel shall be defined by its bankfull elevation. Bankfull elevation is the level at which water begins to leave the channel and move into the floodplain (Rosgen, 1996) and is reached at a discharge which generally has a recurrence interval of 1 to 2 years on the annual flood series (Leopold et al., 1992). 
In estuarine areas we believe that extreme high water is the best descriptor of lateral extent. We are designating the area inundated by extreme high tide because it encompasses habitat areas typically inundated and regularly occupied during the spring and summer when juvenile salmon are migrating in the nearshore zone and relying heavily on forage, cover, and refuge qualities provided by these occupied habitats.",Pacific,California,,"Freshwater rearing sites with water quantity and floodplain connectivity to form and maintain physical habitat conditions and support juvenile growth and mobility; water quality and forage supporting juvenile development; and natural cover such as shade, submerged and overhanging large wood, log jams and beaver dams, aquatic vegetation, large rocks and boulders, side channels, and undercut banks",1,0,0,0,0,,,designated,70 FR 52488,9/2/2005,https://www.federalregister.gov/documents/2005/09/02/05-16389/endangered-and-threatened-species-designation-of-critical-habitat-for-seven-evolutionarily,,,,1,1,0,1,1,1,1,0,1,0,1,0,0,1,1,0,1,0,1,0,1,0,1,0,1,0,6,,"Freshwater rearing sites with water quantity, floodplain connectivity, water quality, forage, and natural cover"
143,Steelhead,Central California Coast DPS,,"riverine and estuarine habitat in California
...we are proposing to define the lateral extent of designated critical habitat as the width of the stream channel defined by the ordinary high-water line as defined by the COE in 33 CFR 329.11. This approach is consistent with the specific mapping requirements described in agency regulations at 50 CFR 424.12(c). In areas for which ordinary high-water has not been defined pursuant to 33 CFR 329.11, the width of the stream channel shall be defined by its bankfull elevation. Bankfull elevation is the level at which water begins to leave the channel and move into the floodplain (Rosgen, 1996) and is reached at a discharge which generally has a recurrence interval of 1 to 2 years on the annual flood series (Leopold et al., 1992). 
In estuarine areas we believe that extreme high water is the best descriptor of lateral extent. We are designating the area inundated by extreme high tide because it encompasses habitat areas typically inundated and regularly occupied during the spring and summer when juvenile salmon are migrating in the nearshore zone and relying heavily on forage, cover, and refuge qualities provided by these occupied habitats.",Pacific,California,,"Freshwater migration corridors free of obstruction with water quantity and quality conditions and natural cover such as submerged and overhanging large wood, aquatic vegetation, large rocks and boulders, side channels, and undercut banks supporting juvenile and adult mobility and survival. ",1,0,0,0,0,,,designated,70 FR 52488,9/2/2005,https://www.federalregister.gov/documents/2005/09/02/05-16389/endangered-and-threatened-species-designation-of-critical-habitat-for-seven-evolutionarily,,,,1,1,0,0,1,1,1,0,0,1,1,0,0,1,1,0,1,0,1,0,1,0,1,0,1,0,6,,Freshwater migration corridors free of obstruction with water quantity and quality conditions and natural cover
144,Steelhead,Central California Coast DPS,,"riverine and estuarine habitat in California
...we are proposing to define the lateral extent of designated critical habitat as the width of the stream channel defined by the ordinary high-water line as defined by the COE in 33 CFR 329.11. This approach is consistent with the specific mapping requirements described in agency regulations at 50 CFR 424.12(c). In areas for which ordinary high-water has not been defined pursuant to 33 CFR 329.11, the width of the stream channel shall be defined by its bankfull elevation. Bankfull elevation is the level at which water begins to leave the channel and move into the floodplain (Rosgen, 1996) and is reached at a discharge which generally has a recurrence interval of 1 to 2 years on the annual flood series (Leopold et al., 1992). 
In estuarine areas we believe that extreme high water is the best descriptor of lateral extent. We are designating the area inundated by extreme high tide because it encompasses habitat areas typically inundated and regularly occupied during the spring and summer when juvenile salmon are migrating in the nearshore zone and relying heavily on forage, cover, and refuge qualities provided by these occupied habitats.",Pacific,California,,"Estuarine areas free of obstruction with water quality, water quantity, and salinity conditions supporting juvenile and adult physiological transitions between fresh- and saltwater; natural cover such as submerged and overhanging large wood, aquatic vegetation, large rocks and boulders, and side channels; and juvenile and adult forage, including aquatic invertebrates and fishes, supporting growth and maturation. ",0,1,0,0,0,,,designated,70 FR 52488,9/2/2005,https://www.federalregister.gov/documents/2005/09/02/05-16389/endangered-and-threatened-species-designation-of-critical-habitat-for-seven-evolutionarily,,,,1,1,1,1,1,1,1,0,1,1,1,0,0,1,0,1,0,0,0,0,1,0,1,0,0,0,6,,"Estuarine areas free of obstruction with water quality, water quantity, and salinity conditions; natural cover; and juvenile and adult forage"
145,Steelhead,Central California Coast DPS,0,"riverine and estuarine habitat in California
...we are proposing to define the lateral extent of designated critical habitat as the width of the stream channel defined by the ordinary high-water line as defined by the COE in 33 CFR 329.11. This approach is consistent with the specific mapping requirements described in agency regulations at 50 CFR 424.12(c). In areas for which ordinary high-water has not been defined pursuant to 33 CFR 329.11, the width of the stream channel shall be defined by its bankfull elevation. Bankfull elevation is the level at which water begins to leave the channel and move into the floodplain (Rosgen, 1996) and is reached at a discharge which generally has a recurrence interval of 1 to 2 years on the annual flood series (Leopold et al., 1992). 
In estuarine areas we believe that extreme high water is the best descriptor of lateral extent. We are designating the area inundated by extreme high tide because it encompasses habitat areas typically inundated and regularly occupied during the spring and summer when juvenile salmon are migrating in the nearshore zone and relying heavily on forage, cover, and refuge qualities provided by these occupied habitats.",NA,NA,,"Nearshore marine areas free of obstruction with water quality and quantity conditions and forage, including aquatic invertebrates and fishes, supporting growth and maturation; and natural cover such as submerged and overhanging large wood, aquatic vegetation, large rocks and boulders, and side channels. ",0,0,1,1,NA,NA,,designated,70 FR 52488,9/2/2005,https://www.federalregister.gov/documents/2005/09/02/05-16389/endangered-and-threatened-species-designation-of-critical-habitat-for-seven-evolutionarily,,,,1,1,0,1,1,1,1,0,1,1,1,0,0,1,0,0,0,0,0,0,1,0,1,0,1,0,6,No quantity of marine habitat designated,"Nearshore marine areas free of obstruction with water quality and quantity conditions, forage, and natural cover"
146,Steelhead,Central California Coast DPS,0,"riverine and estuarine habitat in California
...we are proposing to define the lateral extent of designated critical habitat as the width of the stream channel defined by the ordinary high-water line as defined by the COE in 33 CFR 329.11. This approach is consistent with the specific mapping requirements described in agency regulations at 50 CFR 424.12(c). In areas for which ordinary high-water has not been defined pursuant to 33 CFR 329.11, the width of the stream channel shall be defined by its bankfull elevation. Bankfull elevation is the level at which water begins to leave the channel and move into the floodplain (Rosgen, 1996) and is reached at a discharge which generally has a recurrence interval of 1 to 2 years on the annual flood series (Leopold et al., 1992). 
In estuarine areas we believe that extreme high water is the best descriptor of lateral extent. We are designating the area inundated by extreme high tide because it encompasses habitat areas typically inundated and regularly occupied during the spring and summer when juvenile salmon are migrating in the nearshore zone and relying heavily on forage, cover, and refuge qualities provided by these occupied habitats.",NA,NA,,"Offshore marine areas with water quality conditions and forage, including aquatic invertebrates and fishes, supporting growth and maturation. ",0,0,1,0,NA,NA,,designated,70 FR 52488,9/2/2005,https://www.federalregister.gov/documents/2005/09/02/05-16389/endangered-and-threatened-species-designation-of-critical-habitat-for-seven-evolutionarily,,,,1,0,0,1,0,0,0,0,1,0,0,0,0,1,0,0,0,0,0,0,0,0,0,0,0,0,6,No specific areas designated based on this PCE ,Offshore marine areas with water quality conditions and forage
147,Steelhead,Northern California DPS,,"riverine and estuarine habitat in California
...we are proposing to define the lateral extent of designated critical habitat as the width of the stream channel defined by the ordinary high-water line as defined by the COE in 33 CFR 329.11. This approach is consistent with the specific mapping requirements described in agency regulations at 50 CFR 424.12(c). In areas for which ordinary high-water has not been defined pursuant to 33 CFR 329.11, the width of the stream channel shall be defined by its bankfull elevation. Bankfull elevation is the level at which water begins to leave the channel and move into the floodplain (Rosgen, 1996) and is reached at a discharge which generally has a recurrence interval of 1 to 2 years on the annual flood series (Leopold et al., 1992). 
In estuarine areas we believe that extreme high water is the best descriptor of lateral extent. We are designating the area inundated by extreme high tide because it encompasses habitat areas typically inundated and regularly occupied during the spring and summer when juvenile salmon are migrating in the nearshore zone and relying heavily on forage, cover, and refuge qualities provided by these occupied habitats.",Pacific,California,,"Freshwater spawning sites with water quantity and quality conditions and substrate supporting spawning, incubation and larval development",1,0,0,0,0,,,designated,70 FR 52488,9/2/2005,https://www.federalregister.gov/documents/2005/09/02/05-16389/endangered-and-threatened-species-designation-of-critical-habitat-for-seven-evolutionarily,,,,1,0,0,0,1,1,0,0,1,0,0,0,0,1,1,0,1,0,1,0,1,0,0,0,0,0,6,,Freshwater spawning sites with water quantity and quality conditions and substrate
148,Steelhead,Northern California DPS,,"riverine and estuarine habitat in California
...we are proposing to define the lateral extent of designated critical habitat as the width of the stream channel defined by the ordinary high-water line as defined by the COE in 33 CFR 329.11. This approach is consistent with the specific mapping requirements described in agency regulations at 50 CFR 424.12(c). In areas for which ordinary high-water has not been defined pursuant to 33 CFR 329.11, the width of the stream channel shall be defined by its bankfull elevation. Bankfull elevation is the level at which water begins to leave the channel and move into the floodplain (Rosgen, 1996) and is reached at a discharge which generally has a recurrence interval of 1 to 2 years on the annual flood series (Leopold et al., 1992). 
In estuarine areas we believe that extreme high water is the best descriptor of lateral extent. We are designating the area inundated by extreme high tide because it encompasses habitat areas typically inundated and regularly occupied during the spring and summer when juvenile salmon are migrating in the nearshore zone and relying heavily on forage, cover, and refuge qualities provided by these occupied habitats.",Pacific,California,,"Freshwater rearing sites with water quantity and floodplain connectivity to form and maintain physical habitat conditions and support juvenile growth and mobility; water quality and forage supporting juvenile development; and natural cover such as shade, submerged and overhanging large wood, log jams and beaver dams, aquatic vegetation, large rocks and boulders, side channels, and undercut banks",1,0,0,0,0,,,designated,70 FR 52488,9/2/2005,https://www.federalregister.gov/documents/2005/09/02/05-16389/endangered-and-threatened-species-designation-of-critical-habitat-for-seven-evolutionarily,,,,1,1,0,1,1,1,1,0,1,0,1,0,0,1,1,0,1,0,1,0,1,0,1,0,1,0,6,,"Freshwater rearing sites with water quantity, floodplain connectivity, water quality, forage, and natural cover"
149,Steelhead,Northern California DPS,,"riverine and estuarine habitat in California
...we are proposing to define the lateral extent of designated critical habitat as the width of the stream channel defined by the ordinary high-water line as defined by the COE in 33 CFR 329.11. This approach is consistent with the specific mapping requirements described in agency regulations at 50 CFR 424.12(c). In areas for which ordinary high-water has not been defined pursuant to 33 CFR 329.11, the width of the stream channel shall be defined by its bankfull elevation. Bankfull elevation is the level at which water begins to leave the channel and move into the floodplain (Rosgen, 1996) and is reached at a discharge which generally has a recurrence interval of 1 to 2 years on the annual flood series (Leopold et al., 1992). 
In estuarine areas we believe that extreme high water is the best descriptor of lateral extent. We are designating the area inundated by extreme high tide because it encompasses habitat areas typically inundated and regularly occupied during the spring and summer when juvenile salmon are migrating in the nearshore zone and relying heavily on forage, cover, and refuge qualities provided by these occupied habitats.",Pacific,California,,"Freshwater migration corridors free of obstruction with water quantity and quality conditions and natural cover such as submerged and overhanging large wood, aquatic vegetation, large rocks and boulders, side channels, and undercut banks supporting juvenile and adult mobility and survival. ",1,0,0,0,0,,,designated,70 FR 52488,9/2/2005,https://www.federalregister.gov/documents/2005/09/02/05-16389/endangered-and-threatened-species-designation-of-critical-habitat-for-seven-evolutionarily,,,,1,1,0,0,1,1,1,0,0,1,1,0,0,1,1,0,1,0,1,0,1,0,1,0,1,0,6,,Freshwater migration corridors free of obstruction with water quantity and quality conditions and natural cover
150,Steelhead,Northern California DPS,,"riverine and estuarine habitat in California
...we are proposing to define the lateral extent of designated critical habitat as the width of the stream channel defined by the ordinary high-water line as defined by the COE in 33 CFR 329.11. This approach is consistent with the specific mapping requirements described in agency regulations at 50 CFR 424.12(c). In areas for which ordinary high-water has not been defined pursuant to 33 CFR 329.11, the width of the stream channel shall be defined by its bankfull elevation. Bankfull elevation is the level at which water begins to leave the channel and move into the floodplain (Rosgen, 1996) and is reached at a discharge which generally has a recurrence interval of 1 to 2 years on the annual flood series (Leopold et al., 1992). 
In estuarine areas we believe that extreme high water is the best descriptor of lateral extent. We are designating the area inundated by extreme high tide because it encompasses habitat areas typically inundated and regularly occupied during the spring and summer when juvenile salmon are migrating in the nearshore zone and relying heavily on forage, cover, and refuge qualities provided by these occupied habitats.",Pacific,California,,"Estuarine areas free of obstruction with water quality, water quantity, and salinity conditions supporting juvenile and adult physiological transitions between fresh- and saltwater; natural cover such as submerged and overhanging large wood, aquatic vegetation, large rocks and boulders, and side channels; and juvenile and adult forage, including aquatic invertebrates and fishes, supporting growth and maturation. ",0,1,0,0,0,,,designated,70 FR 52488,9/2/2005,https://www.federalregister.gov/documents/2005/09/02/05-16389/endangered-and-threatened-species-designation-of-critical-habitat-for-seven-evolutionarily,,,,1,1,1,1,1,1,1,0,1,1,1,0,0,1,0,1,0,0,0,0,1,0,1,0,0,0,6,,"Estuarine areas free of obstruction with water quality, water quantity, and salinity conditions; natural cover; and juvenile and adult forage"
151,Steelhead,Northern California DPS,0,"riverine and estuarine habitat in California
...we are proposing to define the lateral extent of designated critical habitat as the width of the stream channel defined by the ordinary high-water line as defined by the COE in 33 CFR 329.11. This approach is consistent with the specific mapping requirements described in agency regulations at 50 CFR 424.12(c). In areas for which ordinary high-water has not been defined pursuant to 33 CFR 329.11, the width of the stream channel shall be defined by its bankfull elevation. Bankfull elevation is the level at which water begins to leave the channel and move into the floodplain (Rosgen, 1996) and is reached at a discharge which generally has a recurrence interval of 1 to 2 years on the annual flood series (Leopold et al., 1992). 
In estuarine areas we believe that extreme high water is the best descriptor of lateral extent. We are designating the area inundated by extreme high tide because it encompasses habitat areas typically inundated and regularly occupied during the spring and summer when juvenile salmon are migrating in the nearshore zone and relying heavily on forage, cover, and refuge qualities provided by these occupied habitats.",NA,NA,,"Nearshore marine areas free of obstruction with water quality and quantity conditions and forage, including aquatic invertebrates and fishes, supporting growth and maturation; and natural cover such as submerged and overhanging large wood, aquatic vegetation, large rocks and boulders, and side channels. ",0,0,1,1,NA,NA,,designated,70 FR 52488,9/2/2005,https://www.federalregister.gov/documents/2005/09/02/05-16389/endangered-and-threatened-species-designation-of-critical-habitat-for-seven-evolutionarily,,,,1,1,0,1,1,1,1,0,1,1,1,0,0,1,0,0,0,0,0,0,1,0,1,0,1,0,6,No quantity of marine habitat designated,"Nearshore marine areas free of obstruction with water quality and quantity conditions, forage, and natural cover"
152,Steelhead,Northern California DPS,0,"riverine and estuarine habitat in California
...we are proposing to define the lateral extent of designated critical habitat as the width of the stream channel defined by the ordinary high-water line as defined by the COE in 33 CFR 329.11. This approach is consistent with the specific mapping requirements described in agency regulations at 50 CFR 424.12(c). In areas for which ordinary high-water has not been defined pursuant to 33 CFR 329.11, the width of the stream channel shall be defined by its bankfull elevation. Bankfull elevation is the level at which water begins to leave the channel and move into the floodplain (Rosgen, 1996) and is reached at a discharge which generally has a recurrence interval of 1 to 2 years on the annual flood series (Leopold et al., 1992). 
In estuarine areas we believe that extreme high water is the best descriptor of lateral extent. We are designating the area inundated by extreme high tide because it encompasses habitat areas typically inundated and regularly occupied during the spring and summer when juvenile salmon are migrating in the nearshore zone and relying heavily on forage, cover, and refuge qualities provided by these occupied habitats.",NA,NA,,"Offshore marine areas with water quality conditions and forage, including aquatic invertebrates and fishes, supporting growth and maturation. ",0,0,1,0,NA,NA,,designated,70 FR 52488,9/2/2005,https://www.federalregister.gov/documents/2005/09/02/05-16389/endangered-and-threatened-species-designation-of-critical-habitat-for-seven-evolutionarily,,,,1,0,0,1,0,0,0,0,1,0,0,0,0,1,0,0,0,0,0,0,0,0,0,0,0,0,6,No specific areas designated based on this PCE ,Offshore marine areas with water quality conditions and forage
153,Steelhead,South-Central California Coast DPS,,"riverine and estuarine habitat in California
...we are proposing to define the lateral extent of designated critical habitat as the width of the stream channel defined by the ordinary high-water line as defined by the COE in 33 CFR 329.11. This approach is consistent with the specific mapping requirements described in agency regulations at 50 CFR 424.12(c). In areas for which ordinary high-water has not been defined pursuant to 33 CFR 329.11, the width of the stream channel shall be defined by its bankfull elevation. Bankfull elevation is the level at which water begins to leave the channel and move into the floodplain (Rosgen, 1996) and is reached at a discharge which generally has a recurrence interval of 1 to 2 years on the annual flood series (Leopold et al., 1992). 
In estuarine areas we believe that extreme high water is the best descriptor of lateral extent. We are designating the area inundated by extreme high tide because it encompasses habitat areas typically inundated and regularly occupied during the spring and summer when juvenile salmon are migrating in the nearshore zone and relying heavily on forage, cover, and refuge qualities provided by these occupied habitats.",Pacific,California,,"Freshwater spawning sites with water quantity and quality conditions and substrate supporting spawning, incubation and larval development",1,0,0,0,0,,,designated,70 FR 52488,9/2/2005,https://www.federalregister.gov/documents/2005/09/02/05-16389/endangered-and-threatened-species-designation-of-critical-habitat-for-seven-evolutionarily,,,,1,0,0,0,1,1,0,0,1,0,0,0,0,1,1,0,1,0,1,0,1,0,0,0,0,0,6,,Freshwater spawning sites with water quantity and quality conditions and substrate
154,Steelhead,South-Central California Coast DPS,,"riverine and estuarine habitat in California
...we are proposing to define the lateral extent of designated critical habitat as the width of the stream channel defined by the ordinary high-water line as defined by the COE in 33 CFR 329.11. This approach is consistent with the specific mapping requirements described in agency regulations at 50 CFR 424.12(c). In areas for which ordinary high-water has not been defined pursuant to 33 CFR 329.11, the width of the stream channel shall be defined by its bankfull elevation. Bankfull elevation is the level at which water begins to leave the channel and move into the floodplain (Rosgen, 1996) and is reached at a discharge which generally has a recurrence interval of 1 to 2 years on the annual flood series (Leopold et al., 1992). 
In estuarine areas we believe that extreme high water is the best descriptor of lateral extent. We are designating the area inundated by extreme high tide because it encompasses habitat areas typically inundated and regularly occupied during the spring and summer when juvenile salmon are migrating in the nearshore zone and relying heavily on forage, cover, and refuge qualities provided by these occupied habitats.",Pacific,California,,"Freshwater rearing sites with water quantity and floodplain connectivity to form and maintain physical habitat conditions and support juvenile growth and mobility; water quality and forage supporting juvenile development; and natural cover such as shade, submerged and overhanging large wood, log jams and beaver dams, aquatic vegetation, large rocks and boulders, side channels, and undercut banks",1,0,0,0,0,,,designated,70 FR 52488,9/2/2005,https://www.federalregister.gov/documents/2005/09/02/05-16389/endangered-and-threatened-species-designation-of-critical-habitat-for-seven-evolutionarily,,,,1,1,0,1,1,1,1,0,1,0,1,0,0,1,1,0,1,0,1,0,1,0,1,0,1,0,6,,"Freshwater rearing sites with water quantity, floodplain connectivity, water quality, forage, and natural cover"
155,Steelhead,South-Central California Coast DPS,,"riverine and estuarine habitat in California
...we are proposing to define the lateral extent of designated critical habitat as the width of the stream channel defined by the ordinary high-water line as defined by the COE in 33 CFR 329.11. This approach is consistent with the specific mapping requirements described in agency regulations at 50 CFR 424.12(c). In areas for which ordinary high-water has not been defined pursuant to 33 CFR 329.11, the width of the stream channel shall be defined by its bankfull elevation. Bankfull elevation is the level at which water begins to leave the channel and move into the floodplain (Rosgen, 1996) and is reached at a discharge which generally has a recurrence interval of 1 to 2 years on the annual flood series (Leopold et al., 1992). 
In estuarine areas we believe that extreme high water is the best descriptor of lateral extent. We are designating the area inundated by extreme high tide because it encompasses habitat areas typically inundated and regularly occupied during the spring and summer when juvenile salmon are migrating in the nearshore zone and relying heavily on forage, cover, and refuge qualities provided by these occupied habitats.",Pacific,California,,"Freshwater migration corridors free of obstruction with water quantity and quality conditions and natural cover such as submerged and overhanging large wood, aquatic vegetation, large rocks and boulders, side channels, and undercut banks supporting juvenile and adult mobility and survival. ",1,0,0,0,0,,,designated,70 FR 52488,9/2/2005,https://www.federalregister.gov/documents/2005/09/02/05-16389/endangered-and-threatened-species-designation-of-critical-habitat-for-seven-evolutionarily,,,,1,1,0,0,1,1,1,0,0,1,1,0,0,1,1,0,1,0,1,0,1,0,1,0,1,0,6,,Freshwater migration corridors free of obstruction with water quantity and quality conditions and natural cover
156,Steelhead,South-Central California Coast DPS,,"riverine and estuarine habitat in California
...we are proposing to define the lateral extent of designated critical habitat as the width of the stream channel defined by the ordinary high-water line as defined by the COE in 33 CFR 329.11. This approach is consistent with the specific mapping requirements described in agency regulations at 50 CFR 424.12(c). In areas for which ordinary high-water has not been defined pursuant to 33 CFR 329.11, the width of the stream channel shall be defined by its bankfull elevation. Bankfull elevation is the level at which water begins to leave the channel and move into the floodplain (Rosgen, 1996) and is reached at a discharge which generally has a recurrence interval of 1 to 2 years on the annual flood series (Leopold et al., 1992). 
In estuarine areas we believe that extreme high water is the best descriptor of lateral extent. We are designating the area inundated by extreme high tide because it encompasses habitat areas typically inundated and regularly occupied during the spring and summer when juvenile salmon are migrating in the nearshore zone and relying heavily on forage, cover, and refuge qualities provided by these occupied habitats.",Pacific,California,,"Estuarine areas free of obstruction with water quality, water quantity, and salinity conditions supporting juvenile and adult physiological transitions between fresh- and saltwater; natural cover such as submerged and overhanging large wood, aquatic vegetation, large rocks and boulders, and side channels; and juvenile and adult forage, including aquatic invertebrates and fishes, supporting growth and maturation. ",0,1,0,0,0,,,designated,70 FR 52488,9/2/2005,https://www.federalregister.gov/documents/2005/09/02/05-16389/endangered-and-threatened-species-designation-of-critical-habitat-for-seven-evolutionarily,,,,1,1,1,1,1,1,1,0,1,1,1,0,0,1,0,1,0,0,0,0,1,0,1,0,0,0,6,,"Estuarine areas free of obstruction with water quality, water quantity, and salinity conditions; natural cover; and juvenile and adult forage"
157,Steelhead,South-Central California Coast DPS,0,"riverine and estuarine habitat in California
...we are proposing to define the lateral extent of designated critical habitat as the width of the stream channel defined by the ordinary high-water line as defined by the COE in 33 CFR 329.11. This approach is consistent with the specific mapping requirements described in agency regulations at 50 CFR 424.12(c). In areas for which ordinary high-water has not been defined pursuant to 33 CFR 329.11, the width of the stream channel shall be defined by its bankfull elevation. Bankfull elevation is the level at which water begins to leave the channel and move into the floodplain (Rosgen, 1996) and is reached at a discharge which generally has a recurrence interval of 1 to 2 years on the annual flood series (Leopold et al., 1992). 
In estuarine areas we believe that extreme high water is the best descriptor of lateral extent. We are designating the area inundated by extreme high tide because it encompasses habitat areas typically inundated and regularly occupied during the spring and summer when juvenile salmon are migrating in the nearshore zone and relying heavily on forage, cover, and refuge qualities provided by these occupied habitats.",NA,NA,,"Nearshore marine areas free of obstruction with water quality and quantity conditions and forage, including aquatic invertebrates and fishes, supporting growth and maturation; and natural cover such as submerged and overhanging large wood, aquatic vegetation, large rocks and boulders, and side channels. ",0,0,1,1,NA,NA,,designated,70 FR 52488,9/2/2005,https://www.federalregister.gov/documents/2005/09/02/05-16389/endangered-and-threatened-species-designation-of-critical-habitat-for-seven-evolutionarily,,,,1,1,0,1,1,1,1,0,1,1,1,0,0,1,0,0,0,0,0,0,1,0,1,0,1,0,6,No quantity of marine habitat designated,"Nearshore marine areas free of obstruction with water quality and quantity conditions, forage, and natural cover"
158,Steelhead,South-Central California Coast DPS,0,"riverine and estuarine habitat in California
...we are proposing to define the lateral extent of designated critical habitat as the width of the stream channel defined by the ordinary high-water line as defined by the COE in 33 CFR 329.11. This approach is consistent with the specific mapping requirements described in agency regulations at 50 CFR 424.12(c). In areas for which ordinary high-water has not been defined pursuant to 33 CFR 329.11, the width of the stream channel shall be defined by its bankfull elevation. Bankfull elevation is the level at which water begins to leave the channel and move into the floodplain (Rosgen, 1996) and is reached at a discharge which generally has a recurrence interval of 1 to 2 years on the annual flood series (Leopold et al., 1992). 
In estuarine areas we believe that extreme high water is the best descriptor of lateral extent. We are designating the area inundated by extreme high tide because it encompasses habitat areas typically inundated and regularly occupied during the spring and summer when juvenile salmon are migrating in the nearshore zone and relying heavily on forage, cover, and refuge qualities provided by these occupied habitats.",NA,NA,,"Offshore marine areas with water quality conditions and forage, including aquatic invertebrates and fishes, supporting growth and maturation. ",0,0,1,0,NA,NA,,designated,70 FR 52488,9/2/2005,https://www.federalregister.gov/documents/2005/09/02/05-16389/endangered-and-threatened-species-designation-of-critical-habitat-for-seven-evolutionarily,,,,1,0,0,1,0,0,0,0,1,0,0,0,0,1,0,0,0,0,0,0,0,0,0,0,0,0,6,No specific areas designated based on this PCE ,Offshore marine areas with water quality conditions and forage
159,Steelhead,Southern California DPS,,"riverine and estuarine habitat in California
...we are proposing to define the lateral extent of designated critical habitat as the width of the stream channel defined by the ordinary high-water line as defined by the COE in 33 CFR 329.11. This approach is consistent with the specific mapping requirements described in agency regulations at 50 CFR 424.12(c). In areas for which ordinary high-water has not been defined pursuant to 33 CFR 329.11, the width of the stream channel shall be defined by its bankfull elevation. Bankfull elevation is the level at which water begins to leave the channel and move into the floodplain (Rosgen, 1996) and is reached at a discharge which generally has a recurrence interval of 1 to 2 years on the annual flood series (Leopold et al., 1992). 
In estuarine areas we believe that extreme high water is the best descriptor of lateral extent. We are designating the area inundated by extreme high tide because it encompasses habitat areas typically inundated and regularly occupied during the spring and summer when juvenile salmon are migrating in the nearshore zone and relying heavily on forage, cover, and refuge qualities provided by these occupied habitats.",Pacific,California,,"Freshwater spawning sites with water quantity and quality conditions and substrate supporting spawning, incubation and larval development",1,0,0,0,0,,,designated,70 FR 52488,9/2/2005,https://www.federalregister.gov/documents/2005/09/02/05-16389/endangered-and-threatened-species-designation-of-critical-habitat-for-seven-evolutionarily,,,,1,0,0,0,1,1,0,0,1,0,0,0,0,1,1,0,1,0,1,0,1,0,0,0,0,0,6,,Freshwater spawning sites with water quantity and quality conditions and substrate
160,Steelhead,Southern California DPS,,"riverine and estuarine habitat in California
...we are proposing to define the lateral extent of designated critical habitat as the width of the stream channel defined by the ordinary high-water line as defined by the COE in 33 CFR 329.11. This approach is consistent with the specific mapping requirements described in agency regulations at 50 CFR 424.12(c). In areas for which ordinary high-water has not been defined pursuant to 33 CFR 329.11, the width of the stream channel shall be defined by its bankfull elevation. Bankfull elevation is the level at which water begins to leave the channel and move into the floodplain (Rosgen, 1996) and is reached at a discharge which generally has a recurrence interval of 1 to 2 years on the annual flood series (Leopold et al., 1992). 
In estuarine areas we believe that extreme high water is the best descriptor of lateral extent. We are designating the area inundated by extreme high tide because it encompasses habitat areas typically inundated and regularly occupied during the spring and summer when juvenile salmon are migrating in the nearshore zone and relying heavily on forage, cover, and refuge qualities provided by these occupied habitats.",Pacific,California,,"Freshwater rearing sites with water quantity and floodplain connectivity to form and maintain physical habitat conditions and support juvenile growth and mobility; water quality and forage supporting juvenile development; and natural cover such as shade, submerged and overhanging large wood, log jams and beaver dams, aquatic vegetation, large rocks and boulders, side channels, and undercut banks",1,0,0,0,0,,,designated,70 FR 52488,9/2/2005,https://www.federalregister.gov/documents/2005/09/02/05-16389/endangered-and-threatened-species-designation-of-critical-habitat-for-seven-evolutionarily,,,,1,1,0,1,1,1,1,0,1,0,1,0,0,1,1,0,1,0,1,0,1,0,1,0,1,0,6,,"Freshwater rearing sites with water quantity, floodplain connectivity, water quality, forage, and natural cover"
161,Steelhead,Southern California DPS,,"riverine and estuarine habitat in California
...we are proposing to define the lateral extent of designated critical habitat as the width of the stream channel defined by the ordinary high-water line as defined by the COE in 33 CFR 329.11. This approach is consistent with the specific mapping requirements described in agency regulations at 50 CFR 424.12(c). In areas for which ordinary high-water has not been defined pursuant to 33 CFR 329.11, the width of the stream channel shall be defined by its bankfull elevation. Bankfull elevation is the level at which water begins to leave the channel and move into the floodplain (Rosgen, 1996) and is reached at a discharge which generally has a recurrence interval of 1 to 2 years on the annual flood series (Leopold et al., 1992). 
In estuarine areas we believe that extreme high water is the best descriptor of lateral extent. We are designating the area inundated by extreme high tide because it encompasses habitat areas typically inundated and regularly occupied during the spring and summer when juvenile salmon are migrating in the nearshore zone and relying heavily on forage, cover, and refuge qualities provided by these occupied habitats.",Pacific,California,,"Freshwater migration corridors free of obstruction with water quantity and quality conditions and natural cover such as submerged and overhanging large wood, aquatic vegetation, large rocks and boulders, side channels, and undercut banks supporting juvenile and adult mobility and survival. ",1,0,0,0,0,,,designated,70 FR 52488,9/2/2005,https://www.federalregister.gov/documents/2005/09/02/05-16389/endangered-and-threatened-species-designation-of-critical-habitat-for-seven-evolutionarily,,,,1,1,0,0,1,1,1,0,0,1,1,0,0,1,1,0,1,0,1,0,1,0,1,0,1,0,6,,Freshwater migration corridors free of obstruction with water quantity and quality conditions and natural cover
162,Steelhead,Southern California DPS,,"riverine and estuarine habitat in California
...we are proposing to define the lateral extent of designated critical habitat as the width of the stream channel defined by the ordinary high-water line as defined by the COE in 33 CFR 329.11. This approach is consistent with the specific mapping requirements described in agency regulations at 50 CFR 424.12(c). In areas for which ordinary high-water has not been defined pursuant to 33 CFR 329.11, the width of the stream channel shall be defined by its bankfull elevation. Bankfull elevation is the level at which water begins to leave the channel and move into the floodplain (Rosgen, 1996) and is reached at a discharge which generally has a recurrence interval of 1 to 2 years on the annual flood series (Leopold et al., 1992). 
In estuarine areas we believe that extreme high water is the best descriptor of lateral extent. We are designating the area inundated by extreme high tide because it encompasses habitat areas typically inundated and regularly occupied during the spring and summer when juvenile salmon are migrating in the nearshore zone and relying heavily on forage, cover, and refuge qualities provided by these occupied habitats.",Pacific,California,,"Estuarine areas free of obstruction with water quality, water quantity, and salinity conditions supporting juvenile and adult physiological transitions between fresh- and saltwater; natural cover such as submerged and overhanging large wood, aquatic vegetation, large rocks and boulders, and side channels; and juvenile and adult forage, including aquatic invertebrates and fishes, supporting growth and maturation. ",0,1,0,0,0,,,designated,70 FR 52488,9/2/2005,https://www.federalregister.gov/documents/2005/09/02/05-16389/endangered-and-threatened-species-designation-of-critical-habitat-for-seven-evolutionarily,,,,1,1,1,1,1,1,1,0,1,1,1,0,0,1,0,1,0,0,0,0,1,0,1,0,0,0,6,,"Estuarine areas free of obstruction with water quality, water quantity, and salinity conditions; natural cover; and juvenile and adult forage"
163,Steelhead,Southern California DPS,0,"riverine and estuarine habitat in California
...we are proposing to define the lateral extent of designated critical habitat as the width of the stream channel defined by the ordinary high-water line as defined by the COE in 33 CFR 329.11. This approach is consistent with the specific mapping requirements described in agency regulations at 50 CFR 424.12(c). In areas for which ordinary high-water has not been defined pursuant to 33 CFR 329.11, the width of the stream channel shall be defined by its bankfull elevation. Bankfull elevation is the level at which water begins to leave the channel and move into the floodplain (Rosgen, 1996) and is reached at a discharge which generally has a recurrence interval of 1 to 2 years on the annual flood series (Leopold et al., 1992). 
In estuarine areas we believe that extreme high water is the best descriptor of lateral extent. We are designating the area inundated by extreme high tide because it encompasses habitat areas typically inundated and regularly occupied during the spring and summer when juvenile salmon are migrating in the nearshore zone and relying heavily on forage, cover, and refuge qualities provided by these occupied habitats.",NA,NA,,"Nearshore marine areas free of obstruction with water quality and quantity conditions and forage, including aquatic invertebrates and fishes, supporting growth and maturation; and natural cover such as submerged and overhanging large wood, aquatic vegetation, large rocks and boulders, and side channels. ",0,0,1,1,NA,NA,,designated,70 FR 52488,9/2/2005,https://www.federalregister.gov/documents/2005/09/02/05-16389/endangered-and-threatened-species-designation-of-critical-habitat-for-seven-evolutionarily,,,,1,1,0,1,1,1,1,0,1,1,1,0,0,1,0,0,0,0,0,0,1,0,1,0,1,0,6,No quantity of marine habitat designated,"Nearshore marine areas free of obstruction with water quality and quantity conditions, forage, and natural cover"
164,Steelhead,Southern California DPS,0,"riverine and estuarine habitat in California
...we are proposing to define the lateral extent of designated critical habitat as the width of the stream channel defined by the ordinary high-water line as defined by the COE in 33 CFR 329.11. This approach is consistent with the specific mapping requirements described in agency regulations at 50 CFR 424.12(c). In areas for which ordinary high-water has not been defined pursuant to 33 CFR 329.11, the width of the stream channel shall be defined by its bankfull elevation. Bankfull elevation is the level at which water begins to leave the channel and move into the floodplain (Rosgen, 1996) and is reached at a discharge which generally has a recurrence interval of 1 to 2 years on the annual flood series (Leopold et al., 1992). 
In estuarine areas we believe that extreme high water is the best descriptor of lateral extent. We are designating the area inundated by extreme high tide because it encompasses habitat areas typically inundated and regularly occupied during the spring and summer when juvenile salmon are migrating in the nearshore zone and relying heavily on forage, cover, and refuge qualities provided by these occupied habitats.",NA,NA,,"Offshore marine areas with water quality conditions and forage, including aquatic invertebrates and fishes, supporting growth and maturation. ",0,0,1,0,NA,NA,,designated,70 FR 52488,9/2/2005,https://www.federalregister.gov/documents/2005/09/02/05-16389/endangered-and-threatened-species-designation-of-critical-habitat-for-seven-evolutionarily,,,,1,0,0,1,0,0,0,0,1,0,0,0,0,1,0,0,0,0,0,0,0,0,0,0,0,0,6,No specific areas designated based on this PCE ,Offshore marine areas with water quality conditions and forage
165,Chinook Salmon,Lower Columbia River ESU,1,"lake, riverine, and estuarine habitat in Washington, Oregon
...we are proposing to define the lateral extent of designated critical habitat as the width of the stream channel defined by the ordinary high-water line as defined by the U.S. Army Corps of Engineers (COE) in 33 CFR 329.11. This approach is consistent with the specific mapping requirements described in agency regulations at 50 CFR 424.12(c). In areas for which ordinary high-water has not been defined pursuant to 33 CFR 329.11, the width of the stream channel shall be defined by its bankfull elevation. Bankfull elevation is the level at which water begins to leave the channel and move into the floodplain (Rosgen, 1996) and is reached at a discharge which generally has a recurrence interval of 1 to 2 years on the annual flood series (Leopold et al., 1992). 
In the relatively few cases where we are designating lake habitats (e.g., Lake Ozette), we believe that the lateral extent may best be defined as the perimeter of the water body as displayed on standard 1:24,000 scale topographic maps or the elevation of ordinary high water, whichever is greater. In estuarine and nearshore marine areas we believe that extreme high water is the best descriptor of lateral extent. For nearshore marine areas we focused particular attention on the geographical area occupied by the Puget Sound ESUs (Chinook and Hood Canal summer-run chum salmon) because of the unique ecological setting and well-documented importance of the area's nearshore habitats to these species. We are designating the area inundated by extreme high tide because it encompasses habitat areas typically inundated and regularly occupied during the spring and summer when juvenile salmon are migrating in the nearshore zone and relying heavily on forage, cover, and refuge qualities provided by these occupied habitats. ",Pacific,"Oregon, Washington",,"Freshwater spawning sites with water quantity and quality conditions and substrate supporting spawning, incubation and larval development",1,0,0,0,0,,,designated,70 FR 52630,9/2/2005,https://www.federalregister.gov/documents/2005/09/02/05-16391/endangered-and-threatened-species-designation-of-critical-habitat-for-12-evolutionarily-significant,,,,1,0,0,0,1,1,0,0,1,0,0,0,0,1,1,0,1,0,1,0,1,0,0,0,0,0,6,,Freshwater spawning sites with water quantity and quality conditions and substrate
166,Chinook Salmon,Lower Columbia River ESU,1,"lake, riverine, and estuarine habitat in Washington, Oregon
...we are proposing to define the lateral extent of designated critical habitat as the width of the stream channel defined by the ordinary high-water line as defined by the U.S. Army Corps of Engineers (COE) in 33 CFR 329.11. This approach is consistent with the specific mapping requirements described in agency regulations at 50 CFR 424.12(c). In areas for which ordinary high-water has not been defined pursuant to 33 CFR 329.11, the width of the stream channel shall be defined by its bankfull elevation. Bankfull elevation is the level at which water begins to leave the channel and move into the floodplain (Rosgen, 1996) and is reached at a discharge which generally has a recurrence interval of 1 to 2 years on the annual flood series (Leopold et al., 1992). 
In the relatively few cases where we are designating lake habitats (e.g., Lake Ozette), we believe that the lateral extent may best be defined as the perimeter of the water body as displayed on standard 1:24,000 scale topographic maps or the elevation of ordinary high water, whichever is greater. In estuarine and nearshore marine areas we believe that extreme high water is the best descriptor of lateral extent. For nearshore marine areas we focused particular attention on the geographical area occupied by the Puget Sound ESUs (Chinook and Hood Canal summer-run chum salmon) because of the unique ecological setting and well-documented importance of the area's nearshore habitats to these species. We are designating the area inundated by extreme high tide because it encompasses habitat areas typically inundated and regularly occupied during the spring and summer when juvenile salmon are migrating in the nearshore zone and relying heavily on forage, cover, and refuge qualities provided by these occupied habitats. ",Pacific,"Oregon, Washington",,"Freshwater rearing sites with water quantity and floodplain connectivity to form and maintain physical habitat conditions and support juvenile growth and mobility; water quality and forage supporting juvenile development; and natural cover such as shade, submerged and overhanging large wood, log jams and beaver dams, aquatic vegetation, large rocks and boulders, side channels, and undercut banks",1,0,0,0,0,,,designated,70 FR 52630,9/2/2005,https://www.federalregister.gov/documents/2005/09/02/05-16391/endangered-and-threatened-species-designation-of-critical-habitat-for-12-evolutionarily-significant,,,,1,1,0,1,1,1,1,0,1,0,1,0,0,1,1,0,1,0,1,0,1,0,1,0,1,0,6,,"Freshwater rearing sites with water quantity, floodplain connectivity, water quality, forage, and natural cover"
167,Chinook Salmon,Lower Columbia River ESU,1,"lake, riverine, and estuarine habitat in Washington, Oregon
...we are proposing to define the lateral extent of designated critical habitat as the width of the stream channel defined by the ordinary high-water line as defined by the U.S. Army Corps of Engineers (COE) in 33 CFR 329.11. This approach is consistent with the specific mapping requirements described in agency regulations at 50 CFR 424.12(c). In areas for which ordinary high-water has not been defined pursuant to 33 CFR 329.11, the width of the stream channel shall be defined by its bankfull elevation. Bankfull elevation is the level at which water begins to leave the channel and move into the floodplain (Rosgen, 1996) and is reached at a discharge which generally has a recurrence interval of 1 to 2 years on the annual flood series (Leopold et al., 1992). 
In the relatively few cases where we are designating lake habitats (e.g., Lake Ozette), we believe that the lateral extent may best be defined as the perimeter of the water body as displayed on standard 1:24,000 scale topographic maps or the elevation of ordinary high water, whichever is greater. In estuarine and nearshore marine areas we believe that extreme high water is the best descriptor of lateral extent. For nearshore marine areas we focused particular attention on the geographical area occupied by the Puget Sound ESUs (Chinook and Hood Canal summer-run chum salmon) because of the unique ecological setting and well-documented importance of the area's nearshore habitats to these species. We are designating the area inundated by extreme high tide because it encompasses habitat areas typically inundated and regularly occupied during the spring and summer when juvenile salmon are migrating in the nearshore zone and relying heavily on forage, cover, and refuge qualities provided by these occupied habitats. ",Pacific,"Oregon, Washington",,"Freshwater migration corridors free of obstruction with water quantity and quality conditions and natural cover such as submerged and overhanging large wood, aquatic vegetation, large rocks and boulders, side channels, and undercut banks supporting juvenile and adult mobility and survival. ",1,0,0,0,0,,,designated,70 FR 52630,9/2/2005,https://www.federalregister.gov/documents/2005/09/02/05-16391/endangered-and-threatened-species-designation-of-critical-habitat-for-12-evolutionarily-significant,,,,1,1,0,0,1,1,1,0,0,1,1,0,0,1,1,0,1,0,1,0,1,0,1,0,1,0,6,,Freshwater migration corridors free of obstruction with water quantity and quality conditions and natural cover
168,Chinook Salmon,Lower Columbia River ESU,1,"lake, riverine, and estuarine habitat in Washington, Oregon
...we are proposing to define the lateral extent of designated critical habitat as the width of the stream channel defined by the ordinary high-water line as defined by the U.S. Army Corps of Engineers (COE) in 33 CFR 329.11. This approach is consistent with the specific mapping requirements described in agency regulations at 50 CFR 424.12(c). In areas for which ordinary high-water has not been defined pursuant to 33 CFR 329.11, the width of the stream channel shall be defined by its bankfull elevation. Bankfull elevation is the level at which water begins to leave the channel and move into the floodplain (Rosgen, 1996) and is reached at a discharge which generally has a recurrence interval of 1 to 2 years on the annual flood series (Leopold et al., 1992). 
In the relatively few cases where we are designating lake habitats (e.g., Lake Ozette), we believe that the lateral extent may best be defined as the perimeter of the water body as displayed on standard 1:24,000 scale topographic maps or the elevation of ordinary high water, whichever is greater. In estuarine and nearshore marine areas we believe that extreme high water is the best descriptor of lateral extent. For nearshore marine areas we focused particular attention on the geographical area occupied by the Puget Sound ESUs (Chinook and Hood Canal summer-run chum salmon) because of the unique ecological setting and well-documented importance of the area's nearshore habitats to these species. We are designating the area inundated by extreme high tide because it encompasses habitat areas typically inundated and regularly occupied during the spring and summer when juvenile salmon are migrating in the nearshore zone and relying heavily on forage, cover, and refuge qualities provided by these occupied habitats. ",Pacific,"Oregon, Washington",,"Estuarine areas free of obstruction with water quality, water quantity, and salinity conditions supporting juvenile and adult physiological transitions between fresh- and saltwater; natural cover such as submerged and overhanging large wood, aquatic vegetation, large rocks and boulders, and side channels; and juvenile and adult forage, including aquatic invertebrates and fishes, supporting growth and maturation. ",0,1,0,0,0,,,designated,70 FR 52630,9/2/2005,https://www.federalregister.gov/documents/2005/09/02/05-16391/endangered-and-threatened-species-designation-of-critical-habitat-for-12-evolutionarily-significant,,,,1,1,1,1,1,1,1,0,1,1,1,0,0,1,0,1,0,0,0,0,1,0,1,0,0,0,6,,"Estuarine areas free of obstruction with water quality, water quantity, and salinity conditions; natural cover; and juvenile and adult forage"
169,Chinook Salmon,Lower Columbia River ESU,0,"lake, riverine, and estuarine habitat in Washington, Oregon
...we are proposing to define the lateral extent of designated critical habitat as the width of the stream channel defined by the ordinary high-water line as defined by the U.S. Army Corps of Engineers (COE) in 33 CFR 329.11. This approach is consistent with the specific mapping requirements described in agency regulations at 50 CFR 424.12(c). In areas for which ordinary high-water has not been defined pursuant to 33 CFR 329.11, the width of the stream channel shall be defined by its bankfull elevation. Bankfull elevation is the level at which water begins to leave the channel and move into the floodplain (Rosgen, 1996) and is reached at a discharge which generally has a recurrence interval of 1 to 2 years on the annual flood series (Leopold et al., 1992). 
In the relatively few cases where we are designating lake habitats (e.g., Lake Ozette), we believe that the lateral extent may best be defined as the perimeter of the water body as displayed on standard 1:24,000 scale topographic maps or the elevation of ordinary high water, whichever is greater. In estuarine and nearshore marine areas we believe that extreme high water is the best descriptor of lateral extent. For nearshore marine areas we focused particular attention on the geographical area occupied by the Puget Sound ESUs (Chinook and Hood Canal summer-run chum salmon) because of the unique ecological setting and well-documented importance of the area's nearshore habitats to these species. We are designating the area inundated by extreme high tide because it encompasses habitat areas typically inundated and regularly occupied during the spring and summer when juvenile salmon are migrating in the nearshore zone and relying heavily on forage, cover, and refuge qualities provided by these occupied habitats. ",NA,NA,,"Nearshore marine areas free of obstruction with water quality and quantity conditions and forage, including aquatic invertebrates and fishes, supporting growth and maturation; and natural cover such as submerged and overhanging large wood, aquatic vegetation, large rocks and boulders, and side channels. ",0,0,1,1,NA,NA,,designated,70 FR 52630,9/2/2005,https://www.federalregister.gov/documents/2005/09/02/05-16391/endangered-and-threatened-species-designation-of-critical-habitat-for-12-evolutionarily-significant,,,,1,1,0,1,1,1,1,0,1,1,1,0,0,1,0,0,0,0,0,0,1,0,1,0,1,0,6,No quantity of nearshore marine habitat designated,"Nearshore marine areas free of obstruction with water quality and quantity conditions, forage, and natural cover"
170,Chinook Salmon,Lower Columbia River ESU,0,"lake, riverine, and estuarine habitat in Washington, Oregon
...we are proposing to define the lateral extent of designated critical habitat as the width of the stream channel defined by the ordinary high-water line as defined by the U.S. Army Corps of Engineers (COE) in 33 CFR 329.11. This approach is consistent with the specific mapping requirements described in agency regulations at 50 CFR 424.12(c). In areas for which ordinary high-water has not been defined pursuant to 33 CFR 329.11, the width of the stream channel shall be defined by its bankfull elevation. Bankfull elevation is the level at which water begins to leave the channel and move into the floodplain (Rosgen, 1996) and is reached at a discharge which generally has a recurrence interval of 1 to 2 years on the annual flood series (Leopold et al., 1992). 
In the relatively few cases where we are designating lake habitats (e.g., Lake Ozette), we believe that the lateral extent may best be defined as the perimeter of the water body as displayed on standard 1:24,000 scale topographic maps or the elevation of ordinary high water, whichever is greater. In estuarine and nearshore marine areas we believe that extreme high water is the best descriptor of lateral extent. For nearshore marine areas we focused particular attention on the geographical area occupied by the Puget Sound ESUs (Chinook and Hood Canal summer-run chum salmon) because of the unique ecological setting and well-documented importance of the area's nearshore habitats to these species. We are designating the area inundated by extreme high tide because it encompasses habitat areas typically inundated and regularly occupied during the spring and summer when juvenile salmon are migrating in the nearshore zone and relying heavily on forage, cover, and refuge qualities provided by these occupied habitats. ",NA,NA,,"Offshore marine areas with water quality conditions and forage, including aquatic invertebrates and fishes, supporting growth and maturation. ",0,0,1,0,NA,NA,,designated,70 FR 52630,9/2/2005,https://www.federalregister.gov/documents/2005/09/02/05-16391/endangered-and-threatened-species-designation-of-critical-habitat-for-12-evolutionarily-significant,,,,1,0,0,1,0,0,0,0,1,0,0,0,0,1,0,0,0,0,0,0,0,0,0,0,0,0,6,No specific areas designated based on this PCE ,Offshore marine areas with water quality conditions and forage
171,Chinook Salmon,Puget Sound ESU,1,"lake, riverine, and estuarine habitat in Washington, as well as marine nearshore habitat in Puget Sound, Washington
...we are proposing to define the lateral extent of designated critical habitat as the width of the stream channel defined by the ordinary high-water line as defined by the U.S. Army Corps of Engineers (COE) in 33 CFR 329.11. This approach is consistent with the specific mapping requirements described in agency regulations at 50 CFR 424.12(c). In areas for which ordinary high-water has not been defined pursuant to 33 CFR 329.11, the width of the stream channel shall be defined by its bankfull elevation. Bankfull elevation is the level at which water begins to leave the channel and move into the floodplain (Rosgen, 1996) and is reached at a discharge which generally has a recurrence interval of 1 to 2 years on the annual flood series (Leopold et al., 1992). 
In the relatively few cases where we are designating lake habitats (e.g., Lake Ozette), we believe that the lateral extent may best be defined as the perimeter of the water body as displayed on standard 1:24,000 scale topographic maps or the elevation of ordinary high water, whichever is greater. In estuarine and nearshore marine areas we believe that extreme high water is the best descriptor of lateral extent. For nearshore marine areas we focused particular attention on the geographical area occupied by the Puget Sound ESUs (Chinook and Hood Canal summer-run chum salmon) because of the unique ecological setting and well-documented importance of the area's nearshore habitats to these species. We are designating the area inundated by extreme high tide because it encompasses habitat areas typically inundated and regularly occupied during the spring and summer when juvenile salmon are migrating in the nearshore zone and relying heavily on forage, cover, and refuge qualities provided by these occupied habitats. ",Pacific,Washington,,"Freshwater spawning sites with water quantity and quality conditions and substrate supporting spawning, incubation and larval development",1,0,0,0,0,,,designated,70 FR 52630,9/2/2005,https://www.federalregister.gov/documents/2005/09/02/05-16391/endangered-and-threatened-species-designation-of-critical-habitat-for-12-evolutionarily-significant,,,,1,0,0,0,1,1,0,0,1,0,0,0,0,1,1,0,1,0,1,0,1,0,0,0,0,0,6,,Freshwater spawning sites with water quantity and quality conditions and substrate
172,Chinook Salmon,Puget Sound ESU,1,"lake, riverine, and estuarine habitat in Washington, as well as marine nearshore habitat in Puget Sound, Washington
...we are proposing to define the lateral extent of designated critical habitat as the width of the stream channel defined by the ordinary high-water line as defined by the U.S. Army Corps of Engineers (COE) in 33 CFR 329.11. This approach is consistent with the specific mapping requirements described in agency regulations at 50 CFR 424.12(c). In areas for which ordinary high-water has not been defined pursuant to 33 CFR 329.11, the width of the stream channel shall be defined by its bankfull elevation. Bankfull elevation is the level at which water begins to leave the channel and move into the floodplain (Rosgen, 1996) and is reached at a discharge which generally has a recurrence interval of 1 to 2 years on the annual flood series (Leopold et al., 1992). 
In the relatively few cases where we are designating lake habitats (e.g., Lake Ozette), we believe that the lateral extent may best be defined as the perimeter of the water body as displayed on standard 1:24,000 scale topographic maps or the elevation of ordinary high water, whichever is greater. In estuarine and nearshore marine areas we believe that extreme high water is the best descriptor of lateral extent. For nearshore marine areas we focused particular attention on the geographical area occupied by the Puget Sound ESUs (Chinook and Hood Canal summer-run chum salmon) because of the unique ecological setting and well-documented importance of the area's nearshore habitats to these species. We are designating the area inundated by extreme high tide because it encompasses habitat areas typically inundated and regularly occupied during the spring and summer when juvenile salmon are migrating in the nearshore zone and relying heavily on forage, cover, and refuge qualities provided by these occupied habitats. ",Pacific,Washington,,"Freshwater rearing sites with water quantity and floodplain connectivity to form and maintain physical habitat conditions and support juvenile growth and mobility; water quality and forage supporting juvenile development; and natural cover such as shade, submerged and overhanging large wood, log jams and beaver dams, aquatic vegetation, large rocks and boulders, side channels, and undercut banks",1,0,0,0,0,,,designated,70 FR 52630,9/2/2005,https://www.federalregister.gov/documents/2005/09/02/05-16391/endangered-and-threatened-species-designation-of-critical-habitat-for-12-evolutionarily-significant,,,,1,1,0,1,1,1,1,0,1,0,1,0,0,1,1,0,1,0,1,0,1,0,1,0,1,0,6,,"Freshwater rearing sites with water quantity, floodplain connectivity, water quality, forage, and natural cover"
173,Chinook Salmon,Puget Sound ESU,1,"lake, riverine, and estuarine habitat in Washington, as well as marine nearshore habitat in Puget Sound, Washington
...we are proposing to define the lateral extent of designated critical habitat as the width of the stream channel defined by the ordinary high-water line as defined by the U.S. Army Corps of Engineers (COE) in 33 CFR 329.11. This approach is consistent with the specific mapping requirements described in agency regulations at 50 CFR 424.12(c). In areas for which ordinary high-water has not been defined pursuant to 33 CFR 329.11, the width of the stream channel shall be defined by its bankfull elevation. Bankfull elevation is the level at which water begins to leave the channel and move into the floodplain (Rosgen, 1996) and is reached at a discharge which generally has a recurrence interval of 1 to 2 years on the annual flood series (Leopold et al., 1992). 
In the relatively few cases where we are designating lake habitats (e.g., Lake Ozette), we believe that the lateral extent may best be defined as the perimeter of the water body as displayed on standard 1:24,000 scale topographic maps or the elevation of ordinary high water, whichever is greater. In estuarine and nearshore marine areas we believe that extreme high water is the best descriptor of lateral extent. For nearshore marine areas we focused particular attention on the geographical area occupied by the Puget Sound ESUs (Chinook and Hood Canal summer-run chum salmon) because of the unique ecological setting and well-documented importance of the area's nearshore habitats to these species. We are designating the area inundated by extreme high tide because it encompasses habitat areas typically inundated and regularly occupied during the spring and summer when juvenile salmon are migrating in the nearshore zone and relying heavily on forage, cover, and refuge qualities provided by these occupied habitats. ",Pacific,Washington,,"Freshwater migration corridors free of obstruction with water quantity and quality conditions and natural cover such as submerged and overhanging large wood, aquatic vegetation, large rocks and boulders, side channels, and undercut banks supporting juvenile and adult mobility and survival. ",1,0,0,0,0,,,designated,70 FR 52630,9/2/2005,https://www.federalregister.gov/documents/2005/09/02/05-16391/endangered-and-threatened-species-designation-of-critical-habitat-for-12-evolutionarily-significant,,,,1,1,0,0,1,1,1,0,0,1,1,0,0,1,1,0,1,0,1,0,1,0,1,0,1,0,6,,Freshwater migration corridors free of obstruction with water quantity and quality conditions and natural cover
174,Chinook Salmon,Puget Sound ESU,1,"lake, riverine, and estuarine habitat in Washington, as well as marine nearshore habitat in Puget Sound, Washington
...we are proposing to define the lateral extent of designated critical habitat as the width of the stream channel defined by the ordinary high-water line as defined by the U.S. Army Corps of Engineers (COE) in 33 CFR 329.11. This approach is consistent with the specific mapping requirements described in agency regulations at 50 CFR 424.12(c). In areas for which ordinary high-water has not been defined pursuant to 33 CFR 329.11, the width of the stream channel shall be defined by its bankfull elevation. Bankfull elevation is the level at which water begins to leave the channel and move into the floodplain (Rosgen, 1996) and is reached at a discharge which generally has a recurrence interval of 1 to 2 years on the annual flood series (Leopold et al., 1992). 
In the relatively few cases where we are designating lake habitats (e.g., Lake Ozette), we believe that the lateral extent may best be defined as the perimeter of the water body as displayed on standard 1:24,000 scale topographic maps or the elevation of ordinary high water, whichever is greater. In estuarine and nearshore marine areas we believe that extreme high water is the best descriptor of lateral extent. For nearshore marine areas we focused particular attention on the geographical area occupied by the Puget Sound ESUs (Chinook and Hood Canal summer-run chum salmon) because of the unique ecological setting and well-documented importance of the area's nearshore habitats to these species. We are designating the area inundated by extreme high tide because it encompasses habitat areas typically inundated and regularly occupied during the spring and summer when juvenile salmon are migrating in the nearshore zone and relying heavily on forage, cover, and refuge qualities provided by these occupied habitats. ",Pacific,Washington,,"Estuarine areas free of obstruction with water quality, water quantity, and salinity conditions supporting juvenile and adult physiological transitions between fresh- and saltwater; natural cover such as submerged and overhanging large wood, aquatic vegetation, large rocks and boulders, and side channels; and juvenile and adult forage, including aquatic invertebrates and fishes, supporting growth and maturation. ",0,1,0,0,0,,,designated,70 FR 52630,9/2/2005,https://www.federalregister.gov/documents/2005/09/02/05-16391/endangered-and-threatened-species-designation-of-critical-habitat-for-12-evolutionarily-significant,,,,1,1,1,1,1,1,1,0,1,1,1,0,0,1,0,1,0,0,0,0,1,0,1,0,0,0,6,,"Estuarine areas free of obstruction with water quality, water quantity, and salinity conditions; natural cover; and juvenile and adult forage"
175,Chinook Salmon,Puget Sound ESU,1,"lake, riverine, and estuarine habitat in Washington, as well as marine nearshore habitat in Puget Sound, Washington
...we are proposing to define the lateral extent of designated critical habitat as the width of the stream channel defined by the ordinary high-water line as defined by the U.S. Army Corps of Engineers (COE) in 33 CFR 329.11. This approach is consistent with the specific mapping requirements described in agency regulations at 50 CFR 424.12(c). In areas for which ordinary high-water has not been defined pursuant to 33 CFR 329.11, the width of the stream channel shall be defined by its bankfull elevation. Bankfull elevation is the level at which water begins to leave the channel and move into the floodplain (Rosgen, 1996) and is reached at a discharge which generally has a recurrence interval of 1 to 2 years on the annual flood series (Leopold et al., 1992). 
In the relatively few cases where we are designating lake habitats (e.g., Lake Ozette), we believe that the lateral extent may best be defined as the perimeter of the water body as displayed on standard 1:24,000 scale topographic maps or the elevation of ordinary high water, whichever is greater. In estuarine and nearshore marine areas we believe that extreme high water is the best descriptor of lateral extent. For nearshore marine areas we focused particular attention on the geographical area occupied by the Puget Sound ESUs (Chinook and Hood Canal summer-run chum salmon) because of the unique ecological setting and well-documented importance of the area's nearshore habitats to these species. We are designating the area inundated by extreme high tide because it encompasses habitat areas typically inundated and regularly occupied during the spring and summer when juvenile salmon are migrating in the nearshore zone and relying heavily on forage, cover, and refuge qualities provided by these occupied habitats. ",Pacific,Washington,,"Nearshore marine areas free of obstruction with water quality and quantity conditions and forage, including aquatic invertebrates and fishes, supporting growth and maturation; and natural cover such as submerged and overhanging large wood, aquatic vegetation, large rocks and boulders, and side channels. ",0,0,1,1,0,,,designated,70 FR 52630,9/2/2005,https://www.federalregister.gov/documents/2005/09/02/05-16391/endangered-and-threatened-species-designation-of-critical-habitat-for-12-evolutionarily-significant,,,,1,1,0,1,1,1,1,0,1,1,1,0,0,1,0,0,0,0,0,0,1,0,1,0,1,0,6,We have focused our designation on nearshore areas in Puget Sound because of its unique and relatively sheltered fjord-like setting (as opposed to the more open coastlines of Washington and Oregon).,"Nearshore marine areas free of obstruction with water quality and quantity conditions, forage, and natural cover"
176,Chinook Salmon,Puget Sound ESU,0,"lake, riverine, and estuarine habitat in Washington, as well as marine nearshore habitat in Puget Sound, Washington
...we are proposing to define the lateral extent of designated critical habitat as the width of the stream channel defined by the ordinary high-water line as defined by the U.S. Army Corps of Engineers (COE) in 33 CFR 329.11. This approach is consistent with the specific mapping requirements described in agency regulations at 50 CFR 424.12(c). In areas for which ordinary high-water has not been defined pursuant to 33 CFR 329.11, the width of the stream channel shall be defined by its bankfull elevation. Bankfull elevation is the level at which water begins to leave the channel and move into the floodplain (Rosgen, 1996) and is reached at a discharge which generally has a recurrence interval of 1 to 2 years on the annual flood series (Leopold et al., 1992). 
In the relatively few cases where we are designating lake habitats (e.g., Lake Ozette), we believe that the lateral extent may best be defined as the perimeter of the water body as displayed on standard 1:24,000 scale topographic maps or the elevation of ordinary high water, whichever is greater. In estuarine and nearshore marine areas we believe that extreme high water is the best descriptor of lateral extent. For nearshore marine areas we focused particular attention on the geographical area occupied by the Puget Sound ESUs (Chinook and Hood Canal summer-run chum salmon) because of the unique ecological setting and well-documented importance of the area's nearshore habitats to these species. We are designating the area inundated by extreme high tide because it encompasses habitat areas typically inundated and regularly occupied during the spring and summer when juvenile salmon are migrating in the nearshore zone and relying heavily on forage, cover, and refuge qualities provided by these occupied habitats. ",NA,NA,,"Offshore marine areas with water quality conditions and forage, including aquatic invertebrates and fishes, supporting growth and maturation. ",0,0,1,0,NA,NA,,designated,70 FR 52630,9/2/2005,https://www.federalregister.gov/documents/2005/09/02/05-16391/endangered-and-threatened-species-designation-of-critical-habitat-for-12-evolutionarily-significant,,,,1,0,0,1,0,0,0,0,1,0,0,0,0,1,0,0,0,0,0,0,0,0,0,0,0,0,6,No specific areas designated based on this PCE ,Offshore marine areas with water quality conditions and forage
177,Chinook Salmon,Upper Columbia River Spring-Run ESU,1,"lake, riverine, and estuarine habitat in Washington, Oregon
...we are proposing to define the lateral extent of designated critical habitat as the width of the stream channel defined by the ordinary high-water line as defined by the U.S. Army Corps of Engineers (COE) in 33 CFR 329.11. This approach is consistent with the specific mapping requirements described in agency regulations at 50 CFR 424.12(c). In areas for which ordinary high-water has not been defined pursuant to 33 CFR 329.11, the width of the stream channel shall be defined by its bankfull elevation. Bankfull elevation is the level at which water begins to leave the channel and move into the floodplain (Rosgen, 1996) and is reached at a discharge which generally has a recurrence interval of 1 to 2 years on the annual flood series (Leopold et al., 1992). 
In the relatively few cases where we are designating lake habitats (e.g., Lake Ozette), we believe that the lateral extent may best be defined as the perimeter of the water body as displayed on standard 1:24,000 scale topographic maps or the elevation of ordinary high water, whichever is greater. In estuarine and nearshore marine areas we believe that extreme high water is the best descriptor of lateral extent. For nearshore marine areas we focused particular attention on the geographical area occupied by the Puget Sound ESUs (Chinook and Hood Canal summer-run chum salmon) because of the unique ecological setting and well-documented importance of the area's nearshore habitats to these species. We are designating the area inundated by extreme high tide because it encompasses habitat areas typically inundated and regularly occupied during the spring and summer when juvenile salmon are migrating in the nearshore zone and relying heavily on forage, cover, and refuge qualities provided by these occupied habitats. ",Pacific,"Oregon, Washington",,"Freshwater spawning sites with water quantity and quality conditions and substrate supporting spawning, incubation and larval development",1,0,0,0,0,,,designated,70 FR 52630,9/2/2005,https://www.federalregister.gov/documents/2005/09/02/05-16391/endangered-and-threatened-species-designation-of-critical-habitat-for-12-evolutionarily-significant,,,,1,0,0,0,1,1,0,0,1,0,0,0,0,1,1,0,1,0,1,0,1,0,0,0,0,0,6,,Freshwater spawning sites with water quantity and quality conditions and substrate
178,Chinook Salmon,Upper Columbia River Spring-Run ESU,1,"lake, riverine, and estuarine habitat in Washington, Oregon
...we are proposing to define the lateral extent of designated critical habitat as the width of the stream channel defined by the ordinary high-water line as defined by the U.S. Army Corps of Engineers (COE) in 33 CFR 329.11. This approach is consistent with the specific mapping requirements described in agency regulations at 50 CFR 424.12(c). In areas for which ordinary high-water has not been defined pursuant to 33 CFR 329.11, the width of the stream channel shall be defined by its bankfull elevation. Bankfull elevation is the level at which water begins to leave the channel and move into the floodplain (Rosgen, 1996) and is reached at a discharge which generally has a recurrence interval of 1 to 2 years on the annual flood series (Leopold et al., 1992). 
In the relatively few cases where we are designating lake habitats (e.g., Lake Ozette), we believe that the lateral extent may best be defined as the perimeter of the water body as displayed on standard 1:24,000 scale topographic maps or the elevation of ordinary high water, whichever is greater. In estuarine and nearshore marine areas we believe that extreme high water is the best descriptor of lateral extent. For nearshore marine areas we focused particular attention on the geographical area occupied by the Puget Sound ESUs (Chinook and Hood Canal summer-run chum salmon) because of the unique ecological setting and well-documented importance of the area's nearshore habitats to these species. We are designating the area inundated by extreme high tide because it encompasses habitat areas typically inundated and regularly occupied during the spring and summer when juvenile salmon are migrating in the nearshore zone and relying heavily on forage, cover, and refuge qualities provided by these occupied habitats. ",Pacific,"Oregon, Washington",,"Freshwater rearing sites with water quantity and floodplain connectivity to form and maintain physical habitat conditions and support juvenile growth and mobility; water quality and forage supporting juvenile development; and natural cover such as shade, submerged and overhanging large wood, log jams and beaver dams, aquatic vegetation, large rocks and boulders, side channels, and undercut banks",1,0,0,0,0,,,designated,70 FR 52630,9/2/2005,https://www.federalregister.gov/documents/2005/09/02/05-16391/endangered-and-threatened-species-designation-of-critical-habitat-for-12-evolutionarily-significant,,,,1,1,0,1,1,1,1,0,1,0,1,0,0,1,1,0,1,0,1,0,1,0,1,0,1,0,6,,"Freshwater rearing sites with water quantity, floodplain connectivity, water quality, forage, and natural cover"
179,Chinook Salmon,Upper Columbia River Spring-Run ESU,1,"lake, riverine, and estuarine habitat in Washington, Oregon
...we are proposing to define the lateral extent of designated critical habitat as the width of the stream channel defined by the ordinary high-water line as defined by the U.S. Army Corps of Engineers (COE) in 33 CFR 329.11. This approach is consistent with the specific mapping requirements described in agency regulations at 50 CFR 424.12(c). In areas for which ordinary high-water has not been defined pursuant to 33 CFR 329.11, the width of the stream channel shall be defined by its bankfull elevation. Bankfull elevation is the level at which water begins to leave the channel and move into the floodplain (Rosgen, 1996) and is reached at a discharge which generally has a recurrence interval of 1 to 2 years on the annual flood series (Leopold et al., 1992). 
In the relatively few cases where we are designating lake habitats (e.g., Lake Ozette), we believe that the lateral extent may best be defined as the perimeter of the water body as displayed on standard 1:24,000 scale topographic maps or the elevation of ordinary high water, whichever is greater. In estuarine and nearshore marine areas we believe that extreme high water is the best descriptor of lateral extent. For nearshore marine areas we focused particular attention on the geographical area occupied by the Puget Sound ESUs (Chinook and Hood Canal summer-run chum salmon) because of the unique ecological setting and well-documented importance of the area's nearshore habitats to these species. We are designating the area inundated by extreme high tide because it encompasses habitat areas typically inundated and regularly occupied during the spring and summer when juvenile salmon are migrating in the nearshore zone and relying heavily on forage, cover, and refuge qualities provided by these occupied habitats. ",Pacific,"Oregon, Washington",,"Freshwater migration corridors free of obstruction with water quantity and quality conditions and natural cover such as submerged and overhanging large wood, aquatic vegetation, large rocks and boulders, side channels, and undercut banks supporting juvenile and adult mobility and survival. ",1,0,0,0,0,,,designated,70 FR 52630,9/2/2005,https://www.federalregister.gov/documents/2005/09/02/05-16391/endangered-and-threatened-species-designation-of-critical-habitat-for-12-evolutionarily-significant,,,,1,1,0,0,1,1,1,0,0,1,1,0,0,1,1,0,1,0,1,0,1,0,1,0,1,0,6,,Freshwater migration corridors free of obstruction with water quantity and quality conditions and natural cover
180,Chinook Salmon,Upper Columbia River Spring-Run ESU,1,"lake, riverine, and estuarine habitat in Washington, Oregon
...we are proposing to define the lateral extent of designated critical habitat as the width of the stream channel defined by the ordinary high-water line as defined by the U.S. Army Corps of Engineers (COE) in 33 CFR 329.11. This approach is consistent with the specific mapping requirements described in agency regulations at 50 CFR 424.12(c). In areas for which ordinary high-water has not been defined pursuant to 33 CFR 329.11, the width of the stream channel shall be defined by its bankfull elevation. Bankfull elevation is the level at which water begins to leave the channel and move into the floodplain (Rosgen, 1996) and is reached at a discharge which generally has a recurrence interval of 1 to 2 years on the annual flood series (Leopold et al., 1992). 
In the relatively few cases where we are designating lake habitats (e.g., Lake Ozette), we believe that the lateral extent may best be defined as the perimeter of the water body as displayed on standard 1:24,000 scale topographic maps or the elevation of ordinary high water, whichever is greater. In estuarine and nearshore marine areas we believe that extreme high water is the best descriptor of lateral extent. For nearshore marine areas we focused particular attention on the geographical area occupied by the Puget Sound ESUs (Chinook and Hood Canal summer-run chum salmon) because of the unique ecological setting and well-documented importance of the area's nearshore habitats to these species. We are designating the area inundated by extreme high tide because it encompasses habitat areas typically inundated and regularly occupied during the spring and summer when juvenile salmon are migrating in the nearshore zone and relying heavily on forage, cover, and refuge qualities provided by these occupied habitats. ",Pacific,"Oregon, Washington",,"Estuarine areas free of obstruction with water quality, water quantity, and salinity conditions supporting juvenile and adult physiological transitions between fresh- and saltwater; natural cover such as submerged and overhanging large wood, aquatic vegetation, large rocks and boulders, and side channels; and juvenile and adult forage, including aquatic invertebrates and fishes, supporting growth and maturation. ",0,1,0,0,0,,,designated,70 FR 52630,9/2/2005,https://www.federalregister.gov/documents/2005/09/02/05-16391/endangered-and-threatened-species-designation-of-critical-habitat-for-12-evolutionarily-significant,,,,1,1,1,1,1,1,1,0,1,1,1,0,0,1,0,1,0,0,0,0,1,0,1,0,0,0,6,,"Estuarine areas free of obstruction with water quality, water quantity, and salinity conditions; natural cover; and juvenile and adult forage"
181,Chinook Salmon,Upper Columbia River Spring-Run ESU,0,"lake, riverine, and estuarine habitat in Washington, Oregon
...we are proposing to define the lateral extent of designated critical habitat as the width of the stream channel defined by the ordinary high-water line as defined by the U.S. Army Corps of Engineers (COE) in 33 CFR 329.11. This approach is consistent with the specific mapping requirements described in agency regulations at 50 CFR 424.12(c). In areas for which ordinary high-water has not been defined pursuant to 33 CFR 329.11, the width of the stream channel shall be defined by its bankfull elevation. Bankfull elevation is the level at which water begins to leave the channel and move into the floodplain (Rosgen, 1996) and is reached at a discharge which generally has a recurrence interval of 1 to 2 years on the annual flood series (Leopold et al., 1992). 
In the relatively few cases where we are designating lake habitats (e.g., Lake Ozette), we believe that the lateral extent may best be defined as the perimeter of the water body as displayed on standard 1:24,000 scale topographic maps or the elevation of ordinary high water, whichever is greater. In estuarine and nearshore marine areas we believe that extreme high water is the best descriptor of lateral extent. For nearshore marine areas we focused particular attention on the geographical area occupied by the Puget Sound ESUs (Chinook and Hood Canal summer-run chum salmon) because of the unique ecological setting and well-documented importance of the area's nearshore habitats to these species. We are designating the area inundated by extreme high tide because it encompasses habitat areas typically inundated and regularly occupied during the spring and summer when juvenile salmon are migrating in the nearshore zone and relying heavily on forage, cover, and refuge qualities provided by these occupied habitats. ",NA,NA,,"Nearshore marine areas free of obstruction with water quality and quantity conditions and forage, including aquatic invertebrates and fishes, supporting growth and maturation; and natural cover such as submerged and overhanging large wood, aquatic vegetation, large rocks and boulders, and side channels. ",0,0,1,1,NA,NA,,designated,70 FR 52630,9/2/2005,https://www.federalregister.gov/documents/2005/09/02/05-16391/endangered-and-threatened-species-designation-of-critical-habitat-for-12-evolutionarily-significant,,,,1,1,0,1,1,1,1,0,1,1,1,0,0,1,0,0,0,0,0,0,1,0,1,0,1,0,6,No quantity of nearshore marine habitat designated,"Nearshore marine areas free of obstruction with water quality and quantity conditions, forage, and natural cover"
182,Chinook Salmon,Upper Columbia River Spring-Run ESU,0,"lake, riverine, and estuarine habitat in Washington, Oregon
...we are proposing to define the lateral extent of designated critical habitat as the width of the stream channel defined by the ordinary high-water line as defined by the U.S. Army Corps of Engineers (COE) in 33 CFR 329.11. This approach is consistent with the specific mapping requirements described in agency regulations at 50 CFR 424.12(c). In areas for which ordinary high-water has not been defined pursuant to 33 CFR 329.11, the width of the stream channel shall be defined by its bankfull elevation. Bankfull elevation is the level at which water begins to leave the channel and move into the floodplain (Rosgen, 1996) and is reached at a discharge which generally has a recurrence interval of 1 to 2 years on the annual flood series (Leopold et al., 1992). 
In the relatively few cases where we are designating lake habitats (e.g., Lake Ozette), we believe that the lateral extent may best be defined as the perimeter of the water body as displayed on standard 1:24,000 scale topographic maps or the elevation of ordinary high water, whichever is greater. In estuarine and nearshore marine areas we believe that extreme high water is the best descriptor of lateral extent. For nearshore marine areas we focused particular attention on the geographical area occupied by the Puget Sound ESUs (Chinook and Hood Canal summer-run chum salmon) because of the unique ecological setting and well-documented importance of the area's nearshore habitats to these species. We are designating the area inundated by extreme high tide because it encompasses habitat areas typically inundated and regularly occupied during the spring and summer when juvenile salmon are migrating in the nearshore zone and relying heavily on forage, cover, and refuge qualities provided by these occupied habitats. ",NA,NA,,"Offshore marine areas with water quality conditions and forage, including aquatic invertebrates and fishes, supporting growth and maturation. ",0,0,1,0,NA,NA,,designated,70 FR 52630,9/2/2005,https://www.federalregister.gov/documents/2005/09/02/05-16391/endangered-and-threatened-species-designation-of-critical-habitat-for-12-evolutionarily-significant,,,,1,0,0,1,0,0,0,0,1,0,0,0,0,1,0,0,0,0,0,0,0,0,0,0,0,0,6,No specific areas designated based on this PCE ,Offshore marine areas with water quality conditions and forage
183,Chinook Salmon,Upper Willamette River ESU,1,"lake, riverine, and estuarine habitat in Washington, Oregon
...we are proposing to define the lateral extent of designated critical habitat as the width of the stream channel defined by the ordinary high-water line as defined by the U.S. Army Corps of Engineers (COE) in 33 CFR 329.11. This approach is consistent with the specific mapping requirements described in agency regulations at 50 CFR 424.12(c). In areas for which ordinary high-water has not been defined pursuant to 33 CFR 329.11, the width of the stream channel shall be defined by its bankfull elevation. Bankfull elevation is the level at which water begins to leave the channel and move into the floodplain (Rosgen, 1996) and is reached at a discharge which generally has a recurrence interval of 1 to 2 years on the annual flood series (Leopold et al., 1992). 
In the relatively few cases where we are designating lake habitats (e.g., Lake Ozette), we believe that the lateral extent may best be defined as the perimeter of the water body as displayed on standard 1:24,000 scale topographic maps or the elevation of ordinary high water, whichever is greater. In estuarine and nearshore marine areas we believe that extreme high water is the best descriptor of lateral extent. For nearshore marine areas we focused particular attention on the geographical area occupied by the Puget Sound ESUs (Chinook and Hood Canal summer-run chum salmon) because of the unique ecological setting and well-documented importance of the area's nearshore habitats to these species. We are designating the area inundated by extreme high tide because it encompasses habitat areas typically inundated and regularly occupied during the spring and summer when juvenile salmon are migrating in the nearshore zone and relying heavily on forage, cover, and refuge qualities provided by these occupied habitats. ",Pacific,"Oregon, Washington",,"Freshwater spawning sites with water quantity and quality conditions and substrate supporting spawning, incubation and larval development",1,0,0,0,0,,,designated,70 FR 52630,9/2/2005,https://www.federalregister.gov/documents/2005/09/02/05-16391/endangered-and-threatened-species-designation-of-critical-habitat-for-12-evolutionarily-significant,,,,1,0,0,0,1,1,0,0,1,0,0,0,0,1,1,0,1,0,1,0,1,0,0,0,0,0,6,,Freshwater spawning sites with water quantity and quality conditions and substrate
184,Chinook Salmon,Upper Willamette River ESU,1,"lake, riverine, and estuarine habitat in Washington, Oregon
...we are proposing to define the lateral extent of designated critical habitat as the width of the stream channel defined by the ordinary high-water line as defined by the U.S. Army Corps of Engineers (COE) in 33 CFR 329.11. This approach is consistent with the specific mapping requirements described in agency regulations at 50 CFR 424.12(c). In areas for which ordinary high-water has not been defined pursuant to 33 CFR 329.11, the width of the stream channel shall be defined by its bankfull elevation. Bankfull elevation is the level at which water begins to leave the channel and move into the floodplain (Rosgen, 1996) and is reached at a discharge which generally has a recurrence interval of 1 to 2 years on the annual flood series (Leopold et al., 1992). 
In the relatively few cases where we are designating lake habitats (e.g., Lake Ozette), we believe that the lateral extent may best be defined as the perimeter of the water body as displayed on standard 1:24,000 scale topographic maps or the elevation of ordinary high water, whichever is greater. In estuarine and nearshore marine areas we believe that extreme high water is the best descriptor of lateral extent. For nearshore marine areas we focused particular attention on the geographical area occupied by the Puget Sound ESUs (Chinook and Hood Canal summer-run chum salmon) because of the unique ecological setting and well-documented importance of the area's nearshore habitats to these species. We are designating the area inundated by extreme high tide because it encompasses habitat areas typically inundated and regularly occupied during the spring and summer when juvenile salmon are migrating in the nearshore zone and relying heavily on forage, cover, and refuge qualities provided by these occupied habitats. ",Pacific,"Oregon, Washington",,"Freshwater rearing sites with water quantity and floodplain connectivity to form and maintain physical habitat conditions and support juvenile growth and mobility; water quality and forage supporting juvenile development; and natural cover such as shade, submerged and overhanging large wood, log jams and beaver dams, aquatic vegetation, large rocks and boulders, side channels, and undercut banks",1,0,0,0,0,,,designated,70 FR 52630,9/2/2005,https://www.federalregister.gov/documents/2005/09/02/05-16391/endangered-and-threatened-species-designation-of-critical-habitat-for-12-evolutionarily-significant,,,,1,1,0,1,1,1,1,0,1,0,1,0,0,1,1,0,1,0,1,0,1,0,1,0,1,0,6,,"Freshwater rearing sites with water quantity, floodplain connectivity, water quality, forage, and natural cover"
185,Chinook Salmon,Upper Willamette River ESU,1,"lake, riverine, and estuarine habitat in Washington, Oregon
...we are proposing to define the lateral extent of designated critical habitat as the width of the stream channel defined by the ordinary high-water line as defined by the U.S. Army Corps of Engineers (COE) in 33 CFR 329.11. This approach is consistent with the specific mapping requirements described in agency regulations at 50 CFR 424.12(c). In areas for which ordinary high-water has not been defined pursuant to 33 CFR 329.11, the width of the stream channel shall be defined by its bankfull elevation. Bankfull elevation is the level at which water begins to leave the channel and move into the floodplain (Rosgen, 1996) and is reached at a discharge which generally has a recurrence interval of 1 to 2 years on the annual flood series (Leopold et al., 1992). 
In the relatively few cases where we are designating lake habitats (e.g., Lake Ozette), we believe that the lateral extent may best be defined as the perimeter of the water body as displayed on standard 1:24,000 scale topographic maps or the elevation of ordinary high water, whichever is greater. In estuarine and nearshore marine areas we believe that extreme high water is the best descriptor of lateral extent. For nearshore marine areas we focused particular attention on the geographical area occupied by the Puget Sound ESUs (Chinook and Hood Canal summer-run chum salmon) because of the unique ecological setting and well-documented importance of the area's nearshore habitats to these species. We are designating the area inundated by extreme high tide because it encompasses habitat areas typically inundated and regularly occupied during the spring and summer when juvenile salmon are migrating in the nearshore zone and relying heavily on forage, cover, and refuge qualities provided by these occupied habitats. ",Pacific,"Oregon, Washington",,"Freshwater migration corridors free of obstruction with water quantity and quality conditions and natural cover such as submerged and overhanging large wood, aquatic vegetation, large rocks and boulders, side channels, and undercut banks supporting juvenile and adult mobility and survival. ",1,0,0,0,0,,,designated,70 FR 52630,9/2/2005,https://www.federalregister.gov/documents/2005/09/02/05-16391/endangered-and-threatened-species-designation-of-critical-habitat-for-12-evolutionarily-significant,,,,1,1,0,0,1,1,1,0,0,1,1,0,0,1,1,0,1,0,1,0,1,0,1,0,1,0,6,,Freshwater migration corridors free of obstruction with water quantity and quality conditions and natural cover
186,Chinook Salmon,Upper Willamette River ESU,1,"lake, riverine, and estuarine habitat in Washington, Oregon
...we are proposing to define the lateral extent of designated critical habitat as the width of the stream channel defined by the ordinary high-water line as defined by the U.S. Army Corps of Engineers (COE) in 33 CFR 329.11. This approach is consistent with the specific mapping requirements described in agency regulations at 50 CFR 424.12(c). In areas for which ordinary high-water has not been defined pursuant to 33 CFR 329.11, the width of the stream channel shall be defined by its bankfull elevation. Bankfull elevation is the level at which water begins to leave the channel and move into the floodplain (Rosgen, 1996) and is reached at a discharge which generally has a recurrence interval of 1 to 2 years on the annual flood series (Leopold et al., 1992). 
In the relatively few cases where we are designating lake habitats (e.g., Lake Ozette), we believe that the lateral extent may best be defined as the perimeter of the water body as displayed on standard 1:24,000 scale topographic maps or the elevation of ordinary high water, whichever is greater. In estuarine and nearshore marine areas we believe that extreme high water is the best descriptor of lateral extent. For nearshore marine areas we focused particular attention on the geographical area occupied by the Puget Sound ESUs (Chinook and Hood Canal summer-run chum salmon) because of the unique ecological setting and well-documented importance of the area's nearshore habitats to these species. We are designating the area inundated by extreme high tide because it encompasses habitat areas typically inundated and regularly occupied during the spring and summer when juvenile salmon are migrating in the nearshore zone and relying heavily on forage, cover, and refuge qualities provided by these occupied habitats. ",Pacific,"Oregon, Washington",,"Estuarine areas free of obstruction with water quality, water quantity, and salinity conditions supporting juvenile and adult physiological transitions between fresh- and saltwater; natural cover such as submerged and overhanging large wood, aquatic vegetation, large rocks and boulders, and side channels; and juvenile and adult forage, including aquatic invertebrates and fishes, supporting growth and maturation. ",0,1,0,0,0,,,designated,70 FR 52630,9/2/2005,https://www.federalregister.gov/documents/2005/09/02/05-16391/endangered-and-threatened-species-designation-of-critical-habitat-for-12-evolutionarily-significant,,,,1,1,1,1,1,1,1,0,1,1,1,0,0,1,0,1,0,0,0,0,1,0,1,0,0,0,6,,"Estuarine areas free of obstruction with water quality, water quantity, and salinity conditions; natural cover; and juvenile and adult forage"
187,Chinook Salmon,Upper Willamette River ESU,0,"lake, riverine, and estuarine habitat in Washington, Oregon
...we are proposing to define the lateral extent of designated critical habitat as the width of the stream channel defined by the ordinary high-water line as defined by the U.S. Army Corps of Engineers (COE) in 33 CFR 329.11. This approach is consistent with the specific mapping requirements described in agency regulations at 50 CFR 424.12(c). In areas for which ordinary high-water has not been defined pursuant to 33 CFR 329.11, the width of the stream channel shall be defined by its bankfull elevation. Bankfull elevation is the level at which water begins to leave the channel and move into the floodplain (Rosgen, 1996) and is reached at a discharge which generally has a recurrence interval of 1 to 2 years on the annual flood series (Leopold et al., 1992). 
In the relatively few cases where we are designating lake habitats (e.g., Lake Ozette), we believe that the lateral extent may best be defined as the perimeter of the water body as displayed on standard 1:24,000 scale topographic maps or the elevation of ordinary high water, whichever is greater. In estuarine and nearshore marine areas we believe that extreme high water is the best descriptor of lateral extent. For nearshore marine areas we focused particular attention on the geographical area occupied by the Puget Sound ESUs (Chinook and Hood Canal summer-run chum salmon) because of the unique ecological setting and well-documented importance of the area's nearshore habitats to these species. We are designating the area inundated by extreme high tide because it encompasses habitat areas typically inundated and regularly occupied during the spring and summer when juvenile salmon are migrating in the nearshore zone and relying heavily on forage, cover, and refuge qualities provided by these occupied habitats. ",NA,NA,,"Nearshore marine areas free of obstruction with water quality and quantity conditions and forage, including aquatic invertebrates and fishes, supporting growth and maturation; and natural cover such as submerged and overhanging large wood, aquatic vegetation, large rocks and boulders, and side channels. ",0,0,1,1,NA,NA,,designated,70 FR 52630,9/2/2005,https://www.federalregister.gov/documents/2005/09/02/05-16391/endangered-and-threatened-species-designation-of-critical-habitat-for-12-evolutionarily-significant,,,,1,1,0,1,1,1,1,0,1,1,1,0,0,1,0,0,0,0,0,0,1,0,1,0,1,0,6,No quantity of nearshore marine habitat designated,"Nearshore marine areas free of obstruction with water quality and quantity conditions, forage, and natural cover"
188,Chinook Salmon,Upper Willamette River ESU,0,"lake, riverine, and estuarine habitat in Washington, Oregon
...we are proposing to define the lateral extent of designated critical habitat as the width of the stream channel defined by the ordinary high-water line as defined by the U.S. Army Corps of Engineers (COE) in 33 CFR 329.11. This approach is consistent with the specific mapping requirements described in agency regulations at 50 CFR 424.12(c). In areas for which ordinary high-water has not been defined pursuant to 33 CFR 329.11, the width of the stream channel shall be defined by its bankfull elevation. Bankfull elevation is the level at which water begins to leave the channel and move into the floodplain (Rosgen, 1996) and is reached at a discharge which generally has a recurrence interval of 1 to 2 years on the annual flood series (Leopold et al., 1992). 
In the relatively few cases where we are designating lake habitats (e.g., Lake Ozette), we believe that the lateral extent may best be defined as the perimeter of the water body as displayed on standard 1:24,000 scale topographic maps or the elevation of ordinary high water, whichever is greater. In estuarine and nearshore marine areas we believe that extreme high water is the best descriptor of lateral extent. For nearshore marine areas we focused particular attention on the geographical area occupied by the Puget Sound ESUs (Chinook and Hood Canal summer-run chum salmon) because of the unique ecological setting and well-documented importance of the area's nearshore habitats to these species. We are designating the area inundated by extreme high tide because it encompasses habitat areas typically inundated and regularly occupied during the spring and summer when juvenile salmon are migrating in the nearshore zone and relying heavily on forage, cover, and refuge qualities provided by these occupied habitats. ",NA,NA,,"Offshore marine areas with water quality conditions and forage, including aquatic invertebrates and fishes, supporting growth and maturation. ",0,0,1,0,NA,NA,,designated,70 FR 52630,9/2/2005,https://www.federalregister.gov/documents/2005/09/02/05-16391/endangered-and-threatened-species-designation-of-critical-habitat-for-12-evolutionarily-significant,,,,1,0,0,1,0,0,0,0,1,0,0,0,0,1,0,0,0,0,0,0,0,0,0,0,0,0,6,No specific areas designated based on this PCE ,Offshore marine areas with water quality conditions and forage
189,Chum Salmon,Columbia River ESU,1,"riverine, and estuarine habitat in Washington, Oregon
...we are proposing to define the lateral extent of designated critical habitat as the width of the stream channel defined by the ordinary high-water line as defined by the U.S. Army Corps of Engineers (COE) in 33 CFR 329.11. This approach is consistent with the specific mapping requirements described in agency regulations at 50 CFR 424.12(c). In areas for which ordinary high-water has not been defined pursuant to 33 CFR 329.11, the width of the stream channel shall be defined by its bankfull elevation. Bankfull elevation is the level at which water begins to leave the channel and move into the floodplain (Rosgen, 1996) and is reached at a discharge which generally has a recurrence interval of 1 to 2 years on the annual flood series (Leopold et al., 1992). 
In estuarine and nearshore marine areas we believe that extreme high water is the best descriptor of lateral extent. For nearshore marine areas we focused particular attention on the geographical area occupied by the Puget Sound ESUs (Chinook and Hood Canal summer-run chum salmon) because of the unique ecological setting and well-documented importance of the area's nearshore habitats to these species. We are designating the area inundated by extreme high tide because it encompasses habitat areas typically inundated and regularly occupied during the spring and summer when juvenile salmon are migrating in the nearshore zone and relying heavily on forage, cover, and refuge qualities provided by these occupied habitats. ",Pacific,"Oregon, Washington",,"Freshwater spawning sites with water quantity and quality conditions and substrate supporting spawning, incubation and larval development",1,0,0,0,0,,,designated,70 FR 52630,9/2/2005,https://www.federalregister.gov/documents/2005/09/02/05-16391/endangered-and-threatened-species-designation-of-critical-habitat-for-12-evolutionarily-significant,,,,1,0,0,0,1,1,0,0,1,0,0,0,0,1,1,0,1,0,1,0,1,0,0,0,0,0,6,,Freshwater spawning sites with water quantity and quality conditions and substrate
190,Chum Salmon,Columbia River ESU,1,"riverine, and estuarine habitat in Washington, Oregon
...we are proposing to define the lateral extent of designated critical habitat as the width of the stream channel defined by the ordinary high-water line as defined by the U.S. Army Corps of Engineers (COE) in 33 CFR 329.11. This approach is consistent with the specific mapping requirements described in agency regulations at 50 CFR 424.12(c). In areas for which ordinary high-water has not been defined pursuant to 33 CFR 329.11, the width of the stream channel shall be defined by its bankfull elevation. Bankfull elevation is the level at which water begins to leave the channel and move into the floodplain (Rosgen, 1996) and is reached at a discharge which generally has a recurrence interval of 1 to 2 years on the annual flood series (Leopold et al., 1992). 
In estuarine and nearshore marine areas we believe that extreme high water is the best descriptor of lateral extent. For nearshore marine areas we focused particular attention on the geographical area occupied by the Puget Sound ESUs (Chinook and Hood Canal summer-run chum salmon) because of the unique ecological setting and well-documented importance of the area's nearshore habitats to these species. We are designating the area inundated by extreme high tide because it encompasses habitat areas typically inundated and regularly occupied during the spring and summer when juvenile salmon are migrating in the nearshore zone and relying heavily on forage, cover, and refuge qualities provided by these occupied habitats. ",Pacific,"Oregon, Washington",,"Freshwater rearing sites with water quantity and floodplain connectivity to form and maintain physical habitat conditions and support juvenile growth and mobility; water quality and forage supporting juvenile development; and natural cover such as shade, submerged and overhanging large wood, log jams and beaver dams, aquatic vegetation, large rocks and boulders, side channels, and undercut banks",1,0,0,0,0,,,designated,70 FR 52630,9/2/2005,https://www.federalregister.gov/documents/2005/09/02/05-16391/endangered-and-threatened-species-designation-of-critical-habitat-for-12-evolutionarily-significant,,,,1,1,0,1,1,1,1,0,1,0,1,0,0,1,1,0,1,0,1,0,1,0,1,0,1,0,6,,"Freshwater rearing sites with water quantity, floodplain connectivity, water quality, forage, and natural cover"
191,Chum Salmon,Columbia River ESU,1,"riverine, and estuarine habitat in Washington, Oregon
...we are proposing to define the lateral extent of designated critical habitat as the width of the stream channel defined by the ordinary high-water line as defined by the U.S. Army Corps of Engineers (COE) in 33 CFR 329.11. This approach is consistent with the specific mapping requirements described in agency regulations at 50 CFR 424.12(c). In areas for which ordinary high-water has not been defined pursuant to 33 CFR 329.11, the width of the stream channel shall be defined by its bankfull elevation. Bankfull elevation is the level at which water begins to leave the channel and move into the floodplain (Rosgen, 1996) and is reached at a discharge which generally has a recurrence interval of 1 to 2 years on the annual flood series (Leopold et al., 1992). 
In estuarine and nearshore marine areas we believe that extreme high water is the best descriptor of lateral extent. For nearshore marine areas we focused particular attention on the geographical area occupied by the Puget Sound ESUs (Chinook and Hood Canal summer-run chum salmon) because of the unique ecological setting and well-documented importance of the area's nearshore habitats to these species. We are designating the area inundated by extreme high tide because it encompasses habitat areas typically inundated and regularly occupied during the spring and summer when juvenile salmon are migrating in the nearshore zone and relying heavily on forage, cover, and refuge qualities provided by these occupied habitats. ",Pacific,"Oregon, Washington",,"Freshwater migration corridors free of obstruction with water quantity and quality conditions and natural cover such as submerged and overhanging large wood, aquatic vegetation, large rocks and boulders, side channels, and undercut banks supporting juvenile and adult mobility and survival. ",1,0,0,0,0,,,designated,70 FR 52630,9/2/2005,https://www.federalregister.gov/documents/2005/09/02/05-16391/endangered-and-threatened-species-designation-of-critical-habitat-for-12-evolutionarily-significant,,,,1,1,0,0,1,1,1,0,0,1,1,0,0,1,1,0,1,0,1,0,1,0,1,0,1,0,6,,Freshwater migration corridors free of obstruction with water quantity and quality conditions and natural cover
192,Chum Salmon,Columbia River ESU,1,"riverine, and estuarine habitat in Washington, Oregon
...we are proposing to define the lateral extent of designated critical habitat as the width of the stream channel defined by the ordinary high-water line as defined by the U.S. Army Corps of Engineers (COE) in 33 CFR 329.11. This approach is consistent with the specific mapping requirements described in agency regulations at 50 CFR 424.12(c). In areas for which ordinary high-water has not been defined pursuant to 33 CFR 329.11, the width of the stream channel shall be defined by its bankfull elevation. Bankfull elevation is the level at which water begins to leave the channel and move into the floodplain (Rosgen, 1996) and is reached at a discharge which generally has a recurrence interval of 1 to 2 years on the annual flood series (Leopold et al., 1992). 
In estuarine and nearshore marine areas we believe that extreme high water is the best descriptor of lateral extent. For nearshore marine areas we focused particular attention on the geographical area occupied by the Puget Sound ESUs (Chinook and Hood Canal summer-run chum salmon) because of the unique ecological setting and well-documented importance of the area's nearshore habitats to these species. We are designating the area inundated by extreme high tide because it encompasses habitat areas typically inundated and regularly occupied during the spring and summer when juvenile salmon are migrating in the nearshore zone and relying heavily on forage, cover, and refuge qualities provided by these occupied habitats. ",Pacific,"Oregon, Washington",,"Estuarine areas free of obstruction with water quality, water quantity, and salinity conditions supporting juvenile and adult physiological transitions between fresh- and saltwater; natural cover such as submerged and overhanging large wood, aquatic vegetation, large rocks and boulders, and side channels; and juvenile and adult forage, including aquatic invertebrates and fishes, supporting growth and maturation. ",0,1,0,0,0,,,designated,70 FR 52630,9/2/2005,https://www.federalregister.gov/documents/2005/09/02/05-16391/endangered-and-threatened-species-designation-of-critical-habitat-for-12-evolutionarily-significant,,,,1,1,1,1,1,1,1,0,1,1,1,0,0,1,0,1,0,0,0,0,1,0,1,0,0,0,6,,"Estuarine areas free of obstruction with water quality, water quantity, and salinity conditions; natural cover; and juvenile and adult forage"
193,Chum Salmon,Columbia River ESU,0,"riverine, and estuarine habitat in Washington, Oregon
...we are proposing to define the lateral extent of designated critical habitat as the width of the stream channel defined by the ordinary high-water line as defined by the U.S. Army Corps of Engineers (COE) in 33 CFR 329.11. This approach is consistent with the specific mapping requirements described in agency regulations at 50 CFR 424.12(c). In areas for which ordinary high-water has not been defined pursuant to 33 CFR 329.11, the width of the stream channel shall be defined by its bankfull elevation. Bankfull elevation is the level at which water begins to leave the channel and move into the floodplain (Rosgen, 1996) and is reached at a discharge which generally has a recurrence interval of 1 to 2 years on the annual flood series (Leopold et al., 1992). 
In estuarine and nearshore marine areas we believe that extreme high water is the best descriptor of lateral extent. For nearshore marine areas we focused particular attention on the geographical area occupied by the Puget Sound ESUs (Chinook and Hood Canal summer-run chum salmon) because of the unique ecological setting and well-documented importance of the area's nearshore habitats to these species. We are designating the area inundated by extreme high tide because it encompasses habitat areas typically inundated and regularly occupied during the spring and summer when juvenile salmon are migrating in the nearshore zone and relying heavily on forage, cover, and refuge qualities provided by these occupied habitats. ",NA,NA,,"Nearshore marine areas free of obstruction with water quality and quantity conditions and forage, including aquatic invertebrates and fishes, supporting growth and maturation; and natural cover such as submerged and overhanging large wood, aquatic vegetation, large rocks and boulders, and side channels. ",0,0,1,1,NA,NA,,designated,70 FR 52630,9/2/2005,https://www.federalregister.gov/documents/2005/09/02/05-16391/endangered-and-threatened-species-designation-of-critical-habitat-for-12-evolutionarily-significant,,,,1,1,0,1,1,1,1,0,1,1,1,0,0,1,0,0,0,0,0,0,1,0,1,0,1,0,6,No quantity of nearshore marine habitat designated,"Nearshore marine areas free of obstruction with water quality and quantity conditions, forage, and natural cover"
194,Chum Salmon,Columbia River ESU,0,"riverine, and estuarine habitat in Washington, Oregon
...we are proposing to define the lateral extent of designated critical habitat as the width of the stream channel defined by the ordinary high-water line as defined by the U.S. Army Corps of Engineers (COE) in 33 CFR 329.11. This approach is consistent with the specific mapping requirements described in agency regulations at 50 CFR 424.12(c). In areas for which ordinary high-water has not been defined pursuant to 33 CFR 329.11, the width of the stream channel shall be defined by its bankfull elevation. Bankfull elevation is the level at which water begins to leave the channel and move into the floodplain (Rosgen, 1996) and is reached at a discharge which generally has a recurrence interval of 1 to 2 years on the annual flood series (Leopold et al., 1992). 
In estuarine and nearshore marine areas we believe that extreme high water is the best descriptor of lateral extent. For nearshore marine areas we focused particular attention on the geographical area occupied by the Puget Sound ESUs (Chinook and Hood Canal summer-run chum salmon) because of the unique ecological setting and well-documented importance of the area's nearshore habitats to these species. We are designating the area inundated by extreme high tide because it encompasses habitat areas typically inundated and regularly occupied during the spring and summer when juvenile salmon are migrating in the nearshore zone and relying heavily on forage, cover, and refuge qualities provided by these occupied habitats. ",NA,NA,,"Offshore marine areas with water quality conditions and forage, including aquatic invertebrates and fishes, supporting growth and maturation. ",0,0,1,0,NA,NA,,designated,70 FR 52630,9/2/2005,https://www.federalregister.gov/documents/2005/09/02/05-16391/endangered-and-threatened-species-designation-of-critical-habitat-for-12-evolutionarily-significant,,,,1,0,0,1,0,0,0,0,1,0,0,0,0,1,0,0,0,0,0,0,0,0,0,0,0,0,6,No specific areas designated based on this PCE ,Offshore marine areas with water quality conditions and forage
195,Chum Salmon,Hood Canal Summer-Run ESU,1,"riverine, and estuarine habitat in Washington, as well as marine nearshore habitat in Puget Sound, Washington
...we are proposing to define the lateral extent of designated critical habitat as the width of the stream channel defined by the ordinary high-water line as defined by the U.S. Army Corps of Engineers (COE) in 33 CFR 329.11. This approach is consistent with the specific mapping requirements described in agency regulations at 50 CFR 424.12(c). In areas for which ordinary high-water has not been defined pursuant to 33 CFR 329.11, the width of the stream channel shall be defined by its bankfull elevation. Bankfull elevation is the level at which water begins to leave the channel and move into the floodplain (Rosgen, 1996) and is reached at a discharge which generally has a recurrence interval of 1 to 2 years on the annual flood series (Leopold et al., 1992). 
In estuarine and nearshore marine areas we believe that extreme high water is the best descriptor of lateral extent. For nearshore marine areas we focused particular attention on the geographical area occupied by the Puget Sound ESUs (Chinook and Hood Canal summer-run chum salmon) because of the unique ecological setting and well-documented importance of the area's nearshore habitats to these species. We are designating the area inundated by extreme high tide because it encompasses habitat areas typically inundated and regularly occupied during the spring and summer when juvenile salmon are migrating in the nearshore zone and relying heavily on forage, cover, and refuge qualities provided by these occupied habitats. ",Pacific,Washington,,"Freshwater spawning sites with water quantity and quality conditions and substrate supporting spawning, incubation and larval development",1,0,0,0,0,,,designated,70 FR 52630,9/2/2005,https://www.federalregister.gov/documents/2005/09/02/05-16391/endangered-and-threatened-species-designation-of-critical-habitat-for-12-evolutionarily-significant,,,,1,0,0,0,1,1,0,0,1,0,0,0,0,1,1,0,1,0,1,0,1,0,0,0,0,0,6,,Freshwater spawning sites with water quantity and quality conditions and substrate
196,Chum Salmon,Hood Canal Summer-Run ESU,1,"riverine, and estuarine habitat in Washington, as well as marine nearshore habitat in Puget Sound, Washington
...we are proposing to define the lateral extent of designated critical habitat as the width of the stream channel defined by the ordinary high-water line as defined by the U.S. Army Corps of Engineers (COE) in 33 CFR 329.11. This approach is consistent with the specific mapping requirements described in agency regulations at 50 CFR 424.12(c). In areas for which ordinary high-water has not been defined pursuant to 33 CFR 329.11, the width of the stream channel shall be defined by its bankfull elevation. Bankfull elevation is the level at which water begins to leave the channel and move into the floodplain (Rosgen, 1996) and is reached at a discharge which generally has a recurrence interval of 1 to 2 years on the annual flood series (Leopold et al., 1992). 
In estuarine and nearshore marine areas we believe that extreme high water is the best descriptor of lateral extent. For nearshore marine areas we focused particular attention on the geographical area occupied by the Puget Sound ESUs (Chinook and Hood Canal summer-run chum salmon) because of the unique ecological setting and well-documented importance of the area's nearshore habitats to these species. We are designating the area inundated by extreme high tide because it encompasses habitat areas typically inundated and regularly occupied during the spring and summer when juvenile salmon are migrating in the nearshore zone and relying heavily on forage, cover, and refuge qualities provided by these occupied habitats. ",Pacific,Washington,,"Freshwater rearing sites with water quantity and floodplain connectivity to form and maintain physical habitat conditions and support juvenile growth and mobility; water quality and forage supporting juvenile development; and natural cover such as shade, submerged and overhanging large wood, log jams and beaver dams, aquatic vegetation, large rocks and boulders, side channels, and undercut banks",1,0,0,0,0,,,designated,70 FR 52630,9/2/2005,https://www.federalregister.gov/documents/2005/09/02/05-16391/endangered-and-threatened-species-designation-of-critical-habitat-for-12-evolutionarily-significant,,,,1,1,0,1,1,1,1,0,1,0,1,0,0,1,1,0,1,0,1,0,1,0,1,0,1,0,6,,"Freshwater rearing sites with water quantity, floodplain connectivity, water quality, forage, and natural cover"
197,Chum Salmon,Hood Canal Summer-Run ESU,1,"riverine, and estuarine habitat in Washington, as well as marine nearshore habitat in Puget Sound, Washington
...we are proposing to define the lateral extent of designated critical habitat as the width of the stream channel defined by the ordinary high-water line as defined by the U.S. Army Corps of Engineers (COE) in 33 CFR 329.11. This approach is consistent with the specific mapping requirements described in agency regulations at 50 CFR 424.12(c). In areas for which ordinary high-water has not been defined pursuant to 33 CFR 329.11, the width of the stream channel shall be defined by its bankfull elevation. Bankfull elevation is the level at which water begins to leave the channel and move into the floodplain (Rosgen, 1996) and is reached at a discharge which generally has a recurrence interval of 1 to 2 years on the annual flood series (Leopold et al., 1992). 
In estuarine and nearshore marine areas we believe that extreme high water is the best descriptor of lateral extent. For nearshore marine areas we focused particular attention on the geographical area occupied by the Puget Sound ESUs (Chinook and Hood Canal summer-run chum salmon) because of the unique ecological setting and well-documented importance of the area's nearshore habitats to these species. We are designating the area inundated by extreme high tide because it encompasses habitat areas typically inundated and regularly occupied during the spring and summer when juvenile salmon are migrating in the nearshore zone and relying heavily on forage, cover, and refuge qualities provided by these occupied habitats. ",Pacific,Washington,,"Freshwater migration corridors free of obstruction with water quantity and quality conditions and natural cover such as submerged and overhanging large wood, aquatic vegetation, large rocks and boulders, side channels, and undercut banks supporting juvenile and adult mobility and survival. ",1,0,0,0,0,,,designated,70 FR 52630,9/2/2005,https://www.federalregister.gov/documents/2005/09/02/05-16391/endangered-and-threatened-species-designation-of-critical-habitat-for-12-evolutionarily-significant,,,,1,1,0,0,1,1,1,0,0,1,1,0,0,1,1,0,1,0,1,0,1,0,1,0,1,0,6,,Freshwater migration corridors free of obstruction with water quantity and quality conditions and natural cover
198,Chum Salmon,Hood Canal Summer-Run ESU,1,"riverine, and estuarine habitat in Washington, as well as marine nearshore habitat in Puget Sound, Washington
...we are proposing to define the lateral extent of designated critical habitat as the width of the stream channel defined by the ordinary high-water line as defined by the U.S. Army Corps of Engineers (COE) in 33 CFR 329.11. This approach is consistent with the specific mapping requirements described in agency regulations at 50 CFR 424.12(c). In areas for which ordinary high-water has not been defined pursuant to 33 CFR 329.11, the width of the stream channel shall be defined by its bankfull elevation. Bankfull elevation is the level at which water begins to leave the channel and move into the floodplain (Rosgen, 1996) and is reached at a discharge which generally has a recurrence interval of 1 to 2 years on the annual flood series (Leopold et al., 1992). 
In estuarine and nearshore marine areas we believe that extreme high water is the best descriptor of lateral extent. For nearshore marine areas we focused particular attention on the geographical area occupied by the Puget Sound ESUs (Chinook and Hood Canal summer-run chum salmon) because of the unique ecological setting and well-documented importance of the area's nearshore habitats to these species. We are designating the area inundated by extreme high tide because it encompasses habitat areas typically inundated and regularly occupied during the spring and summer when juvenile salmon are migrating in the nearshore zone and relying heavily on forage, cover, and refuge qualities provided by these occupied habitats. ",Pacific,Washington,,"Estuarine areas free of obstruction with water quality, water quantity, and salinity conditions supporting juvenile and adult physiological transitions between fresh- and saltwater; natural cover such as submerged and overhanging large wood, aquatic vegetation, large rocks and boulders, and side channels; and juvenile and adult forage, including aquatic invertebrates and fishes, supporting growth and maturation. ",0,1,0,0,0,,,designated,70 FR 52630,9/2/2005,https://www.federalregister.gov/documents/2005/09/02/05-16391/endangered-and-threatened-species-designation-of-critical-habitat-for-12-evolutionarily-significant,,,,1,1,1,1,1,1,1,0,1,1,1,0,0,1,0,1,0,0,0,0,1,0,1,0,0,0,6,,"Estuarine areas free of obstruction with water quality, water quantity, and salinity conditions; natural cover; and juvenile and adult forage"
199,Chum Salmon,Hood Canal Summer-Run ESU,1,"riverine, and estuarine habitat in Washington, as well as marine nearshore habitat in Puget Sound, Washington
...we are proposing to define the lateral extent of designated critical habitat as the width of the stream channel defined by the ordinary high-water line as defined by the U.S. Army Corps of Engineers (COE) in 33 CFR 329.11. This approach is consistent with the specific mapping requirements described in agency regulations at 50 CFR 424.12(c). In areas for which ordinary high-water has not been defined pursuant to 33 CFR 329.11, the width of the stream channel shall be defined by its bankfull elevation. Bankfull elevation is the level at which water begins to leave the channel and move into the floodplain (Rosgen, 1996) and is reached at a discharge which generally has a recurrence interval of 1 to 2 years on the annual flood series (Leopold et al., 1992). 
In estuarine and nearshore marine areas we believe that extreme high water is the best descriptor of lateral extent. For nearshore marine areas we focused particular attention on the geographical area occupied by the Puget Sound ESUs (Chinook and Hood Canal summer-run chum salmon) because of the unique ecological setting and well-documented importance of the area's nearshore habitats to these species. We are designating the area inundated by extreme high tide because it encompasses habitat areas typically inundated and regularly occupied during the spring and summer when juvenile salmon are migrating in the nearshore zone and relying heavily on forage, cover, and refuge qualities provided by these occupied habitats. ",Pacific,Washington,,"Nearshore marine areas free of obstruction with water quality and quantity conditions and forage, including aquatic invertebrates and fishes, supporting growth and maturation; and natural cover such as submerged and overhanging large wood, aquatic vegetation, large rocks and boulders, and side channels. ",0,0,1,1,0,,,designated,70 FR 52630,9/2/2005,https://www.federalregister.gov/documents/2005/09/02/05-16391/endangered-and-threatened-species-designation-of-critical-habitat-for-12-evolutionarily-significant,,,,1,1,0,1,1,1,1,0,1,1,1,0,0,1,0,0,0,0,0,0,1,0,1,0,1,0,6,We have focused our designation on nearshore areas in Puget Sound because of its unique and relatively sheltered fjord-like setting (as opposed to the more open coastlines of Washington and Oregon).,"Nearshore marine areas free of obstruction with water quality and quantity conditions, forage, and natural cover"
200,Chum Salmon,Hood Canal Summer-Run ESU,0,"riverine, and estuarine habitat in Washington, as well as marine nearshore habitat in Puget Sound, Washington
...we are proposing to define the lateral extent of designated critical habitat as the width of the stream channel defined by the ordinary high-water line as defined by the U.S. Army Corps of Engineers (COE) in 33 CFR 329.11. This approach is consistent with the specific mapping requirements described in agency regulations at 50 CFR 424.12(c). In areas for which ordinary high-water has not been defined pursuant to 33 CFR 329.11, the width of the stream channel shall be defined by its bankfull elevation. Bankfull elevation is the level at which water begins to leave the channel and move into the floodplain (Rosgen, 1996) and is reached at a discharge which generally has a recurrence interval of 1 to 2 years on the annual flood series (Leopold et al., 1992). 
In estuarine and nearshore marine areas we believe that extreme high water is the best descriptor of lateral extent. For nearshore marine areas we focused particular attention on the geographical area occupied by the Puget Sound ESUs (Chinook and Hood Canal summer-run chum salmon) because of the unique ecological setting and well-documented importance of the area's nearshore habitats to these species. We are designating the area inundated by extreme high tide because it encompasses habitat areas typically inundated and regularly occupied during the spring and summer when juvenile salmon are migrating in the nearshore zone and relying heavily on forage, cover, and refuge qualities provided by these occupied habitats. ",NA,NA,,"Offshore marine areas with water quality conditions and forage, including aquatic invertebrates and fishes, supporting growth and maturation. ",0,0,1,0,NA,NA,,designated,70 FR 52630,9/2/2005,https://www.federalregister.gov/documents/2005/09/02/05-16391/endangered-and-threatened-species-designation-of-critical-habitat-for-12-evolutionarily-significant,,,,1,0,0,1,0,0,0,0,1,0,0,0,0,1,0,0,0,0,0,0,0,0,0,0,0,0,6,No specific areas designated based on this PCE ,Offshore marine areas with water quality conditions and forage
201,Sockeye Salmon,Ozette Lake ESU,1,"lake, riverine, and estuarine habitat in Washington
...we are proposing to define the lateral extent of designated critical habitat as the width of the stream channel defined by the ordinary high-water line as defined by the U.S. Army Corps of Engineers (COE) in 33 CFR 329.11. This approach is consistent with the specific mapping requirements described in agency regulations at 50 CFR 424.12(c). In areas for which ordinary high-water has not been defined pursuant to 33 CFR 329.11, the width of the stream channel shall be defined by its bankfull elevation. Bankfull elevation is the level at which water begins to leave the channel and move into the floodplain (Rosgen, 1996) and is reached at a discharge which generally has a recurrence interval of 1 to 2 years on the annual flood series (Leopold et al., 1992). 
In the relatively few cases where we are designating lake habitats (e.g., Lake Ozette), we believe that the lateral extent may best be defined as the perimeter of the water body as displayed on standard 1:24,000 scale topographic maps or the elevation of ordinary high water, whichever is greater. In estuarine and nearshore marine areas we believe that extreme high water is the best descriptor of lateral extent. For nearshore marine areas we focused particular attention on the geographical area occupied by the Puget Sound ESUs (Chinook and Hood Canal summer-run chum salmon) because of the unique ecological setting and well-documented importance of the area's nearshore habitats to these species. We are designating the area inundated by extreme high tide because it encompasses habitat areas typically inundated and regularly occupied during the spring and summer when juvenile salmon are migrating in the nearshore zone and relying heavily on forage, cover, and refuge qualities provided by these occupied habitats. ",Pacific,Washington,,"Freshwater spawning sites with water quantity and quality conditions and substrate supporting spawning, incubation and larval development",1,0,0,0,0,,,designated,70 FR 52630,9/2/2005,https://www.federalregister.gov/documents/2005/09/02/05-16391/endangered-and-threatened-species-designation-of-critical-habitat-for-12-evolutionarily-significant,,,,1,0,0,0,1,1,0,0,1,0,0,0,0,1,1,0,1,0,1,0,1,0,0,0,0,0,6,,Freshwater spawning sites with water quantity and quality conditions and substrate
202,Sockeye Salmon,Ozette Lake ESU,1,"lake, riverine, and estuarine habitat in Washington
...we are proposing to define the lateral extent of designated critical habitat as the width of the stream channel defined by the ordinary high-water line as defined by the U.S. Army Corps of Engineers (COE) in 33 CFR 329.11. This approach is consistent with the specific mapping requirements described in agency regulations at 50 CFR 424.12(c). In areas for which ordinary high-water has not been defined pursuant to 33 CFR 329.11, the width of the stream channel shall be defined by its bankfull elevation. Bankfull elevation is the level at which water begins to leave the channel and move into the floodplain (Rosgen, 1996) and is reached at a discharge which generally has a recurrence interval of 1 to 2 years on the annual flood series (Leopold et al., 1992). 
In the relatively few cases where we are designating lake habitats (e.g., Lake Ozette), we believe that the lateral extent may best be defined as the perimeter of the water body as displayed on standard 1:24,000 scale topographic maps or the elevation of ordinary high water, whichever is greater. In estuarine and nearshore marine areas we believe that extreme high water is the best descriptor of lateral extent. For nearshore marine areas we focused particular attention on the geographical area occupied by the Puget Sound ESUs (Chinook and Hood Canal summer-run chum salmon) because of the unique ecological setting and well-documented importance of the area's nearshore habitats to these species. We are designating the area inundated by extreme high tide because it encompasses habitat areas typically inundated and regularly occupied during the spring and summer when juvenile salmon are migrating in the nearshore zone and relying heavily on forage, cover, and refuge qualities provided by these occupied habitats. ",Pacific,Washington,,"Freshwater rearing sites with water quantity and floodplain connectivity to form and maintain physical habitat conditions and support juvenile growth and mobility; water quality and forage supporting juvenile development; and natural cover such as shade, submerged and overhanging large wood, log jams and beaver dams, aquatic vegetation, large rocks and boulders, side channels, and undercut banks",1,0,0,0,0,,,designated,70 FR 52630,9/2/2005,https://www.federalregister.gov/documents/2005/09/02/05-16391/endangered-and-threatened-species-designation-of-critical-habitat-for-12-evolutionarily-significant,,,,1,1,0,1,1,1,1,0,1,0,1,0,0,1,1,0,1,0,1,0,1,0,1,0,1,0,6,,"Freshwater rearing sites with water quantity, floodplain connectivity, water quality, forage, and natural cover"
203,Sockeye Salmon,Ozette Lake ESU,1,"lake, riverine, and estuarine habitat in Washington
...we are proposing to define the lateral extent of designated critical habitat as the width of the stream channel defined by the ordinary high-water line as defined by the U.S. Army Corps of Engineers (COE) in 33 CFR 329.11. This approach is consistent with the specific mapping requirements described in agency regulations at 50 CFR 424.12(c). In areas for which ordinary high-water has not been defined pursuant to 33 CFR 329.11, the width of the stream channel shall be defined by its bankfull elevation. Bankfull elevation is the level at which water begins to leave the channel and move into the floodplain (Rosgen, 1996) and is reached at a discharge which generally has a recurrence interval of 1 to 2 years on the annual flood series (Leopold et al., 1992). 
In the relatively few cases where we are designating lake habitats (e.g., Lake Ozette), we believe that the lateral extent may best be defined as the perimeter of the water body as displayed on standard 1:24,000 scale topographic maps or the elevation of ordinary high water, whichever is greater. In estuarine and nearshore marine areas we believe that extreme high water is the best descriptor of lateral extent. For nearshore marine areas we focused particular attention on the geographical area occupied by the Puget Sound ESUs (Chinook and Hood Canal summer-run chum salmon) because of the unique ecological setting and well-documented importance of the area's nearshore habitats to these species. We are designating the area inundated by extreme high tide because it encompasses habitat areas typically inundated and regularly occupied during the spring and summer when juvenile salmon are migrating in the nearshore zone and relying heavily on forage, cover, and refuge qualities provided by these occupied habitats. ",Pacific,Washington,,"Freshwater migration corridors free of obstruction with water quantity and quality conditions and natural cover such as submerged and overhanging large wood, aquatic vegetation, large rocks and boulders, side channels, and undercut banks supporting juvenile and adult mobility and survival. ",1,0,0,0,0,,,designated,70 FR 52630,9/2/2005,https://www.federalregister.gov/documents/2005/09/02/05-16391/endangered-and-threatened-species-designation-of-critical-habitat-for-12-evolutionarily-significant,,,,1,1,0,0,1,1,1,0,0,1,1,0,0,1,1,0,1,0,1,0,1,0,1,0,1,0,6,,Freshwater migration corridors free of obstruction with water quantity and quality conditions and natural cover
204,Sockeye Salmon,Ozette Lake ESU,1,"lake, riverine, and estuarine habitat in Washington
...we are proposing to define the lateral extent of designated critical habitat as the width of the stream channel defined by the ordinary high-water line as defined by the U.S. Army Corps of Engineers (COE) in 33 CFR 329.11. This approach is consistent with the specific mapping requirements described in agency regulations at 50 CFR 424.12(c). In areas for which ordinary high-water has not been defined pursuant to 33 CFR 329.11, the width of the stream channel shall be defined by its bankfull elevation. Bankfull elevation is the level at which water begins to leave the channel and move into the floodplain (Rosgen, 1996) and is reached at a discharge which generally has a recurrence interval of 1 to 2 years on the annual flood series (Leopold et al., 1992). 
In the relatively few cases where we are designating lake habitats (e.g., Lake Ozette), we believe that the lateral extent may best be defined as the perimeter of the water body as displayed on standard 1:24,000 scale topographic maps or the elevation of ordinary high water, whichever is greater. In estuarine and nearshore marine areas we believe that extreme high water is the best descriptor of lateral extent. For nearshore marine areas we focused particular attention on the geographical area occupied by the Puget Sound ESUs (Chinook and Hood Canal summer-run chum salmon) because of the unique ecological setting and well-documented importance of the area's nearshore habitats to these species. We are designating the area inundated by extreme high tide because it encompasses habitat areas typically inundated and regularly occupied during the spring and summer when juvenile salmon are migrating in the nearshore zone and relying heavily on forage, cover, and refuge qualities provided by these occupied habitats. ",Pacific,Washington,,"Estuarine areas free of obstruction with water quality, water quantity, and salinity conditions supporting juvenile and adult physiological transitions between fresh- and saltwater; natural cover such as submerged and overhanging large wood, aquatic vegetation, large rocks and boulders, and side channels; and juvenile and adult forage, including aquatic invertebrates and fishes, supporting growth and maturation. ",0,1,0,0,0,,,designated,70 FR 52630,9/2/2005,https://www.federalregister.gov/documents/2005/09/02/05-16391/endangered-and-threatened-species-designation-of-critical-habitat-for-12-evolutionarily-significant,,,,1,1,1,1,1,1,1,0,1,1,1,0,0,1,0,1,0,0,0,0,1,0,1,0,0,0,6,,"Estuarine areas free of obstruction with water quality, water quantity, and salinity conditions; natural cover; and juvenile and adult forage"
205,Sockeye Salmon,Ozette Lake ESU,0,"lake, riverine, and estuarine habitat in Washington
...we are proposing to define the lateral extent of designated critical habitat as the width of the stream channel defined by the ordinary high-water line as defined by the U.S. Army Corps of Engineers (COE) in 33 CFR 329.11. This approach is consistent with the specific mapping requirements described in agency regulations at 50 CFR 424.12(c). In areas for which ordinary high-water has not been defined pursuant to 33 CFR 329.11, the width of the stream channel shall be defined by its bankfull elevation. Bankfull elevation is the level at which water begins to leave the channel and move into the floodplain (Rosgen, 1996) and is reached at a discharge which generally has a recurrence interval of 1 to 2 years on the annual flood series (Leopold et al., 1992). 
In the relatively few cases where we are designating lake habitats (e.g., Lake Ozette), we believe that the lateral extent may best be defined as the perimeter of the water body as displayed on standard 1:24,000 scale topographic maps or the elevation of ordinary high water, whichever is greater. In estuarine and nearshore marine areas we believe that extreme high water is the best descriptor of lateral extent. For nearshore marine areas we focused particular attention on the geographical area occupied by the Puget Sound ESUs (Chinook and Hood Canal summer-run chum salmon) because of the unique ecological setting and well-documented importance of the area's nearshore habitats to these species. We are designating the area inundated by extreme high tide because it encompasses habitat areas typically inundated and regularly occupied during the spring and summer when juvenile salmon are migrating in the nearshore zone and relying heavily on forage, cover, and refuge qualities provided by these occupied habitats. ",NA,NA,,"Nearshore marine areas free of obstruction with water quality and quantity conditions and forage, including aquatic invertebrates and fishes, supporting growth and maturation; and natural cover such as submerged and overhanging large wood, aquatic vegetation, large rocks and boulders, and side channels. ",0,0,1,1,NA,NA,,designated,70 FR 52630,9/2/2005,https://www.federalregister.gov/documents/2005/09/02/05-16391/endangered-and-threatened-species-designation-of-critical-habitat-for-12-evolutionarily-significant,,,,1,1,0,1,1,1,1,0,1,1,1,0,0,1,0,0,0,0,0,0,1,0,1,0,1,0,6,No quantity of nearshore marine habitat designated,"Nearshore marine areas free of obstruction with water quality and quantity conditions, forage, and natural cover"
206,Sockeye Salmon,Ozette Lake ESU,0,"lake, riverine, and estuarine habitat in Washington
...we are proposing to define the lateral extent of designated critical habitat as the width of the stream channel defined by the ordinary high-water line as defined by the U.S. Army Corps of Engineers (COE) in 33 CFR 329.11. This approach is consistent with the specific mapping requirements described in agency regulations at 50 CFR 424.12(c). In areas for which ordinary high-water has not been defined pursuant to 33 CFR 329.11, the width of the stream channel shall be defined by its bankfull elevation. Bankfull elevation is the level at which water begins to leave the channel and move into the floodplain (Rosgen, 1996) and is reached at a discharge which generally has a recurrence interval of 1 to 2 years on the annual flood series (Leopold et al., 1992). 
In the relatively few cases where we are designating lake habitats (e.g., Lake Ozette), we believe that the lateral extent may best be defined as the perimeter of the water body as displayed on standard 1:24,000 scale topographic maps or the elevation of ordinary high water, whichever is greater. In estuarine and nearshore marine areas we believe that extreme high water is the best descriptor of lateral extent. For nearshore marine areas we focused particular attention on the geographical area occupied by the Puget Sound ESUs (Chinook and Hood Canal summer-run chum salmon) because of the unique ecological setting and well-documented importance of the area's nearshore habitats to these species. We are designating the area inundated by extreme high tide because it encompasses habitat areas typically inundated and regularly occupied during the spring and summer when juvenile salmon are migrating in the nearshore zone and relying heavily on forage, cover, and refuge qualities provided by these occupied habitats. ",NA,NA,,"Offshore marine areas with water quality conditions and forage, including aquatic invertebrates and fishes, supporting growth and maturation. ",0,0,1,0,NA,NA,,designated,70 FR 52630,9/2/2005,https://www.federalregister.gov/documents/2005/09/02/05-16391/endangered-and-threatened-species-designation-of-critical-habitat-for-12-evolutionarily-significant,,,,1,0,0,1,0,0,0,0,1,0,0,0,0,1,0,0,0,0,0,0,0,0,0,0,0,0,6,No specific areas designated based on this PCE ,Offshore marine areas with water quality conditions and forage
207,Steelhead,Lower Columbia River DPS,1,"lake, riverine, and estuarine habitat in Washington, Oregon
...we are proposing to define the lateral extent of designated critical habitat as the width of the stream channel defined by the ordinary high-water line as defined by the U.S. Army Corps of Engineers (COE) in 33 CFR 329.11. This approach is consistent with the specific mapping requirements described in agency regulations at 50 CFR 424.12(c). In areas for which ordinary high-water has not been defined pursuant to 33 CFR 329.11, the width of the stream channel shall be defined by its bankfull elevation. Bankfull elevation is the level at which water begins to leave the channel and move into the floodplain (Rosgen, 1996) and is reached at a discharge which generally has a recurrence interval of 1 to 2 years on the annual flood series (Leopold et al., 1992). 
In the relatively few cases where we are designating lake habitats (e.g., Lake Ozette), we believe that the lateral extent may best be defined as the perimeter of the water body as displayed on standard 1:24,000 scale topographic maps or the elevation of ordinary high water, whichever is greater. In estuarine and nearshore marine areas we believe that extreme high water is the best descriptor of lateral extent. For nearshore marine areas we focused particular attention on the geographical area occupied by the Puget Sound ESUs (Chinook and Hood Canal summer-run chum salmon) because of the unique ecological setting and well-documented importance of the area's nearshore habitats to these species. We are designating the area inundated by extreme high tide because it encompasses habitat areas typically inundated and regularly occupied during the spring and summer when juvenile salmon are migrating in the nearshore zone and relying heavily on forage, cover, and refuge qualities provided by these occupied habitats. ",Pacific,"Oregon, Washington",,"Freshwater spawning sites with water quantity and quality conditions and substrate supporting spawning, incubation and larval development",1,0,0,0,0,,,designated,70 FR 52630,9/2/2005,https://www.federalregister.gov/documents/2005/09/02/05-16391/endangered-and-threatened-species-designation-of-critical-habitat-for-12-evolutionarily-significant,,,,1,0,0,0,1,1,0,0,1,0,0,0,0,1,1,0,1,0,1,0,1,0,0,0,0,0,6,,Freshwater spawning sites with water quantity and quality conditions and substrate
208,Steelhead,Lower Columbia River DPS,1,"lake, riverine, and estuarine habitat in Washington, Oregon
...we are proposing to define the lateral extent of designated critical habitat as the width of the stream channel defined by the ordinary high-water line as defined by the U.S. Army Corps of Engineers (COE) in 33 CFR 329.11. This approach is consistent with the specific mapping requirements described in agency regulations at 50 CFR 424.12(c). In areas for which ordinary high-water has not been defined pursuant to 33 CFR 329.11, the width of the stream channel shall be defined by its bankfull elevation. Bankfull elevation is the level at which water begins to leave the channel and move into the floodplain (Rosgen, 1996) and is reached at a discharge which generally has a recurrence interval of 1 to 2 years on the annual flood series (Leopold et al., 1992). 
In the relatively few cases where we are designating lake habitats (e.g., Lake Ozette), we believe that the lateral extent may best be defined as the perimeter of the water body as displayed on standard 1:24,000 scale topographic maps or the elevation of ordinary high water, whichever is greater. In estuarine and nearshore marine areas we believe that extreme high water is the best descriptor of lateral extent. For nearshore marine areas we focused particular attention on the geographical area occupied by the Puget Sound ESUs (Chinook and Hood Canal summer-run chum salmon) because of the unique ecological setting and well-documented importance of the area's nearshore habitats to these species. We are designating the area inundated by extreme high tide because it encompasses habitat areas typically inundated and regularly occupied during the spring and summer when juvenile salmon are migrating in the nearshore zone and relying heavily on forage, cover, and refuge qualities provided by these occupied habitats. ",Pacific,"Oregon, Washington",,"Freshwater rearing sites with water quantity and floodplain connectivity to form and maintain physical habitat conditions and support juvenile growth and mobility; water quality and forage supporting juvenile development; and natural cover such as shade, submerged and overhanging large wood, log jams and beaver dams, aquatic vegetation, large rocks and boulders, side channels, and undercut banks",1,0,0,0,0,,,designated,70 FR 52630,9/2/2005,https://www.federalregister.gov/documents/2005/09/02/05-16391/endangered-and-threatened-species-designation-of-critical-habitat-for-12-evolutionarily-significant,,,,1,1,0,1,1,1,1,0,1,0,1,0,0,1,1,0,1,0,1,0,1,0,1,0,1,0,6,,"Freshwater rearing sites with water quantity, floodplain connectivity, water quality, forage, and natural cover"
209,Steelhead,Lower Columbia River DPS,1,"lake, riverine, and estuarine habitat in Washington, Oregon
...we are proposing to define the lateral extent of designated critical habitat as the width of the stream channel defined by the ordinary high-water line as defined by the U.S. Army Corps of Engineers (COE) in 33 CFR 329.11. This approach is consistent with the specific mapping requirements described in agency regulations at 50 CFR 424.12(c). In areas for which ordinary high-water has not been defined pursuant to 33 CFR 329.11, the width of the stream channel shall be defined by its bankfull elevation. Bankfull elevation is the level at which water begins to leave the channel and move into the floodplain (Rosgen, 1996) and is reached at a discharge which generally has a recurrence interval of 1 to 2 years on the annual flood series (Leopold et al., 1992). 
In the relatively few cases where we are designating lake habitats (e.g., Lake Ozette), we believe that the lateral extent may best be defined as the perimeter of the water body as displayed on standard 1:24,000 scale topographic maps or the elevation of ordinary high water, whichever is greater. In estuarine and nearshore marine areas we believe that extreme high water is the best descriptor of lateral extent. For nearshore marine areas we focused particular attention on the geographical area occupied by the Puget Sound ESUs (Chinook and Hood Canal summer-run chum salmon) because of the unique ecological setting and well-documented importance of the area's nearshore habitats to these species. We are designating the area inundated by extreme high tide because it encompasses habitat areas typically inundated and regularly occupied during the spring and summer when juvenile salmon are migrating in the nearshore zone and relying heavily on forage, cover, and refuge qualities provided by these occupied habitats. ",Pacific,"Oregon, Washington",,"Freshwater migration corridors free of obstruction with water quantity and quality conditions and natural cover such as submerged and overhanging large wood, aquatic vegetation, large rocks and boulders, side channels, and undercut banks supporting juvenile and adult mobility and survival. ",1,0,0,0,0,,,designated,70 FR 52630,9/2/2005,https://www.federalregister.gov/documents/2005/09/02/05-16391/endangered-and-threatened-species-designation-of-critical-habitat-for-12-evolutionarily-significant,,,,1,1,0,0,1,1,1,0,0,1,1,0,0,1,1,0,1,0,1,0,1,0,1,0,1,0,6,,Freshwater migration corridors free of obstruction with water quantity and quality conditions and natural cover
210,Steelhead,Lower Columbia River DPS,1,"lake, riverine, and estuarine habitat in Washington, Oregon
...we are proposing to define the lateral extent of designated critical habitat as the width of the stream channel defined by the ordinary high-water line as defined by the U.S. Army Corps of Engineers (COE) in 33 CFR 329.11. This approach is consistent with the specific mapping requirements described in agency regulations at 50 CFR 424.12(c). In areas for which ordinary high-water has not been defined pursuant to 33 CFR 329.11, the width of the stream channel shall be defined by its bankfull elevation. Bankfull elevation is the level at which water begins to leave the channel and move into the floodplain (Rosgen, 1996) and is reached at a discharge which generally has a recurrence interval of 1 to 2 years on the annual flood series (Leopold et al., 1992). 
In the relatively few cases where we are designating lake habitats (e.g., Lake Ozette), we believe that the lateral extent may best be defined as the perimeter of the water body as displayed on standard 1:24,000 scale topographic maps or the elevation of ordinary high water, whichever is greater. In estuarine and nearshore marine areas we believe that extreme high water is the best descriptor of lateral extent. For nearshore marine areas we focused particular attention on the geographical area occupied by the Puget Sound ESUs (Chinook and Hood Canal summer-run chum salmon) because of the unique ecological setting and well-documented importance of the area's nearshore habitats to these species. We are designating the area inundated by extreme high tide because it encompasses habitat areas typically inundated and regularly occupied during the spring and summer when juvenile salmon are migrating in the nearshore zone and relying heavily on forage, cover, and refuge qualities provided by these occupied habitats. ",Pacific,"Oregon, Washington",,"Estuarine areas free of obstruction with water quality, water quantity, and salinity conditions supporting juvenile and adult physiological transitions between fresh- and saltwater; natural cover such as submerged and overhanging large wood, aquatic vegetation, large rocks and boulders, and side channels; and juvenile and adult forage, including aquatic invertebrates and fishes, supporting growth and maturation. ",0,1,0,0,0,,,designated,70 FR 52630,9/2/2005,https://www.federalregister.gov/documents/2005/09/02/05-16391/endangered-and-threatened-species-designation-of-critical-habitat-for-12-evolutionarily-significant,,,,1,1,1,1,1,1,1,0,1,1,1,0,0,1,0,1,0,0,0,0,1,0,1,0,0,0,6,,"Estuarine areas free of obstruction with water quality, water quantity, and salinity conditions; natural cover; and juvenile and adult forage"
211,Steelhead,Lower Columbia River DPS,0,"lake, riverine, and estuarine habitat in Washington, Oregon
...we are proposing to define the lateral extent of designated critical habitat as the width of the stream channel defined by the ordinary high-water line as defined by the U.S. Army Corps of Engineers (COE) in 33 CFR 329.11. This approach is consistent with the specific mapping requirements described in agency regulations at 50 CFR 424.12(c). In areas for which ordinary high-water has not been defined pursuant to 33 CFR 329.11, the width of the stream channel shall be defined by its bankfull elevation. Bankfull elevation is the level at which water begins to leave the channel and move into the floodplain (Rosgen, 1996) and is reached at a discharge which generally has a recurrence interval of 1 to 2 years on the annual flood series (Leopold et al., 1992). 
In the relatively few cases where we are designating lake habitats (e.g., Lake Ozette), we believe that the lateral extent may best be defined as the perimeter of the water body as displayed on standard 1:24,000 scale topographic maps or the elevation of ordinary high water, whichever is greater. In estuarine and nearshore marine areas we believe that extreme high water is the best descriptor of lateral extent. For nearshore marine areas we focused particular attention on the geographical area occupied by the Puget Sound ESUs (Chinook and Hood Canal summer-run chum salmon) because of the unique ecological setting and well-documented importance of the area's nearshore habitats to these species. We are designating the area inundated by extreme high tide because it encompasses habitat areas typically inundated and regularly occupied during the spring and summer when juvenile salmon are migrating in the nearshore zone and relying heavily on forage, cover, and refuge qualities provided by these occupied habitats. ",NA,NA,,"Nearshore marine areas free of obstruction with water quality and quantity conditions and forage, including aquatic invertebrates and fishes, supporting growth and maturation; and natural cover such as submerged and overhanging large wood, aquatic vegetation, large rocks and boulders, and side channels. ",0,0,1,1,NA,NA,,designated,70 FR 52630,9/2/2005,https://www.federalregister.gov/documents/2005/09/02/05-16391/endangered-and-threatened-species-designation-of-critical-habitat-for-12-evolutionarily-significant,,,,1,1,0,1,1,1,1,0,1,1,1,0,0,1,0,0,0,0,0,0,1,0,1,0,1,0,6,No quantity of nearshore marine habitat designated,"Nearshore marine areas free of obstruction with water quality and quantity conditions, forage, and natural cover"
212,Steelhead,Lower Columbia River DPS,0,"lake, riverine, and estuarine habitat in Washington, Oregon
...we are proposing to define the lateral extent of designated critical habitat as the width of the stream channel defined by the ordinary high-water line as defined by the U.S. Army Corps of Engineers (COE) in 33 CFR 329.11. This approach is consistent with the specific mapping requirements described in agency regulations at 50 CFR 424.12(c). In areas for which ordinary high-water has not been defined pursuant to 33 CFR 329.11, the width of the stream channel shall be defined by its bankfull elevation. Bankfull elevation is the level at which water begins to leave the channel and move into the floodplain (Rosgen, 1996) and is reached at a discharge which generally has a recurrence interval of 1 to 2 years on the annual flood series (Leopold et al., 1992). 
In the relatively few cases where we are designating lake habitats (e.g., Lake Ozette), we believe that the lateral extent may best be defined as the perimeter of the water body as displayed on standard 1:24,000 scale topographic maps or the elevation of ordinary high water, whichever is greater. In estuarine and nearshore marine areas we believe that extreme high water is the best descriptor of lateral extent. For nearshore marine areas we focused particular attention on the geographical area occupied by the Puget Sound ESUs (Chinook and Hood Canal summer-run chum salmon) because of the unique ecological setting and well-documented importance of the area's nearshore habitats to these species. We are designating the area inundated by extreme high tide because it encompasses habitat areas typically inundated and regularly occupied during the spring and summer when juvenile salmon are migrating in the nearshore zone and relying heavily on forage, cover, and refuge qualities provided by these occupied habitats. ",NA,NA,,"Offshore marine areas with water quality conditions and forage, including aquatic invertebrates and fishes, supporting growth and maturation. ",0,0,1,0,NA,NA,,designated,70 FR 52630,9/2/2005,https://www.federalregister.gov/documents/2005/09/02/05-16391/endangered-and-threatened-species-designation-of-critical-habitat-for-12-evolutionarily-significant,,,,1,0,0,1,0,0,0,0,1,0,0,0,0,1,0,0,0,0,0,0,0,0,0,0,0,0,6,No specific areas designated based on this PCE ,Offshore marine areas with water quality conditions and forage
213,Steelhead,Middle Columbia River DPS,1,"riverine, and estuarine habitat in Washington, Oregon
...we are proposing to define the lateral extent of designated critical habitat as the width of the stream channel defined by the ordinary high-water line as defined by the U.S. Army Corps of Engineers (COE) in 33 CFR 329.11. This approach is consistent with the specific mapping requirements described in agency regulations at 50 CFR 424.12(c). In areas for which ordinary high-water has not been defined pursuant to 33 CFR 329.11, the width of the stream channel shall be defined by its bankfull elevation. Bankfull elevation is the level at which water begins to leave the channel and move into the floodplain (Rosgen, 1996) and is reached at a discharge which generally has a recurrence interval of 1 to 2 years on the annual flood series (Leopold et al., 1992). 
In estuarine and nearshore marine areas we believe that extreme high water is the best descriptor of lateral extent. For nearshore marine areas we focused particular attention on the geographical area occupied by the Puget Sound ESUs (Chinook and Hood Canal summer-run chum salmon) because of the unique ecological setting and well-documented importance of the area's nearshore habitats to these species. We are designating the area inundated by extreme high tide because it encompasses habitat areas typically inundated and regularly occupied during the spring and summer when juvenile salmon are migrating in the nearshore zone and relying heavily on forage, cover, and refuge qualities provided by these occupied habitats. ",Pacific,"Oregon, Washington",,"Freshwater spawning sites with water quantity and quality conditions and substrate supporting spawning, incubation and larval development",1,0,0,0,0,,,designated,70 FR 52630,9/2/2005,https://www.federalregister.gov/documents/2005/09/02/05-16391/endangered-and-threatened-species-designation-of-critical-habitat-for-12-evolutionarily-significant,,,,1,0,0,0,1,1,0,0,1,0,0,0,0,1,1,0,1,0,1,0,1,0,0,0,0,0,6,,Freshwater spawning sites with water quantity and quality conditions and substrate
214,Steelhead,Middle Columbia River DPS,1,"riverine, and estuarine habitat in Washington, Oregon
...we are proposing to define the lateral extent of designated critical habitat as the width of the stream channel defined by the ordinary high-water line as defined by the U.S. Army Corps of Engineers (COE) in 33 CFR 329.11. This approach is consistent with the specific mapping requirements described in agency regulations at 50 CFR 424.12(c). In areas for which ordinary high-water has not been defined pursuant to 33 CFR 329.11, the width of the stream channel shall be defined by its bankfull elevation. Bankfull elevation is the level at which water begins to leave the channel and move into the floodplain (Rosgen, 1996) and is reached at a discharge which generally has a recurrence interval of 1 to 2 years on the annual flood series (Leopold et al., 1992). 
In estuarine and nearshore marine areas we believe that extreme high water is the best descriptor of lateral extent. For nearshore marine areas we focused particular attention on the geographical area occupied by the Puget Sound ESUs (Chinook and Hood Canal summer-run chum salmon) because of the unique ecological setting and well-documented importance of the area's nearshore habitats to these species. We are designating the area inundated by extreme high tide because it encompasses habitat areas typically inundated and regularly occupied during the spring and summer when juvenile salmon are migrating in the nearshore zone and relying heavily on forage, cover, and refuge qualities provided by these occupied habitats. ",Pacific,"Oregon, Washington",,"Freshwater rearing sites with water quantity and floodplain connectivity to form and maintain physical habitat conditions and support juvenile growth and mobility; water quality and forage supporting juvenile development; and natural cover such as shade, submerged and overhanging large wood, log jams and beaver dams, aquatic vegetation, large rocks and boulders, side channels, and undercut banks",1,0,0,0,0,,,designated,70 FR 52630,9/2/2005,https://www.federalregister.gov/documents/2005/09/02/05-16391/endangered-and-threatened-species-designation-of-critical-habitat-for-12-evolutionarily-significant,,,,1,1,0,1,1,1,1,0,1,0,1,0,0,1,1,0,1,0,1,0,1,0,1,0,1,0,6,,"Freshwater rearing sites with water quantity, floodplain connectivity, water quality, forage, and natural cover"
215,Steelhead,Middle Columbia River DPS,1,"riverine, and estuarine habitat in Washington, Oregon
...we are proposing to define the lateral extent of designated critical habitat as the width of the stream channel defined by the ordinary high-water line as defined by the U.S. Army Corps of Engineers (COE) in 33 CFR 329.11. This approach is consistent with the specific mapping requirements described in agency regulations at 50 CFR 424.12(c). In areas for which ordinary high-water has not been defined pursuant to 33 CFR 329.11, the width of the stream channel shall be defined by its bankfull elevation. Bankfull elevation is the level at which water begins to leave the channel and move into the floodplain (Rosgen, 1996) and is reached at a discharge which generally has a recurrence interval of 1 to 2 years on the annual flood series (Leopold et al., 1992). 
In estuarine and nearshore marine areas we believe that extreme high water is the best descriptor of lateral extent. For nearshore marine areas we focused particular attention on the geographical area occupied by the Puget Sound ESUs (Chinook and Hood Canal summer-run chum salmon) because of the unique ecological setting and well-documented importance of the area's nearshore habitats to these species. We are designating the area inundated by extreme high tide because it encompasses habitat areas typically inundated and regularly occupied during the spring and summer when juvenile salmon are migrating in the nearshore zone and relying heavily on forage, cover, and refuge qualities provided by these occupied habitats. ",Pacific,"Oregon, Washington",,"Freshwater migration corridors free of obstruction with water quantity and quality conditions and natural cover such as submerged and overhanging large wood, aquatic vegetation, large rocks and boulders, side channels, and undercut banks supporting juvenile and adult mobility and survival. ",1,0,0,0,0,,,designated,70 FR 52630,9/2/2005,https://www.federalregister.gov/documents/2005/09/02/05-16391/endangered-and-threatened-species-designation-of-critical-habitat-for-12-evolutionarily-significant,,,,1,1,0,0,1,1,1,0,0,1,1,0,0,1,1,0,1,0,1,0,1,0,1,0,1,0,6,,Freshwater migration corridors free of obstruction with water quantity and quality conditions and natural cover
216,Steelhead,Middle Columbia River DPS,1,"riverine, and estuarine habitat in Washington, Oregon
...we are proposing to define the lateral extent of designated critical habitat as the width of the stream channel defined by the ordinary high-water line as defined by the U.S. Army Corps of Engineers (COE) in 33 CFR 329.11. This approach is consistent with the specific mapping requirements described in agency regulations at 50 CFR 424.12(c). In areas for which ordinary high-water has not been defined pursuant to 33 CFR 329.11, the width of the stream channel shall be defined by its bankfull elevation. Bankfull elevation is the level at which water begins to leave the channel and move into the floodplain (Rosgen, 1996) and is reached at a discharge which generally has a recurrence interval of 1 to 2 years on the annual flood series (Leopold et al., 1992). 
In estuarine and nearshore marine areas we believe that extreme high water is the best descriptor of lateral extent. For nearshore marine areas we focused particular attention on the geographical area occupied by the Puget Sound ESUs (Chinook and Hood Canal summer-run chum salmon) because of the unique ecological setting and well-documented importance of the area's nearshore habitats to these species. We are designating the area inundated by extreme high tide because it encompasses habitat areas typically inundated and regularly occupied during the spring and summer when juvenile salmon are migrating in the nearshore zone and relying heavily on forage, cover, and refuge qualities provided by these occupied habitats. ",Pacific,"Oregon, Washington",,"Estuarine areas free of obstruction with water quality, water quantity, and salinity conditions supporting juvenile and adult physiological transitions between fresh- and saltwater; natural cover such as submerged and overhanging large wood, aquatic vegetation, large rocks and boulders, and side channels; and juvenile and adult forage, including aquatic invertebrates and fishes, supporting growth and maturation. ",0,1,0,0,0,,,designated,70 FR 52630,9/2/2005,https://www.federalregister.gov/documents/2005/09/02/05-16391/endangered-and-threatened-species-designation-of-critical-habitat-for-12-evolutionarily-significant,,,,1,1,1,1,1,1,1,0,1,1,1,0,0,1,0,1,0,0,0,0,1,0,1,0,0,0,6,,"Estuarine areas free of obstruction with water quality, water quantity, and salinity conditions; natural cover; and juvenile and adult forage"
217,Steelhead,Middle Columbia River DPS,0,"riverine, and estuarine habitat in Washington, Oregon
...we are proposing to define the lateral extent of designated critical habitat as the width of the stream channel defined by the ordinary high-water line as defined by the U.S. Army Corps of Engineers (COE) in 33 CFR 329.11. This approach is consistent with the specific mapping requirements described in agency regulations at 50 CFR 424.12(c). In areas for which ordinary high-water has not been defined pursuant to 33 CFR 329.11, the width of the stream channel shall be defined by its bankfull elevation. Bankfull elevation is the level at which water begins to leave the channel and move into the floodplain (Rosgen, 1996) and is reached at a discharge which generally has a recurrence interval of 1 to 2 years on the annual flood series (Leopold et al., 1992). 
In estuarine and nearshore marine areas we believe that extreme high water is the best descriptor of lateral extent. For nearshore marine areas we focused particular attention on the geographical area occupied by the Puget Sound ESUs (Chinook and Hood Canal summer-run chum salmon) because of the unique ecological setting and well-documented importance of the area's nearshore habitats to these species. We are designating the area inundated by extreme high tide because it encompasses habitat areas typically inundated and regularly occupied during the spring and summer when juvenile salmon are migrating in the nearshore zone and relying heavily on forage, cover, and refuge qualities provided by these occupied habitats. ",NA,NA,,"Nearshore marine areas free of obstruction with water quality and quantity conditions and forage, including aquatic invertebrates and fishes, supporting growth and maturation; and natural cover such as submerged and overhanging large wood, aquatic vegetation, large rocks and boulders, and side channels. ",0,0,1,1,NA,NA,,designated,70 FR 52630,9/2/2005,https://www.federalregister.gov/documents/2005/09/02/05-16391/endangered-and-threatened-species-designation-of-critical-habitat-for-12-evolutionarily-significant,,,,1,1,0,1,1,1,1,0,1,1,1,0,0,1,0,0,0,0,0,0,1,0,1,0,1,0,6,No quantity of nearshore marine habitat designated,"Nearshore marine areas free of obstruction with water quality and quantity conditions, forage, and natural cover"
218,Steelhead,Middle Columbia River DPS,0,"riverine, and estuarine habitat in Washington, Oregon
...we are proposing to define the lateral extent of designated critical habitat as the width of the stream channel defined by the ordinary high-water line as defined by the U.S. Army Corps of Engineers (COE) in 33 CFR 329.11. This approach is consistent with the specific mapping requirements described in agency regulations at 50 CFR 424.12(c). In areas for which ordinary high-water has not been defined pursuant to 33 CFR 329.11, the width of the stream channel shall be defined by its bankfull elevation. Bankfull elevation is the level at which water begins to leave the channel and move into the floodplain (Rosgen, 1996) and is reached at a discharge which generally has a recurrence interval of 1 to 2 years on the annual flood series (Leopold et al., 1992). 
In estuarine and nearshore marine areas we believe that extreme high water is the best descriptor of lateral extent. For nearshore marine areas we focused particular attention on the geographical area occupied by the Puget Sound ESUs (Chinook and Hood Canal summer-run chum salmon) because of the unique ecological setting and well-documented importance of the area's nearshore habitats to these species. We are designating the area inundated by extreme high tide because it encompasses habitat areas typically inundated and regularly occupied during the spring and summer when juvenile salmon are migrating in the nearshore zone and relying heavily on forage, cover, and refuge qualities provided by these occupied habitats. ",NA,NA,,"Offshore marine areas with water quality conditions and forage, including aquatic invertebrates and fishes, supporting growth and maturation. ",0,0,1,0,NA,NA,,designated,70 FR 52630,9/2/2005,https://www.federalregister.gov/documents/2005/09/02/05-16391/endangered-and-threatened-species-designation-of-critical-habitat-for-12-evolutionarily-significant,,,,1,0,0,1,0,0,0,0,1,0,0,0,0,1,0,0,0,0,0,0,0,0,0,0,0,0,6,No specific areas designated based on this PCE ,Offshore marine areas with water quality conditions and forage
219,Steelhead,Snake River Basin DPS,1,"lake, riverine, and estuarine habitat in Washington, Oregon, and Idaho
...we are proposing to define the lateral extent of designated critical habitat as the width of the stream channel defined by the ordinary high-water line as defined by the U.S. Army Corps of Engineers (COE) in 33 CFR 329.11. This approach is consistent with the specific mapping requirements described in agency regulations at 50 CFR 424.12(c). In areas for which ordinary high-water has not been defined pursuant to 33 CFR 329.11, the width of the stream channel shall be defined by its bankfull elevation. Bankfull elevation is the level at which water begins to leave the channel and move into the floodplain (Rosgen, 1996) and is reached at a discharge which generally has a recurrence interval of 1 to 2 years on the annual flood series (Leopold et al., 1992). 
In the relatively few cases where we are designating lake habitats (e.g., Lake Ozette), we believe that the lateral extent may best be defined as the perimeter of the water body as displayed on standard 1:24,000 scale topographic maps or the elevation of ordinary high water, whichever is greater. In estuarine and nearshore marine areas we believe that extreme high water is the best descriptor of lateral extent. For nearshore marine areas we focused particular attention on the geographical area occupied by the Puget Sound ESUs (Chinook and Hood Canal summer-run chum salmon) because of the unique ecological setting and well-documented importance of the area's nearshore habitats to these species. We are designating the area inundated by extreme high tide because it encompasses habitat areas typically inundated and regularly occupied during the spring and summer when juvenile salmon are migrating in the nearshore zone and relying heavily on forage, cover, and refuge qualities provided by these occupied habitats. ",Pacific,"Idaho, Oregon, Washington",,"Freshwater spawning sites with water quantity and quality conditions and substrate supporting spawning, incubation and larval development",1,0,0,0,0,,,designated,70 FR 52630,9/2/2005,https://www.federalregister.gov/documents/2005/09/02/05-16391/endangered-and-threatened-species-designation-of-critical-habitat-for-12-evolutionarily-significant,,,,1,0,0,0,1,1,0,0,1,0,0,0,0,1,1,0,1,0,1,0,1,0,0,0,0,0,6,,Freshwater spawning sites with water quantity and quality conditions and substrate
220,Steelhead,Snake River Basin DPS,1,"lake, riverine, and estuarine habitat in Washington, Oregon, and Idaho
...we are proposing to define the lateral extent of designated critical habitat as the width of the stream channel defined by the ordinary high-water line as defined by the U.S. Army Corps of Engineers (COE) in 33 CFR 329.11. This approach is consistent with the specific mapping requirements described in agency regulations at 50 CFR 424.12(c). In areas for which ordinary high-water has not been defined pursuant to 33 CFR 329.11, the width of the stream channel shall be defined by its bankfull elevation. Bankfull elevation is the level at which water begins to leave the channel and move into the floodplain (Rosgen, 1996) and is reached at a discharge which generally has a recurrence interval of 1 to 2 years on the annual flood series (Leopold et al., 1992). 
In the relatively few cases where we are designating lake habitats (e.g., Lake Ozette), we believe that the lateral extent may best be defined as the perimeter of the water body as displayed on standard 1:24,000 scale topographic maps or the elevation of ordinary high water, whichever is greater. In estuarine and nearshore marine areas we believe that extreme high water is the best descriptor of lateral extent. For nearshore marine areas we focused particular attention on the geographical area occupied by the Puget Sound ESUs (Chinook and Hood Canal summer-run chum salmon) because of the unique ecological setting and well-documented importance of the area's nearshore habitats to these species. We are designating the area inundated by extreme high tide because it encompasses habitat areas typically inundated and regularly occupied during the spring and summer when juvenile salmon are migrating in the nearshore zone and relying heavily on forage, cover, and refuge qualities provided by these occupied habitats. ",Pacific,"Idaho, Oregon, Washington",,"Freshwater rearing sites with water quantity and floodplain connectivity to form and maintain physical habitat conditions and support juvenile growth and mobility; water quality and forage supporting juvenile development; and natural cover such as shade, submerged and overhanging large wood, log jams and beaver dams, aquatic vegetation, large rocks and boulders, side channels, and undercut banks",1,0,0,0,0,,,designated,70 FR 52630,9/2/2005,https://www.federalregister.gov/documents/2005/09/02/05-16391/endangered-and-threatened-species-designation-of-critical-habitat-for-12-evolutionarily-significant,,,,1,1,0,1,1,1,1,0,1,0,1,0,0,1,1,0,1,0,1,0,1,0,1,0,1,0,6,,"Freshwater rearing sites with water quantity, floodplain connectivity, water quality, forage, and natural cover"
221,Steelhead,Snake River Basin DPS,1,"lake, riverine, and estuarine habitat in Washington, Oregon, and Idaho
...we are proposing to define the lateral extent of designated critical habitat as the width of the stream channel defined by the ordinary high-water line as defined by the U.S. Army Corps of Engineers (COE) in 33 CFR 329.11. This approach is consistent with the specific mapping requirements described in agency regulations at 50 CFR 424.12(c). In areas for which ordinary high-water has not been defined pursuant to 33 CFR 329.11, the width of the stream channel shall be defined by its bankfull elevation. Bankfull elevation is the level at which water begins to leave the channel and move into the floodplain (Rosgen, 1996) and is reached at a discharge which generally has a recurrence interval of 1 to 2 years on the annual flood series (Leopold et al., 1992). 
In the relatively few cases where we are designating lake habitats (e.g., Lake Ozette), we believe that the lateral extent may best be defined as the perimeter of the water body as displayed on standard 1:24,000 scale topographic maps or the elevation of ordinary high water, whichever is greater. In estuarine and nearshore marine areas we believe that extreme high water is the best descriptor of lateral extent. For nearshore marine areas we focused particular attention on the geographical area occupied by the Puget Sound ESUs (Chinook and Hood Canal summer-run chum salmon) because of the unique ecological setting and well-documented importance of the area's nearshore habitats to these species. We are designating the area inundated by extreme high tide because it encompasses habitat areas typically inundated and regularly occupied during the spring and summer when juvenile salmon are migrating in the nearshore zone and relying heavily on forage, cover, and refuge qualities provided by these occupied habitats. ",Pacific,"Idaho, Oregon, Washington",,"Freshwater migration corridors free of obstruction with water quantity and quality conditions and natural cover such as submerged and overhanging large wood, aquatic vegetation, large rocks and boulders, side channels, and undercut banks supporting juvenile and adult mobility and survival. ",1,0,0,0,0,,,designated,70 FR 52630,9/2/2005,https://www.federalregister.gov/documents/2005/09/02/05-16391/endangered-and-threatened-species-designation-of-critical-habitat-for-12-evolutionarily-significant,,,,1,1,0,0,1,1,1,0,0,1,1,0,0,1,1,0,1,0,1,0,1,0,1,0,1,0,6,,Freshwater migration corridors free of obstruction with water quantity and quality conditions and natural cover
222,Steelhead,Snake River Basin DPS,1,"lake, riverine, and estuarine habitat in Washington, Oregon, and Idaho
...we are proposing to define the lateral extent of designated critical habitat as the width of the stream channel defined by the ordinary high-water line as defined by the U.S. Army Corps of Engineers (COE) in 33 CFR 329.11. This approach is consistent with the specific mapping requirements described in agency regulations at 50 CFR 424.12(c). In areas for which ordinary high-water has not been defined pursuant to 33 CFR 329.11, the width of the stream channel shall be defined by its bankfull elevation. Bankfull elevation is the level at which water begins to leave the channel and move into the floodplain (Rosgen, 1996) and is reached at a discharge which generally has a recurrence interval of 1 to 2 years on the annual flood series (Leopold et al., 1992). 
In the relatively few cases where we are designating lake habitats (e.g., Lake Ozette), we believe that the lateral extent may best be defined as the perimeter of the water body as displayed on standard 1:24,000 scale topographic maps or the elevation of ordinary high water, whichever is greater. In estuarine and nearshore marine areas we believe that extreme high water is the best descriptor of lateral extent. For nearshore marine areas we focused particular attention on the geographical area occupied by the Puget Sound ESUs (Chinook and Hood Canal summer-run chum salmon) because of the unique ecological setting and well-documented importance of the area's nearshore habitats to these species. We are designating the area inundated by extreme high tide because it encompasses habitat areas typically inundated and regularly occupied during the spring and summer when juvenile salmon are migrating in the nearshore zone and relying heavily on forage, cover, and refuge qualities provided by these occupied habitats. ",Pacific,"Idaho, Oregon, Washington",,"Estuarine areas free of obstruction with water quality, water quantity, and salinity conditions supporting juvenile and adult physiological transitions between fresh- and saltwater; natural cover such as submerged and overhanging large wood, aquatic vegetation, large rocks and boulders, and side channels; and juvenile and adult forage, including aquatic invertebrates and fishes, supporting growth and maturation. ",0,1,0,0,0,,,designated,70 FR 52630,9/2/2005,https://www.federalregister.gov/documents/2005/09/02/05-16391/endangered-and-threatened-species-designation-of-critical-habitat-for-12-evolutionarily-significant,,,,1,1,1,1,1,1,1,0,1,1,1,0,0,1,0,1,0,0,0,0,1,0,1,0,0,0,6,,"Estuarine areas free of obstruction with water quality, water quantity, and salinity conditions; natural cover; and juvenile and adult forage"
223,Steelhead,Snake River Basin DPS,0,"lake, riverine, and estuarine habitat in Washington, Oregon, and Idaho
...we are proposing to define the lateral extent of designated critical habitat as the width of the stream channel defined by the ordinary high-water line as defined by the U.S. Army Corps of Engineers (COE) in 33 CFR 329.11. This approach is consistent with the specific mapping requirements described in agency regulations at 50 CFR 424.12(c). In areas for which ordinary high-water has not been defined pursuant to 33 CFR 329.11, the width of the stream channel shall be defined by its bankfull elevation. Bankfull elevation is the level at which water begins to leave the channel and move into the floodplain (Rosgen, 1996) and is reached at a discharge which generally has a recurrence interval of 1 to 2 years on the annual flood series (Leopold et al., 1992). 
In the relatively few cases where we are designating lake habitats (e.g., Lake Ozette), we believe that the lateral extent may best be defined as the perimeter of the water body as displayed on standard 1:24,000 scale topographic maps or the elevation of ordinary high water, whichever is greater. In estuarine and nearshore marine areas we believe that extreme high water is the best descriptor of lateral extent. For nearshore marine areas we focused particular attention on the geographical area occupied by the Puget Sound ESUs (Chinook and Hood Canal summer-run chum salmon) because of the unique ecological setting and well-documented importance of the area's nearshore habitats to these species. We are designating the area inundated by extreme high tide because it encompasses habitat areas typically inundated and regularly occupied during the spring and summer when juvenile salmon are migrating in the nearshore zone and relying heavily on forage, cover, and refuge qualities provided by these occupied habitats. ",NA,NA,,"Nearshore marine areas free of obstruction with water quality and quantity conditions and forage, including aquatic invertebrates and fishes, supporting growth and maturation; and natural cover such as submerged and overhanging large wood, aquatic vegetation, large rocks and boulders, and side channels. ",0,0,1,1,NA,NA,,designated,70 FR 52630,9/2/2005,https://www.federalregister.gov/documents/2005/09/02/05-16391/endangered-and-threatened-species-designation-of-critical-habitat-for-12-evolutionarily-significant,,,,1,1,0,1,1,1,1,0,1,1,1,0,0,1,0,0,0,0,0,0,1,0,1,0,1,0,6,No quantity of nearshore marine habitat designated,"Nearshore marine areas free of obstruction with water quality and quantity conditions, forage, and natural cover"
224,Steelhead,Snake River Basin DPS,0,"lake, riverine, and estuarine habitat in Washington, Oregon, and Idaho
...we are proposing to define the lateral extent of designated critical habitat as the width of the stream channel defined by the ordinary high-water line as defined by the U.S. Army Corps of Engineers (COE) in 33 CFR 329.11. This approach is consistent with the specific mapping requirements described in agency regulations at 50 CFR 424.12(c). In areas for which ordinary high-water has not been defined pursuant to 33 CFR 329.11, the width of the stream channel shall be defined by its bankfull elevation. Bankfull elevation is the level at which water begins to leave the channel and move into the floodplain (Rosgen, 1996) and is reached at a discharge which generally has a recurrence interval of 1 to 2 years on the annual flood series (Leopold et al., 1992). 
In the relatively few cases where we are designating lake habitats (e.g., Lake Ozette), we believe that the lateral extent may best be defined as the perimeter of the water body as displayed on standard 1:24,000 scale topographic maps or the elevation of ordinary high water, whichever is greater. In estuarine and nearshore marine areas we believe that extreme high water is the best descriptor of lateral extent. For nearshore marine areas we focused particular attention on the geographical area occupied by the Puget Sound ESUs (Chinook and Hood Canal summer-run chum salmon) because of the unique ecological setting and well-documented importance of the area's nearshore habitats to these species. We are designating the area inundated by extreme high tide because it encompasses habitat areas typically inundated and regularly occupied during the spring and summer when juvenile salmon are migrating in the nearshore zone and relying heavily on forage, cover, and refuge qualities provided by these occupied habitats. ",NA,NA,,"Offshore marine areas with water quality conditions and forage, including aquatic invertebrates and fishes, supporting growth and maturation. ",0,0,1,0,NA,NA,,designated,70 FR 52630,9/2/2005,https://www.federalregister.gov/documents/2005/09/02/05-16391/endangered-and-threatened-species-designation-of-critical-habitat-for-12-evolutionarily-significant,,,,1,0,0,1,0,0,0,0,1,0,0,0,0,1,0,0,0,0,0,0,0,0,0,0,0,0,6,No specific areas designated based on this PCE ,Offshore marine areas with water quality conditions and forage
225,Steelhead,Upper Columbia River DPS,1,"lake, riverine, and estuarine habitat in Washington, Oregon
...we are proposing to define the lateral extent of designated critical habitat as the width of the stream channel defined by the ordinary high-water line as defined by the U.S. Army Corps of Engineers (COE) in 33 CFR 329.11. This approach is consistent with the specific mapping requirements described in agency regulations at 50 CFR 424.12(c). In areas for which ordinary high-water has not been defined pursuant to 33 CFR 329.11, the width of the stream channel shall be defined by its bankfull elevation. Bankfull elevation is the level at which water begins to leave the channel and move into the floodplain (Rosgen, 1996) and is reached at a discharge which generally has a recurrence interval of 1 to 2 years on the annual flood series (Leopold et al., 1992). 
In the relatively few cases where we are designating lake habitats (e.g., Lake Ozette), we believe that the lateral extent may best be defined as the perimeter of the water body as displayed on standard 1:24,000 scale topographic maps or the elevation of ordinary high water, whichever is greater. In estuarine and nearshore marine areas we believe that extreme high water is the best descriptor of lateral extent. For nearshore marine areas we focused particular attention on the geographical area occupied by the Puget Sound ESUs (Chinook and Hood Canal summer-run chum salmon) because of the unique ecological setting and well-documented importance of the area's nearshore habitats to these species. We are designating the area inundated by extreme high tide because it encompasses habitat areas typically inundated and regularly occupied during the spring and summer when juvenile salmon are migrating in the nearshore zone and relying heavily on forage, cover, and refuge qualities provided by these occupied habitats. ",Pacific,"Oregon, Washington",,"Freshwater spawning sites with water quantity and quality conditions and substrate supporting spawning, incubation and larval development",1,0,0,0,0,,,designated,70 FR 52630,9/2/2005,https://www.federalregister.gov/documents/2005/09/02/05-16391/endangered-and-threatened-species-designation-of-critical-habitat-for-12-evolutionarily-significant,,,,1,0,0,0,1,1,0,0,1,0,0,0,0,1,1,0,1,0,1,0,1,0,0,0,0,0,6,,Freshwater spawning sites with water quantity and quality conditions and substrate
226,Steelhead,Upper Columbia River DPS,1,"lake, riverine, and estuarine habitat in Washington, Oregon
...we are proposing to define the lateral extent of designated critical habitat as the width of the stream channel defined by the ordinary high-water line as defined by the U.S. Army Corps of Engineers (COE) in 33 CFR 329.11. This approach is consistent with the specific mapping requirements described in agency regulations at 50 CFR 424.12(c). In areas for which ordinary high-water has not been defined pursuant to 33 CFR 329.11, the width of the stream channel shall be defined by its bankfull elevation. Bankfull elevation is the level at which water begins to leave the channel and move into the floodplain (Rosgen, 1996) and is reached at a discharge which generally has a recurrence interval of 1 to 2 years on the annual flood series (Leopold et al., 1992). 
In the relatively few cases where we are designating lake habitats (e.g., Lake Ozette), we believe that the lateral extent may best be defined as the perimeter of the water body as displayed on standard 1:24,000 scale topographic maps or the elevation of ordinary high water, whichever is greater. In estuarine and nearshore marine areas we believe that extreme high water is the best descriptor of lateral extent. For nearshore marine areas we focused particular attention on the geographical area occupied by the Puget Sound ESUs (Chinook and Hood Canal summer-run chum salmon) because of the unique ecological setting and well-documented importance of the area's nearshore habitats to these species. We are designating the area inundated by extreme high tide because it encompasses habitat areas typically inundated and regularly occupied during the spring and summer when juvenile salmon are migrating in the nearshore zone and relying heavily on forage, cover, and refuge qualities provided by these occupied habitats. ",Pacific,"Oregon, Washington",,"Freshwater rearing sites with water quantity and floodplain connectivity to form and maintain physical habitat conditions and support juvenile growth and mobility; water quality and forage supporting juvenile development; and natural cover such as shade, submerged and overhanging large wood, log jams and beaver dams, aquatic vegetation, large rocks and boulders, side channels, and undercut banks",1,0,0,0,0,,,designated,70 FR 52630,9/2/2005,https://www.federalregister.gov/documents/2005/09/02/05-16391/endangered-and-threatened-species-designation-of-critical-habitat-for-12-evolutionarily-significant,,,,1,1,0,1,1,1,1,0,1,0,1,0,0,1,1,0,1,0,1,0,1,0,1,0,1,0,6,,"Freshwater rearing sites with water quantity, floodplain connectivity, water quality, forage, and natural cover"
227,Steelhead,Upper Columbia River DPS,1,"lake, riverine, and estuarine habitat in Washington, Oregon
...we are proposing to define the lateral extent of designated critical habitat as the width of the stream channel defined by the ordinary high-water line as defined by the U.S. Army Corps of Engineers (COE) in 33 CFR 329.11. This approach is consistent with the specific mapping requirements described in agency regulations at 50 CFR 424.12(c). In areas for which ordinary high-water has not been defined pursuant to 33 CFR 329.11, the width of the stream channel shall be defined by its bankfull elevation. Bankfull elevation is the level at which water begins to leave the channel and move into the floodplain (Rosgen, 1996) and is reached at a discharge which generally has a recurrence interval of 1 to 2 years on the annual flood series (Leopold et al., 1992). 
In the relatively few cases where we are designating lake habitats (e.g., Lake Ozette), we believe that the lateral extent may best be defined as the perimeter of the water body as displayed on standard 1:24,000 scale topographic maps or the elevation of ordinary high water, whichever is greater. In estuarine and nearshore marine areas we believe that extreme high water is the best descriptor of lateral extent. For nearshore marine areas we focused particular attention on the geographical area occupied by the Puget Sound ESUs (Chinook and Hood Canal summer-run chum salmon) because of the unique ecological setting and well-documented importance of the area's nearshore habitats to these species. We are designating the area inundated by extreme high tide because it encompasses habitat areas typically inundated and regularly occupied during the spring and summer when juvenile salmon are migrating in the nearshore zone and relying heavily on forage, cover, and refuge qualities provided by these occupied habitats. ",Pacific,"Oregon, Washington",,"Freshwater migration corridors free of obstruction with water quantity and quality conditions and natural cover such as submerged and overhanging large wood, aquatic vegetation, large rocks and boulders, side channels, and undercut banks supporting juvenile and adult mobility and survival. ",1,0,0,0,0,,,designated,70 FR 52630,9/2/2005,https://www.federalregister.gov/documents/2005/09/02/05-16391/endangered-and-threatened-species-designation-of-critical-habitat-for-12-evolutionarily-significant,,,,1,1,0,0,1,1,1,0,0,1,1,0,0,1,1,0,1,0,1,0,1,0,1,0,1,0,6,,Freshwater migration corridors free of obstruction with water quantity and quality conditions and natural cover
228,Steelhead,Upper Columbia River DPS,1,"lake, riverine, and estuarine habitat in Washington, Oregon
...we are proposing to define the lateral extent of designated critical habitat as the width of the stream channel defined by the ordinary high-water line as defined by the U.S. Army Corps of Engineers (COE) in 33 CFR 329.11. This approach is consistent with the specific mapping requirements described in agency regulations at 50 CFR 424.12(c). In areas for which ordinary high-water has not been defined pursuant to 33 CFR 329.11, the width of the stream channel shall be defined by its bankfull elevation. Bankfull elevation is the level at which water begins to leave the channel and move into the floodplain (Rosgen, 1996) and is reached at a discharge which generally has a recurrence interval of 1 to 2 years on the annual flood series (Leopold et al., 1992). 
In the relatively few cases where we are designating lake habitats (e.g., Lake Ozette), we believe that the lateral extent may best be defined as the perimeter of the water body as displayed on standard 1:24,000 scale topographic maps or the elevation of ordinary high water, whichever is greater. In estuarine and nearshore marine areas we believe that extreme high water is the best descriptor of lateral extent. For nearshore marine areas we focused particular attention on the geographical area occupied by the Puget Sound ESUs (Chinook and Hood Canal summer-run chum salmon) because of the unique ecological setting and well-documented importance of the area's nearshore habitats to these species. We are designating the area inundated by extreme high tide because it encompasses habitat areas typically inundated and regularly occupied during the spring and summer when juvenile salmon are migrating in the nearshore zone and relying heavily on forage, cover, and refuge qualities provided by these occupied habitats. ",Pacific,"Oregon, Washington",,"Estuarine areas free of obstruction with water quality, water quantity, and salinity conditions supporting juvenile and adult physiological transitions between fresh- and saltwater; natural cover such as submerged and overhanging large wood, aquatic vegetation, large rocks and boulders, and side channels; and juvenile and adult forage, including aquatic invertebrates and fishes, supporting growth and maturation. ",0,1,0,0,0,,,designated,70 FR 52630,9/2/2005,https://www.federalregister.gov/documents/2005/09/02/05-16391/endangered-and-threatened-species-designation-of-critical-habitat-for-12-evolutionarily-significant,,,,1,1,1,1,1,1,1,0,1,1,1,0,0,1,0,1,0,0,0,0,1,0,1,0,0,0,6,,"Estuarine areas free of obstruction with water quality, water quantity, and salinity conditions; natural cover; and juvenile and adult forage"
229,Steelhead,Upper Columbia River DPS,0,"lake, riverine, and estuarine habitat in Washington, Oregon
...we are proposing to define the lateral extent of designated critical habitat as the width of the stream channel defined by the ordinary high-water line as defined by the U.S. Army Corps of Engineers (COE) in 33 CFR 329.11. This approach is consistent with the specific mapping requirements described in agency regulations at 50 CFR 424.12(c). In areas for which ordinary high-water has not been defined pursuant to 33 CFR 329.11, the width of the stream channel shall be defined by its bankfull elevation. Bankfull elevation is the level at which water begins to leave the channel and move into the floodplain (Rosgen, 1996) and is reached at a discharge which generally has a recurrence interval of 1 to 2 years on the annual flood series (Leopold et al., 1992). 
In the relatively few cases where we are designating lake habitats (e.g., Lake Ozette), we believe that the lateral extent may best be defined as the perimeter of the water body as displayed on standard 1:24,000 scale topographic maps or the elevation of ordinary high water, whichever is greater. In estuarine and nearshore marine areas we believe that extreme high water is the best descriptor of lateral extent. For nearshore marine areas we focused particular attention on the geographical area occupied by the Puget Sound ESUs (Chinook and Hood Canal summer-run chum salmon) because of the unique ecological setting and well-documented importance of the area's nearshore habitats to these species. We are designating the area inundated by extreme high tide because it encompasses habitat areas typically inundated and regularly occupied during the spring and summer when juvenile salmon are migrating in the nearshore zone and relying heavily on forage, cover, and refuge qualities provided by these occupied habitats. ",NA,NA,,"Nearshore marine areas free of obstruction with water quality and quantity conditions and forage, including aquatic invertebrates and fishes, supporting growth and maturation; and natural cover such as submerged and overhanging large wood, aquatic vegetation, large rocks and boulders, and side channels. ",0,0,1,1,NA,NA,,designated,70 FR 52630,9/2/2005,https://www.federalregister.gov/documents/2005/09/02/05-16391/endangered-and-threatened-species-designation-of-critical-habitat-for-12-evolutionarily-significant,,,,1,1,0,1,1,1,1,0,1,1,1,0,0,1,0,0,0,0,0,0,1,0,1,0,1,0,6,No quantity of nearshore marine habitat designated,"Nearshore marine areas free of obstruction with water quality and quantity conditions, forage, and natural cover"
230,Steelhead,Upper Columbia River DPS,0,"lake, riverine, and estuarine habitat in Washington, Oregon
...we are proposing to define the lateral extent of designated critical habitat as the width of the stream channel defined by the ordinary high-water line as defined by the U.S. Army Corps of Engineers (COE) in 33 CFR 329.11. This approach is consistent with the specific mapping requirements described in agency regulations at 50 CFR 424.12(c). In areas for which ordinary high-water has not been defined pursuant to 33 CFR 329.11, the width of the stream channel shall be defined by its bankfull elevation. Bankfull elevation is the level at which water begins to leave the channel and move into the floodplain (Rosgen, 1996) and is reached at a discharge which generally has a recurrence interval of 1 to 2 years on the annual flood series (Leopold et al., 1992). 
In the relatively few cases where we are designating lake habitats (e.g., Lake Ozette), we believe that the lateral extent may best be defined as the perimeter of the water body as displayed on standard 1:24,000 scale topographic maps or the elevation of ordinary high water, whichever is greater. In estuarine and nearshore marine areas we believe that extreme high water is the best descriptor of lateral extent. For nearshore marine areas we focused particular attention on the geographical area occupied by the Puget Sound ESUs (Chinook and Hood Canal summer-run chum salmon) because of the unique ecological setting and well-documented importance of the area's nearshore habitats to these species. We are designating the area inundated by extreme high tide because it encompasses habitat areas typically inundated and regularly occupied during the spring and summer when juvenile salmon are migrating in the nearshore zone and relying heavily on forage, cover, and refuge qualities provided by these occupied habitats. ",NA,NA,,"Offshore marine areas with water quality conditions and forage, including aquatic invertebrates and fishes, supporting growth and maturation. ",0,0,1,0,NA,NA,,designated,70 FR 52630,9/2/2005,https://www.federalregister.gov/documents/2005/09/02/05-16391/endangered-and-threatened-species-designation-of-critical-habitat-for-12-evolutionarily-significant,,,,1,0,0,1,0,0,0,0,1,0,0,0,0,1,0,0,0,0,0,0,0,0,0,0,0,0,6,No specific areas designated based on this PCE ,Offshore marine areas with water quality conditions and forage
231,Steelhead,Upper Willamette River DPS,1,"lake, riverine, and estuarine habitat in Washington, Oregon
...we are proposing to define the lateral extent of designated critical habitat as the width of the stream channel defined by the ordinary high-water line as defined by the U.S. Army Corps of Engineers (COE) in 33 CFR 329.11. This approach is consistent with the specific mapping requirements described in agency regulations at 50 CFR 424.12(c). In areas for which ordinary high-water has not been defined pursuant to 33 CFR 329.11, the width of the stream channel shall be defined by its bankfull elevation. Bankfull elevation is the level at which water begins to leave the channel and move into the floodplain (Rosgen, 1996) and is reached at a discharge which generally has a recurrence interval of 1 to 2 years on the annual flood series (Leopold et al., 1992). 
In the relatively few cases where we are designating lake habitats (e.g., Lake Ozette), we believe that the lateral extent may best be defined as the perimeter of the water body as displayed on standard 1:24,000 scale topographic maps or the elevation of ordinary high water, whichever is greater. In estuarine and nearshore marine areas we believe that extreme high water is the best descriptor of lateral extent. For nearshore marine areas we focused particular attention on the geographical area occupied by the Puget Sound ESUs (Chinook and Hood Canal summer-run chum salmon) because of the unique ecological setting and well-documented importance of the area's nearshore habitats to these species. We are designating the area inundated by extreme high tide because it encompasses habitat areas typically inundated and regularly occupied during the spring and summer when juvenile salmon are migrating in the nearshore zone and relying heavily on forage, cover, and refuge qualities provided by these occupied habitats. ",Pacific,"Oregon, Washington",,"Freshwater spawning sites with water quantity and quality conditions and substrate supporting spawning, incubation and larval development",1,0,0,0,0,,,designated,70 FR 52630,9/2/2005,https://www.federalregister.gov/documents/2005/09/02/05-16391/endangered-and-threatened-species-designation-of-critical-habitat-for-12-evolutionarily-significant,,,,1,0,0,0,1,1,0,0,1,0,0,0,0,1,1,0,1,0,1,0,1,0,0,0,0,0,6,,Freshwater spawning sites with water quantity and quality conditions and substrate
232,Steelhead,Upper Willamette River DPS,1,"lake, riverine, and estuarine habitat in Washington, Oregon
...we are proposing to define the lateral extent of designated critical habitat as the width of the stream channel defined by the ordinary high-water line as defined by the U.S. Army Corps of Engineers (COE) in 33 CFR 329.11. This approach is consistent with the specific mapping requirements described in agency regulations at 50 CFR 424.12(c). In areas for which ordinary high-water has not been defined pursuant to 33 CFR 329.11, the width of the stream channel shall be defined by its bankfull elevation. Bankfull elevation is the level at which water begins to leave the channel and move into the floodplain (Rosgen, 1996) and is reached at a discharge which generally has a recurrence interval of 1 to 2 years on the annual flood series (Leopold et al., 1992). 
In the relatively few cases where we are designating lake habitats (e.g., Lake Ozette), we believe that the lateral extent may best be defined as the perimeter of the water body as displayed on standard 1:24,000 scale topographic maps or the elevation of ordinary high water, whichever is greater. In estuarine and nearshore marine areas we believe that extreme high water is the best descriptor of lateral extent. For nearshore marine areas we focused particular attention on the geographical area occupied by the Puget Sound ESUs (Chinook and Hood Canal summer-run chum salmon) because of the unique ecological setting and well-documented importance of the area's nearshore habitats to these species. We are designating the area inundated by extreme high tide because it encompasses habitat areas typically inundated and regularly occupied during the spring and summer when juvenile salmon are migrating in the nearshore zone and relying heavily on forage, cover, and refuge qualities provided by these occupied habitats. ",Pacific,"Oregon, Washington",,"Freshwater rearing sites with water quantity and floodplain connectivity to form and maintain physical habitat conditions and support juvenile growth and mobility; water quality and forage supporting juvenile development; and natural cover such as shade, submerged and overhanging large wood, log jams and beaver dams, aquatic vegetation, large rocks and boulders, side channels, and undercut banks",1,0,0,0,0,,,designated,70 FR 52630,9/2/2005,https://www.federalregister.gov/documents/2005/09/02/05-16391/endangered-and-threatened-species-designation-of-critical-habitat-for-12-evolutionarily-significant,,,,1,1,0,1,1,1,1,0,1,0,1,0,0,1,1,0,1,0,1,0,1,0,1,0,1,0,6,,"Freshwater rearing sites with water quantity, floodplain connectivity, water quality, forage, and natural cover"
233,Steelhead,Upper Willamette River DPS,1,"lake, riverine, and estuarine habitat in Washington, Oregon
...we are proposing to define the lateral extent of designated critical habitat as the width of the stream channel defined by the ordinary high-water line as defined by the U.S. Army Corps of Engineers (COE) in 33 CFR 329.11. This approach is consistent with the specific mapping requirements described in agency regulations at 50 CFR 424.12(c). In areas for which ordinary high-water has not been defined pursuant to 33 CFR 329.11, the width of the stream channel shall be defined by its bankfull elevation. Bankfull elevation is the level at which water begins to leave the channel and move into the floodplain (Rosgen, 1996) and is reached at a discharge which generally has a recurrence interval of 1 to 2 years on the annual flood series (Leopold et al., 1992). 
In the relatively few cases where we are designating lake habitats (e.g., Lake Ozette), we believe that the lateral extent may best be defined as the perimeter of the water body as displayed on standard 1:24,000 scale topographic maps or the elevation of ordinary high water, whichever is greater. In estuarine and nearshore marine areas we believe that extreme high water is the best descriptor of lateral extent. For nearshore marine areas we focused particular attention on the geographical area occupied by the Puget Sound ESUs (Chinook and Hood Canal summer-run chum salmon) because of the unique ecological setting and well-documented importance of the area's nearshore habitats to these species. We are designating the area inundated by extreme high tide because it encompasses habitat areas typically inundated and regularly occupied during the spring and summer when juvenile salmon are migrating in the nearshore zone and relying heavily on forage, cover, and refuge qualities provided by these occupied habitats. ",Pacific,"Oregon, Washington",,"Freshwater migration corridors free of obstruction with water quantity and quality conditions and natural cover such as submerged and overhanging large wood, aquatic vegetation, large rocks and boulders, side channels, and undercut banks supporting juvenile and adult mobility and survival. ",1,0,0,0,0,,,designated,70 FR 52630,9/2/2005,https://www.federalregister.gov/documents/2005/09/02/05-16391/endangered-and-threatened-species-designation-of-critical-habitat-for-12-evolutionarily-significant,,,,1,1,0,0,1,1,1,0,0,1,1,0,0,1,1,0,1,0,1,0,1,0,1,0,1,0,6,,Freshwater migration corridors free of obstruction with water quantity and quality conditions and natural cover
234,Steelhead,Upper Willamette River DPS,1,"lake, riverine, and estuarine habitat in Washington, Oregon
...we are proposing to define the lateral extent of designated critical habitat as the width of the stream channel defined by the ordinary high-water line as defined by the U.S. Army Corps of Engineers (COE) in 33 CFR 329.11. This approach is consistent with the specific mapping requirements described in agency regulations at 50 CFR 424.12(c). In areas for which ordinary high-water has not been defined pursuant to 33 CFR 329.11, the width of the stream channel shall be defined by its bankfull elevation. Bankfull elevation is the level at which water begins to leave the channel and move into the floodplain (Rosgen, 1996) and is reached at a discharge which generally has a recurrence interval of 1 to 2 years on the annual flood series (Leopold et al., 1992). 
In the relatively few cases where we are designating lake habitats (e.g., Lake Ozette), we believe that the lateral extent may best be defined as the perimeter of the water body as displayed on standard 1:24,000 scale topographic maps or the elevation of ordinary high water, whichever is greater. In estuarine and nearshore marine areas we believe that extreme high water is the best descriptor of lateral extent. For nearshore marine areas we focused particular attention on the geographical area occupied by the Puget Sound ESUs (Chinook and Hood Canal summer-run chum salmon) because of the unique ecological setting and well-documented importance of the area's nearshore habitats to these species. We are designating the area inundated by extreme high tide because it encompasses habitat areas typically inundated and regularly occupied during the spring and summer when juvenile salmon are migrating in the nearshore zone and relying heavily on forage, cover, and refuge qualities provided by these occupied habitats. ",Pacific,"Oregon, Washington",,"Estuarine areas free of obstruction with water quality, water quantity, and salinity conditions supporting juvenile and adult physiological transitions between fresh- and saltwater; natural cover such as submerged and overhanging large wood, aquatic vegetation, large rocks and boulders, and side channels; and juvenile and adult forage, including aquatic invertebrates and fishes, supporting growth and maturation. ",0,1,0,0,0,,,designated,70 FR 52630,9/2/2005,https://www.federalregister.gov/documents/2005/09/02/05-16391/endangered-and-threatened-species-designation-of-critical-habitat-for-12-evolutionarily-significant,,,,1,1,1,1,1,1,1,0,1,1,1,0,0,1,0,1,0,0,0,0,1,0,1,0,0,0,6,,"Estuarine areas free of obstruction with water quality, water quantity, and salinity conditions; natural cover; and juvenile and adult forage"
235,Steelhead,Upper Willamette River DPS,0,"lake, riverine, and estuarine habitat in Washington, Oregon
...we are proposing to define the lateral extent of designated critical habitat as the width of the stream channel defined by the ordinary high-water line as defined by the U.S. Army Corps of Engineers (COE) in 33 CFR 329.11. This approach is consistent with the specific mapping requirements described in agency regulations at 50 CFR 424.12(c). In areas for which ordinary high-water has not been defined pursuant to 33 CFR 329.11, the width of the stream channel shall be defined by its bankfull elevation. Bankfull elevation is the level at which water begins to leave the channel and move into the floodplain (Rosgen, 1996) and is reached at a discharge which generally has a recurrence interval of 1 to 2 years on the annual flood series (Leopold et al., 1992). 
In the relatively few cases where we are designating lake habitats (e.g., Lake Ozette), we believe that the lateral extent may best be defined as the perimeter of the water body as displayed on standard 1:24,000 scale topographic maps or the elevation of ordinary high water, whichever is greater. In estuarine and nearshore marine areas we believe that extreme high water is the best descriptor of lateral extent. For nearshore marine areas we focused particular attention on the geographical area occupied by the Puget Sound ESUs (Chinook and Hood Canal summer-run chum salmon) because of the unique ecological setting and well-documented importance of the area's nearshore habitats to these species. We are designating the area inundated by extreme high tide because it encompasses habitat areas typically inundated and regularly occupied during the spring and summer when juvenile salmon are migrating in the nearshore zone and relying heavily on forage, cover, and refuge qualities provided by these occupied habitats. ",NA,NA,,"Nearshore marine areas free of obstruction with water quality and quantity conditions and forage, including aquatic invertebrates and fishes, supporting growth and maturation; and natural cover such as submerged and overhanging large wood, aquatic vegetation, large rocks and boulders, and side channels. ",0,0,1,1,NA,NA,,designated,70 FR 52630,9/2/2005,https://www.federalregister.gov/documents/2005/09/02/05-16391/endangered-and-threatened-species-designation-of-critical-habitat-for-12-evolutionarily-significant,,,,1,1,0,1,1,1,1,0,1,1,1,0,0,1,0,0,0,0,0,0,1,0,1,0,1,0,6,No quantity of nearshore marine habitat designated,"Nearshore marine areas free of obstruction with water quality and quantity conditions, forage, and natural cover"
236,Steelhead,Upper Willamette River DPS,0,"lake, riverine, and estuarine habitat in Washington, Oregon
...we are proposing to define the lateral extent of designated critical habitat as the width of the stream channel defined by the ordinary high-water line as defined by the U.S. Army Corps of Engineers (COE) in 33 CFR 329.11. This approach is consistent with the specific mapping requirements described in agency regulations at 50 CFR 424.12(c). In areas for which ordinary high-water has not been defined pursuant to 33 CFR 329.11, the width of the stream channel shall be defined by its bankfull elevation. Bankfull elevation is the level at which water begins to leave the channel and move into the floodplain (Rosgen, 1996) and is reached at a discharge which generally has a recurrence interval of 1 to 2 years on the annual flood series (Leopold et al., 1992). 
In the relatively few cases where we are designating lake habitats (e.g., Lake Ozette), we believe that the lateral extent may best be defined as the perimeter of the water body as displayed on standard 1:24,000 scale topographic maps or the elevation of ordinary high water, whichever is greater. In estuarine and nearshore marine areas we believe that extreme high water is the best descriptor of lateral extent. For nearshore marine areas we focused particular attention on the geographical area occupied by the Puget Sound ESUs (Chinook and Hood Canal summer-run chum salmon) because of the unique ecological setting and well-documented importance of the area's nearshore habitats to these species. We are designating the area inundated by extreme high tide because it encompasses habitat areas typically inundated and regularly occupied during the spring and summer when juvenile salmon are migrating in the nearshore zone and relying heavily on forage, cover, and refuge qualities provided by these occupied habitats. ",NA,NA,,"Offshore marine areas with water quality conditions and forage, including aquatic invertebrates and fishes, supporting growth and maturation. ",0,0,1,0,NA,NA,,designated,70 FR 52630,9/2/2005,https://www.federalregister.gov/documents/2005/09/02/05-16391/endangered-and-threatened-species-designation-of-critical-habitat-for-12-evolutionarily-significant,,,,1,0,0,1,0,0,0,0,1,0,0,0,0,1,0,0,0,0,0,0,0,0,0,0,0,0,6,No specific areas designated based on this PCE ,Offshore marine areas with water quality conditions and forage
237,Coho Salmon,Oregon Coast ESU,,"Oregon Coast
We are designating approximately 6,568 stream miles (10,570 km) and 15 square miles (38.8 sq km) of lake habitat within the geographical area presently occupied by the Oregon Coast coho ESU (see Table 2). 
To address these issues we have defined the lateral extent of designated critical habitat as the width of the stream channel defined by the ordinary high-water line as defined by the USACE in 33 CFR 329.11. ... In areas for which ordinary high-water has not been defined pursuant to 33 CFR 329.11, the width of the stream channel shall be defined by its bankfull elevation. Bankfull elevation is the level at which water begins to leave the channel and move into the floodplain (Rosgen, 1996) and is reached at a discharge which generally has a recurrence interval of 1 to 2 years on the annual flood series (Leopold et al., 1992).
In the relatively few cases where we are designating lake habitats (e.g., Devils, Siltcoos, Tahkenitch, Sand, and Tenmile lakes), we believe that the lateral extent may best be defined as the perimeter of the water body as displayed on standard 1:24,000 scale topographic maps or the elevation of ordinary high water, whichever is greater. In estuarine areas we believe that extreme high water is the best descriptor of lateral extent. ",Pacific,Oregon,,"Freshwater spawning sites with water quantity and quality conditions and substrate supporting spawning, incubation and larval development",1,0,0,0,0,,,designated,73 FR 7816,2/11/2008,https://www.federalregister.gov/documents/2008/02/11/08-552/endangered-and-threatened-species-final-threatened-listing-determination-final-protective,,,,1,0,0,0,1,1,0,0,1,0,0,0,0,1,1,0,1,0,1,0,1,0,0,0,0,0,6,,Freshwater spawning sites with water quantity and quality conditions and substrate
238,Coho Salmon,Oregon Coast ESU,,"Oregon Coast
We are designating approximately 6,568 stream miles (10,570 km) and 15 square miles (38.8 sq km) of lake habitat within the geographical area presently occupied by the Oregon Coast coho ESU (see Table 2). 
To address these issues we have defined the lateral extent of designated critical habitat as the width of the stream channel defined by the ordinary high-water line as defined by the USACE in 33 CFR 329.11. ... In areas for which ordinary high-water has not been defined pursuant to 33 CFR 329.11, the width of the stream channel shall be defined by its bankfull elevation. Bankfull elevation is the level at which water begins to leave the channel and move into the floodplain (Rosgen, 1996) and is reached at a discharge which generally has a recurrence interval of 1 to 2 years on the annual flood series (Leopold et al., 1992).
In the relatively few cases where we are designating lake habitats (e.g., Devils, Siltcoos, Tahkenitch, Sand, and Tenmile lakes), we believe that the lateral extent may best be defined as the perimeter of the water body as displayed on standard 1:24,000 scale topographic maps or the elevation of ordinary high water, whichever is greater. In estuarine areas we believe that extreme high water is the best descriptor of lateral extent. ",Pacific,Oregon,,"Freshwater rearing sites with water quantity and floodplain connectivity to form and maintain physical habitat conditions and support juvenile growth and mobility; water quality and forage supporting juvenile development; and natural cover such as shade, submerged and overhanging large wood, log jams and beaver dams, aquatic vegetation, large rocks and boulders, side channels, and undercut banks",1,0,0,0,0,,,designated,73 FR 7816,2/11/2008,https://www.federalregister.gov/documents/2008/02/11/08-552/endangered-and-threatened-species-final-threatened-listing-determination-final-protective,,,,1,1,0,1,1,1,1,0,1,0,1,0,0,1,1,0,1,0,1,0,1,0,1,0,1,0,6,,"Freshwater rearing sites with water quantity, floodplain connectivity, water quality, forage, and natural cover"
239,Coho Salmon,Oregon Coast ESU,,"Oregon Coast
We are designating approximately 6,568 stream miles (10,570 km) and 15 square miles (38.8 sq km) of lake habitat within the geographical area presently occupied by the Oregon Coast coho ESU (see Table 2). 
To address these issues we have defined the lateral extent of designated critical habitat as the width of the stream channel defined by the ordinary high-water line as defined by the USACE in 33 CFR 329.11. ... In areas for which ordinary high-water has not been defined pursuant to 33 CFR 329.11, the width of the stream channel shall be defined by its bankfull elevation. Bankfull elevation is the level at which water begins to leave the channel and move into the floodplain (Rosgen, 1996) and is reached at a discharge which generally has a recurrence interval of 1 to 2 years on the annual flood series (Leopold et al., 1992).
In the relatively few cases where we are designating lake habitats (e.g., Devils, Siltcoos, Tahkenitch, Sand, and Tenmile lakes), we believe that the lateral extent may best be defined as the perimeter of the water body as displayed on standard 1:24,000 scale topographic maps or the elevation of ordinary high water, whichever is greater. In estuarine areas we believe that extreme high water is the best descriptor of lateral extent. ",Pacific,Oregon,,"Freshwater migration corridors free of obstruction with water quantity and quality conditions and natural cover such as submerged and overhanging large wood, aquatic vegetation, large rocks and boulders, side channels, and undercut banks supporting juvenile and adult mobility and survival. ",1,0,0,0,0,,,designated,73 FR 7816,2/11/2008,https://www.federalregister.gov/documents/2008/02/11/08-552/endangered-and-threatened-species-final-threatened-listing-determination-final-protective,,,,1,1,0,0,1,1,1,0,0,1,1,0,0,1,1,0,1,0,1,0,1,0,1,0,1,0,6,,Freshwater migration corridors free of obstruction with water quantity and quality conditions and natural cover
240,Coho Salmon,Oregon Coast ESU,,"Oregon Coast
We are designating approximately 6,568 stream miles (10,570 km) and 15 square miles (38.8 sq km) of lake habitat within the geographical area presently occupied by the Oregon Coast coho ESU (see Table 2). 
To address these issues we have defined the lateral extent of designated critical habitat as the width of the stream channel defined by the ordinary high-water line as defined by the USACE in 33 CFR 329.11. ... In areas for which ordinary high-water has not been defined pursuant to 33 CFR 329.11, the width of the stream channel shall be defined by its bankfull elevation. Bankfull elevation is the level at which water begins to leave the channel and move into the floodplain (Rosgen, 1996) and is reached at a discharge which generally has a recurrence interval of 1 to 2 years on the annual flood series (Leopold et al., 1992).
In the relatively few cases where we are designating lake habitats (e.g., Devils, Siltcoos, Tahkenitch, Sand, and Tenmile lakes), we believe that the lateral extent may best be defined as the perimeter of the water body as displayed on standard 1:24,000 scale topographic maps or the elevation of ordinary high water, whichever is greater. In estuarine areas we believe that extreme high water is the best descriptor of lateral extent. ",Pacific,Oregon,,"Estuarine areas free of obstruction with water quality, water quantity, and salinity conditions supporting juvenile and adult physiological transitions between fresh- and saltwater; natural cover such as submerged and overhanging large wood, aquatic vegetation, large rocks and boulders, and side channels; and juvenile and adult forage, including aquatic invertebrates and fishes, supporting growth and maturation. ",0,1,0,0,0,,,designated,73 FR 7816,2/11/2008,https://www.federalregister.gov/documents/2008/02/11/08-552/endangered-and-threatened-species-final-threatened-listing-determination-final-protective,,,,1,1,1,1,1,1,1,0,1,1,1,0,0,1,0,1,0,0,0,0,1,0,1,0,0,0,6,,"Estuarine areas free of obstruction with water quality, water quantity, and salinity conditions; natural cover; and juvenile and adult forage"
241,Coho Salmon,Oregon Coast ESU,0,"Oregon Coast
We are designating approximately 6,568 stream miles (10,570 km) and 15 square miles (38.8 sq km) of lake habitat within the geographical area presently occupied by the Oregon Coast coho ESU (see Table 2). 
To address these issues we have defined the lateral extent of designated critical habitat as the width of the stream channel defined by the ordinary high-water line as defined by the USACE in 33 CFR 329.11. ... In areas for which ordinary high-water has not been defined pursuant to 33 CFR 329.11, the width of the stream channel shall be defined by its bankfull elevation. Bankfull elevation is the level at which water begins to leave the channel and move into the floodplain (Rosgen, 1996) and is reached at a discharge which generally has a recurrence interval of 1 to 2 years on the annual flood series (Leopold et al., 1992).
In the relatively few cases where we are designating lake habitats (e.g., Devils, Siltcoos, Tahkenitch, Sand, and Tenmile lakes), we believe that the lateral extent may best be defined as the perimeter of the water body as displayed on standard 1:24,000 scale topographic maps or the elevation of ordinary high water, whichever is greater. In estuarine areas we believe that extreme high water is the best descriptor of lateral extent. ",NA,NA,,"Nearshore marine areas free of obstruction with water quality and quantity conditions and forage, including aquatic invertebrates and fishes, supporting growth and maturation; and natural cover such as submerged and overhanging large wood, aquatic vegetation, large rocks and boulders, and side channels. ",0,0,1,1,NA,NA,,designated,73 FR 7816,2/11/2008,https://www.federalregister.gov/documents/2008/02/11/08-552/endangered-and-threatened-species-final-threatened-listing-determination-final-protective,,,,1,1,0,1,1,1,1,0,1,1,1,0,0,1,0,0,0,0,0,0,1,0,1,0,1,0,6,No quantity of nearshore marine habitat designated,"Nearshore marine areas free of obstruction with water quality and quantity conditions, forage, and natural cover"
242,Coho Salmon,Oregon Coast ESU,0,"Oregon Coast
We are designating approximately 6,568 stream miles (10,570 km) and 15 square miles (38.8 sq km) of lake habitat within the geographical area presently occupied by the Oregon Coast coho ESU (see Table 2). 
To address these issues we have defined the lateral extent of designated critical habitat as the width of the stream channel defined by the ordinary high-water line as defined by the USACE in 33 CFR 329.11. ... In areas for which ordinary high-water has not been defined pursuant to 33 CFR 329.11, the width of the stream channel shall be defined by its bankfull elevation. Bankfull elevation is the level at which water begins to leave the channel and move into the floodplain (Rosgen, 1996) and is reached at a discharge which generally has a recurrence interval of 1 to 2 years on the annual flood series (Leopold et al., 1992).
In the relatively few cases where we are designating lake habitats (e.g., Devils, Siltcoos, Tahkenitch, Sand, and Tenmile lakes), we believe that the lateral extent may best be defined as the perimeter of the water body as displayed on standard 1:24,000 scale topographic maps or the elevation of ordinary high water, whichever is greater. In estuarine areas we believe that extreme high water is the best descriptor of lateral extent. ",NA,NA,,"Offshore marine areas with water quality conditions and forage, including aquatic invertebrates and fishes, supporting growth and maturation. ",0,0,1,0,NA,NA,,designated,73 FR 7816,2/11/2008,https://www.federalregister.gov/documents/2008/02/11/08-552/endangered-and-threatened-species-final-threatened-listing-determination-final-protective,,,,1,0,0,1,0,0,0,0,1,0,0,0,0,1,0,0,0,0,0,0,0,0,0,0,0,0,6,No specific areas designated based on this PCE ,Offshore marine areas with water quality conditions and forage
243,Coho Salmon,Lower Columbia River ESU,,"The specific areas designated for lower Columbia River coho include approximately 2,300 mi (3,701 km) of freshwater and estuarine habitat in Oregon and Washington.",Pacific,"Oregon, Washington",,"Freshwater spawning sites with water quantity and quality conditions and substrate supporting spawning, incubation and larval development",1,0,0,0,0,,,designated,81 FR 9252,2/24/2016,https://www.federalregister.gov/articles/2016/02/24/2016-03409/endangered-and-threatened-species-designation-of-critical-habitat-for-lower-columbia-river-coho,,,,1,0,0,0,1,1,0,0,1,0,0,0,0,1,1,0,1,0,1,0,1,0,0,0,0,0,6,,Freshwater spawning sites with water quantity and quality conditions and substrate
244,Coho Salmon,Lower Columbia River ESU,,"The specific areas designated for lower Columbia River coho include approximately 2,300 mi (3,701 km) of freshwater and estuarine habitat in Oregon and Washington.",Pacific,"Oregon, Washington",,"Freshwater rearing sites with water quantity and floodplain connectivity to form and maintain physical habitat conditions and support juvenile growth and mobility; water quality and forage supporting juvenile development; and natural cover such as shade, submerged and overhanging large wood, log jams and beaver dams, aquatic vegetation, large rocks and boulders, side channels, and undercut banks",1,0,0,0,0,,,designated,81 FR 9252,2/24/2016,https://www.federalregister.gov/articles/2016/02/24/2016-03409/endangered-and-threatened-species-designation-of-critical-habitat-for-lower-columbia-river-coho,,,,1,1,0,1,1,1,1,0,1,0,1,0,0,1,1,0,1,0,1,0,1,0,1,0,1,0,6,,"Freshwater rearing sites with water quantity, floodplain connectivity, water quality, forage, and natural cover"
245,Coho Salmon,Lower Columbia River ESU,,"The specific areas designated for lower Columbia River coho include approximately 2,300 mi (3,701 km) of freshwater and estuarine habitat in Oregon and Washington.",Pacific,"Oregon, Washington",,"Freshwater migration corridors free of obstruction with water quantity and quality conditions and natural cover such as submerged and overhanging large wood, aquatic vegetation, large rocks and boulders, side channels, and undercut banks supporting juvenile and adult mobility and survival. ",1,0,0,0,0,,,designated,81 FR 9252,2/24/2016,https://www.federalregister.gov/articles/2016/02/24/2016-03409/endangered-and-threatened-species-designation-of-critical-habitat-for-lower-columbia-river-coho,,,,1,1,0,0,1,1,1,0,0,1,1,0,0,1,1,0,1,0,1,0,1,0,1,0,1,0,6,,Freshwater migration corridors free of obstruction with water quantity and quality conditions and natural cover
246,Coho Salmon,Lower Columbia River ESU,,"The specific areas designated for lower Columbia River coho include approximately 2,300 mi (3,701 km) of freshwater and estuarine habitat in Oregon and Washington.",Pacific,"Oregon, Washington",,"Estuarine areas free of obstruction with water quality, water quantity, and salinity conditions supporting juvenile and adult physiological transitions between fresh- and saltwater; natural cover such as submerged and overhanging large wood, aquatic vegetation, large rocks and boulders, and side channels; and juvenile and adult forage, including aquatic invertebrates and fishes, supporting growth and maturation. ",0,1,0,0,0,,,designated,81 FR 9252,2/24/2016,https://www.federalregister.gov/articles/2016/02/24/2016-03409/endangered-and-threatened-species-designation-of-critical-habitat-for-lower-columbia-river-coho,,,,1,1,1,1,1,1,1,0,1,1,1,0,0,1,0,1,0,0,0,0,1,0,1,0,0,0,6,,"Estuarine areas free of obstruction with water quality, water quantity, and salinity conditions; natural cover; and juvenile and adult forage"
247,Coho Salmon,Lower Columbia River ESU,0,"The specific areas designated for lower Columbia River coho include approximately 2,300 mi (3,701 km) of freshwater and estuarine habitat in Oregon and Washington.",NA,NA,,"Nearshore marine areas free of obstruction with water quality and quantity conditions and forage, including aquatic invertebrates and fishes, supporting growth and maturation; and natural cover such as submerged and overhanging large wood, aquatic vegetation, large rocks and boulders, and side channels. ",0,0,1,1,NA,NA,,designated,81 FR 9252,2/24/2016,https://www.federalregister.gov/articles/2016/02/24/2016-03409/endangered-and-threatened-species-designation-of-critical-habitat-for-lower-columbia-river-coho,,,,1,1,0,1,1,1,1,0,1,1,1,0,0,1,0,0,0,0,0,0,1,0,1,0,1,0,6,No quantity of nearshore marine habitat designated,"Nearshore marine areas free of obstruction with water quality and quantity conditions, forage, and natural cover"
248,Coho Salmon,Lower Columbia River ESU,0,"The specific areas designated for lower Columbia River coho include approximately 2,300 mi (3,701 km) of freshwater and estuarine habitat in Oregon and Washington.",NA,NA,,"Offshore marine areas with water quality conditions and forage, including aquatic invertebrates and fishes, supporting growth and maturation. ",0,0,1,0,NA,NA,,designated,81 FR 9252,2/24/2016,https://www.federalregister.gov/articles/2016/02/24/2016-03409/endangered-and-threatened-species-designation-of-critical-habitat-for-lower-columbia-river-coho,,,,1,0,0,1,0,0,0,0,1,0,0,0,0,1,0,0,0,0,0,0,0,0,0,0,0,0,6,No specific areas designated based on this PCE ,Offshore marine areas with water quality conditions and forage
249,Steelhead,Puget Sound DPS,,"The specific areas designated for Puget Sound steelhead include approximately 2,031 mi (3,269 km) of freshwater and estuarine habitat in Puget Sound, WA.",Pacific,Washington,,"Freshwater spawning sites with water quantity and quality conditions and substrate supporting spawning, incubation and larval development",1,0,0,0,0,,,designated,81 FR 9252,2/24/2016,https://www.federalregister.gov/articles/2016/02/24/2016-03409/endangered-and-threatened-species-designation-of-critical-habitat-for-lower-columbia-river-coho,,,,1,0,0,0,1,1,0,0,1,0,0,0,0,1,1,0,1,0,1,0,1,0,0,0,0,0,6,,Freshwater spawning sites with water quantity and quality conditions and substrate
250,Steelhead,Puget Sound DPS,,"The specific areas designated for Puget Sound steelhead include approximately 2,031 mi (3,269 km) of freshwater and estuarine habitat in Puget Sound, WA.",Pacific,Washington,,"Freshwater rearing sites with water quantity and floodplain connectivity to form and maintain physical habitat conditions and support juvenile growth and mobility; water quality and forage supporting juvenile development; and natural cover such as shade, submerged and overhanging large wood, log jams and beaver dams, aquatic vegetation, large rocks and boulders, side channels, and undercut banks",1,0,0,0,0,,,designated,81 FR 9252,2/24/2016,https://www.federalregister.gov/articles/2016/02/24/2016-03409/endangered-and-threatened-species-designation-of-critical-habitat-for-lower-columbia-river-coho,,,,1,1,0,1,1,1,1,0,1,0,1,0,0,1,1,0,1,0,1,0,1,0,1,0,1,0,6,,"Freshwater rearing sites with water quantity, floodplain connectivity, water quality, forage, and natural cover"
251,Steelhead,Puget Sound DPS,,"The specific areas designated for Puget Sound steelhead include approximately 2,031 mi (3,269 km) of freshwater and estuarine habitat in Puget Sound, WA.",Pacific,Washington,,"Freshwater migration corridors free of obstruction with water quantity and quality conditions and natural cover such as submerged and overhanging large wood, aquatic vegetation, large rocks and boulders, side channels, and undercut banks supporting juvenile and adult mobility and survival. ",1,0,0,0,0,,,designated,81 FR 9252,2/24/2016,https://www.federalregister.gov/articles/2016/02/24/2016-03409/endangered-and-threatened-species-designation-of-critical-habitat-for-lower-columbia-river-coho,,,,1,1,0,0,1,1,1,0,0,1,1,0,0,1,1,0,1,0,1,0,1,0,1,0,1,0,6,,Freshwater migration corridors free of obstruction with water quantity and quality conditions and natural cover
252,Steelhead,Puget Sound DPS,,"The specific areas designated for Puget Sound steelhead include approximately 2,031 mi (3,269 km) of freshwater and estuarine habitat in Puget Sound, WA.",Pacific,Washington,,"Estuarine areas free of obstruction with water quality, water quantity, and salinity conditions supporting juvenile and adult physiological transitions between fresh- and saltwater; natural cover such as submerged and overhanging large wood, aquatic vegetation, large rocks and boulders, and side channels; and juvenile and adult forage, including aquatic invertebrates and fishes, supporting growth and maturation. ",0,1,0,0,0,,,designated,81 FR 9252,2/24/2016,https://www.federalregister.gov/articles/2016/02/24/2016-03409/endangered-and-threatened-species-designation-of-critical-habitat-for-lower-columbia-river-coho,,,,1,1,1,1,1,1,1,0,1,1,1,0,0,1,0,1,0,0,0,0,1,0,1,0,0,0,6,,"Estuarine areas free of obstruction with water quality, water quantity, and salinity conditions; natural cover; and juvenile and adult forage"
253,Steelhead,Puget Sound DPS,0,"The specific areas designated for Puget Sound steelhead include approximately 2,031 mi (3,269 km) of freshwater and estuarine habitat in Puget Sound, WA.",NA,NA,,"Nearshore marine areas free of obstruction with water quality and quantity conditions and forage, including aquatic invertebrates and fishes, supporting growth and maturation; and natural cover such as submerged and overhanging large wood, aquatic vegetation, large rocks and boulders, and side channels. ",0,0,1,1,NA,NA,,designated,81 FR 9252,2/24/2016,https://www.federalregister.gov/articles/2016/02/24/2016-03409/endangered-and-threatened-species-designation-of-critical-habitat-for-lower-columbia-river-coho,,,,1,1,0,1,1,1,1,0,1,1,1,0,0,1,0,0,0,0,0,0,1,0,1,0,1,0,6,No quantity of nearshore marine habitat designated,"Nearshore marine areas free of obstruction with water quality and quantity conditions, forage, and natural cover"
254,Steelhead,Puget Sound DPS,0,"The specific areas designated for Puget Sound steelhead include approximately 2,031 mi (3,269 km) of freshwater and estuarine habitat in Puget Sound, WA.",NA,NA,,"Offshore marine areas with water quality conditions and forage, including aquatic invertebrates and fishes, supporting growth and maturation. ",0,0,1,0,NA,NA,,designated,81 FR 9252,2/24/2016,https://www.federalregister.gov/articles/2016/02/24/2016-03409/endangered-and-threatened-species-designation-of-critical-habitat-for-lower-columbia-river-coho,,,,1,0,0,1,0,0,0,0,1,0,0,0,0,1,0,0,0,0,0,0,0,0,0,0,0,0,6,No specific areas designated based on this PCE ,Offshore marine areas with water quality conditions and forage
255,North Pacific Right Whale,,,"North Pacific Ocean
an area of the Southeastern Bering Sea and an area south of Kodiak Island in the Gulf of Alaska",Pacific,Alaska,,"Nutrients, physical oceanography processes, certain species of zooplankton (copepods), and long photo-period due to the high latitude",0,0,1,0,1,1,,designated,73 FR 19000,4/8/2008,https://www.federalregister.gov/documents/2008/04/08/E8-7233/endangered-and-threatened-species-designation-of-critical-habitat-for-north-pacific-right-whale,,,,1,0,1,1,0,0,0,0,0,0,0,0,0,1,0,0,0,1,0,0,0,0,0,0,1,0,1,,"Nutrients, physical oceanography processes, certain species of zooplankton (copepods), and long photo-period due to the high latitude"
256,Elkhorn Coral,,,"Florida, Puerto Rico, and the U.S.V.I. 
Four specific areas are designated: the Florida area, which comprises approximately 1,329 square miles (3,442 sq km) of marine habitat; the Puerto Rico area, which comprises approximately 1,383 square miles (3,582 sq km) of marine habitat; the St. John/St. Thomas area, which comprises approximately 121 square miles (313 sq km) of marine habitat; and the St. Croix area, which comprises approximately 126 square miles (326 sq km) of marine habitat.","Atlantic, Caribbean, Gulf of America","Florida, Puerto Rico, USVI",,"Substrate of suitable quality and availability to support successful larval settlement and recruitment, and reattachment and recruitment of fragments",0,0,1,0,1,1,,designated,73 FR 72210,11/26/2008,https://www.federalregister.gov/documents/2008/11/26/E8-27748/endangered-and-threatened-species-critical-habitat-for-threatened-elkhorn-and-staghorn-corals,,,,0,0,0,0,1,1,0,0,0,0,0,0,0,0,0,0,0,0,1,0,0,0,0,0,0,0,1,,Substrate of suitable quality and availability
257,Staghorn Coral,,,"Florida, Puerto Rico, and the U.S.V.I. 
Four specific areas are designated: the Florida area, which comprises approximately 1,329 square miles (3,442 sq km) of marine habitat; the Puerto Rico area, which comprises approximately 1,383 square miles (3,582 sq km) of marine habitat; the St. John/St. Thomas area, which comprises approximately 121 square miles (313 sq km) of marine habitat; and the St. Croix area, which comprises approximately 126 square miles (326 sq km) of marine habitat.","Atlantic, Caribbean, Gulf of America","Florida, Puerto Rico, USVI",,"Substrate of suitable quality and availability to support successful larval settlement and recruitment, and reattachment and recruitment of fragments",0,0,1,0,1,1,,designated,73 FR 72210,11/26/2008,https://www.federalregister.gov/documents/2008/11/26/E8-27748/endangered-and-threatened-species-critical-habitat-for-threatened-elkhorn-and-staghorn-corals,,,,0,0,0,0,1,1,0,0,0,0,0,0,0,0,0,0,0,0,1,0,0,0,0,0,0,0,1,,Substrate of suitable quality and availability
258,Atlantic Salmon,Gulf of Maine DPS,,"Maine; approximately 19,571 km of perennial river, stream, and estuary habitat and 799 square km of lake habitat within the range of the GOM DPS",Atlantic,Maine,Spawning and rearing,"Deep, oxygenated pools and cover (e.g., boulders, woody debris, vegetation, etc.), near freshwater spawning sites, necessary to support adult migrants during the summer while they await spawning in the fall",1,0,0,0,,,,designated,74 FR 29300,6/19/2009,https://www.federalregister.gov/documents/2009/06/19/E9-14268/endangered-and-threatened-species-designation-of-critical-habitat-for-atlantic-salmon-salmo-salar,74 FR 39903,8/10/2009,https://www.federalregister.gov/d/E9-19094,1,0,0,0,1,1,1,0,0,0,1,1,0,1,0,0,1,0,0,0,0,0,1,0,0,0,13,,"Deep, oxygenated pools and cover near freshwater spawning sites"
259,Atlantic Salmon,Gulf of Maine DPS,,"Maine; approximately 19,571 km of perennial river, stream, and estuary habitat and 799 square km of lake habitat within the range of the GOM DPS",Atlantic,Maine,Spawning and rearing,"Freshwater spawning sites that contain clean, permeable gravel and cobble substrate with oxygenated water and cool water temperatures to support spawning activity, egg incubation, and larval development. ",1,0,0,0,,,,designated,74 FR 29300,6/19/2009,https://www.federalregister.gov/documents/2009/06/19/E9-14268/endangered-and-threatened-species-designation-of-critical-habitat-for-atlantic-salmon-salmo-salar,74 FR 39903,8/10/2009,https://www.federalregister.gov/d/E9-19094,1,0,0,0,1,1,0,0,1,0,0,0,0,1,1,0,1,0,1,0,0,0,0,0,0,0,13,,"Freshwater spawning sites that contain clean, permeable gravel and cobble substrate with oxygenated water and cool water temperatures to support spawning activity, egg incubation, and larval development. "
260,Atlantic Salmon,Gulf of Maine DPS,,"Maine; approximately 19,571 km of perennial river, stream, and estuary habitat and 799 square km of lake habitat within the range of the GOM DPS",Atlantic,Maine,Spawning and rearing,"Freshwater spawning and rearing sites with clean, permeable gravel and cobble substrate with oxygenated water and cool water temperatures to support emergence, territorial development, and feeding activities of Atlantic salmon fry",1,0,0,0,1,1,,designated,74 FR 29300,6/19/2009,https://www.federalregister.gov/documents/2009/06/19/E9-14268/endangered-and-threatened-species-designation-of-critical-habitat-for-atlantic-salmon-salmo-salar,74 FR 39903,8/10/2009,https://www.federalregister.gov/d/E9-19094,1,0,0,0,1,1,0,0,1,0,0,0,0,1,1,0,1,0,1,0,0,0,0,0,0,0,13,,"Freshwater spawning and rearing sites with clean, permeable gravel and cobble substrate with oxygenated water and cool water temperatures to support emergence, territorial development, and feeding activities of Atlantic salmon fry"
261,Atlantic Salmon,Gulf of Maine DPS,,"Maine; approximately 19,571 km of perennial river, stream, and estuary habitat and 799 square km of lake habitat within the range of the GOM DPS",Atlantic,Maine,Spawning and rearing,Freshwater rearing sites with space to accommodate growth and survival of Atlantic salmon parr. ,1,0,0,0,1,1,,designated,74 FR 29300,6/19/2009,https://www.federalregister.gov/documents/2009/06/19/E9-14268/endangered-and-threatened-species-designation-of-critical-habitat-for-atlantic-salmon-salmo-salar,74 FR 39903,8/10/2009,https://www.federalregister.gov/d/E9-19094,1,0,0,0,0,0,0,0,0,0,0,0,1,0,0,0,0,0,0,0,0,0,0,0,0,0,13,,Freshwater rearing sites with space to accommodate growth and survival of Atlantic salmon parr. 
262,Atlantic Salmon,Gulf of Maine DPS,,"Maine; approximately 19,571 km of perennial river, stream, and estuary habitat and 799 square km of lake habitat within the range of the GOM DPS",Atlantic,Maine,Spawning and rearing,"Freshwater rearing sites with a combination of river, stream, and lake habitats that accommodate parr's ability to occupy many niches and maximize parr production. ",1,0,0,0,1,1,,designated,74 FR 29300,6/19/2009,https://www.federalregister.gov/documents/2009/06/19/E9-14268/endangered-and-threatened-species-designation-of-critical-habitat-for-atlantic-salmon-salmo-salar,74 FR 39903,8/10/2009,https://www.federalregister.gov/d/E9-19094,1,0,0,0,0,0,0,0,0,0,0,0,0,0,0,0,0,0,0,0,0,0,0,0,0,1,13,,"Freshwater rearing sites with a combination of river, stream, and lake habitats"
263,Atlantic Salmon,Gulf of Maine DPS,,"Maine; approximately 19,571 km of perennial river, stream, and estuary habitat and 799 square km of lake habitat within the range of the GOM DPS",Atlantic,Maine,Spawning and rearing,"Freshwater rearing sites with cool, oxygenated water to support growth and survival of Atlantic salmon parr",1,0,0,0,1,1,,designated,74 FR 29300,6/19/2009,https://www.federalregister.gov/documents/2009/06/19/E9-14268/endangered-and-threatened-species-designation-of-critical-habitat-for-atlantic-salmon-salmo-salar,74 FR 39903,8/10/2009,https://www.federalregister.gov/d/E9-19094,1,0,0,0,0,0,0,0,0,0,0,0,0,1,1,0,1,0,0,0,0,0,0,0,0,0,13,,"Freshwater rearing sites with cool, oxygenated water"
264,Atlantic Salmon,Gulf of Maine DPS,,"Maine; approximately 19,571 km of perennial river, stream, and estuary habitat and 799 square km of lake habitat within the range of the GOM DPS",Atlantic,Maine,Spawning and rearing,Freshwater rearing sites with diverse food resources to support growth and survival of Atlantic salmon parr,1,0,0,0,1,1,,designated,74 FR 29300,6/19/2009,https://www.federalregister.gov/documents/2009/06/19/E9-14268/endangered-and-threatened-species-designation-of-critical-habitat-for-atlantic-salmon-salmo-salar,74 FR 39903,8/10/2009,https://www.federalregister.gov/d/E9-19094,1,0,0,1,0,0,0,0,0,0,0,0,0,0,0,0,0,0,0,0,0,0,0,0,0,0,13,,Freshwater rearing sites with diverse food resources
265,Atlantic Salmon,Gulf of Maine DPS,,"Maine; approximately 19,571 km of perennial river, stream, and estuary habitat and 799 square km of lake habitat within the range of the GOM DPS",Atlantic,Maine,Migration,Freshwater and estuary migratory sites free from physical and biological barriers that delay or prevent access of adult salmon seeking spawning grounds needed to support recovered populations,1,1,0,0,1,1,,designated,74 FR 29300,6/19/2009,https://www.federalregister.gov/documents/2009/06/19/E9-14268/endangered-and-threatened-species-designation-of-critical-habitat-for-atlantic-salmon-salmo-salar,74 FR 39903,8/10/2009,https://www.federalregister.gov/d/E9-19094,1,0,0,0,0,0,0,0,0,1,0,0,0,0,0,0,0,0,0,0,0,0,0,0,0,0,13,,Freshwater and estuary migratory sites free from physical and biological barriers
266,Atlantic Salmon,Gulf of Maine DPS,,"Maine; approximately 19,571 km of perennial river, stream, and estuary habitat and 799 square km of lake habitat within the range of the GOM DPS",Atlantic,Maine,Migration,"Freshwater and estuary migration sites with pool, lake, and instream habitat that provide cool, oxygenated water and cover items (e.g., boulders, woody debris, and vegetation) to serve as temporary holding and resting areas during upstream migration of adult salmon",1,1,0,0,1,1,,designated,74 FR 29300,6/19/2009,https://www.federalregister.gov/documents/2009/06/19/E9-14268/endangered-and-threatened-species-designation-of-critical-habitat-for-atlantic-salmon-salmo-salar,74 FR 39903,8/10/2009,https://www.federalregister.gov/d/E9-19094,1,0,0,0,1,1,0,0,0,0,1,0,0,1,1,0,1,0,0,0,0,0,1,0,1,0,13,,"Freshwater and estuary migration sites with pool, lake, and instream habitat that provide cool, oxygenated water and cover items"
267,Atlantic Salmon,Gulf of Maine DPS,,"Maine; approximately 19,571 km of perennial river, stream, and estuary habitat and 799 square km of lake habitat within the range of the GOM DPS",Atlantic,Maine,Migration,"Freshwater and estuary migration sites with abundant, diverse native fish communities to serve as a protective buffer against predation. ",1,1,0,0,1,1,,designated,74 FR 29300,6/19/2009,https://www.federalregister.gov/documents/2009/06/19/E9-14268/endangered-and-threatened-species-designation-of-critical-habitat-for-atlantic-salmon-salmo-salar,74 FR 39903,8/10/2009,https://www.federalregister.gov/d/E9-19094,1,0,0,0,0,0,0,0,0,0,0,0,0,0,0,0,0,0,0,0,0,0,0,0,1,0,13,,"Freshwater and estuary migration sites with abundant, diverse native fish communities"
268,Atlantic Salmon,Gulf of Maine DPS,,"Maine; approximately 19,571 km of perennial river, stream, and estuary habitat and 799 square km of lake habitat within the range of the GOM DPS",Atlantic,Maine,Migration,Freshwater and estuary migration sites free from physical and biological barriers that delay or prevent emigration of smolts to the marine environment,1,1,0,0,1,1,,designated,74 FR 29300,6/19/2009,https://www.federalregister.gov/documents/2009/06/19/E9-14268/endangered-and-threatened-species-designation-of-critical-habitat-for-atlantic-salmon-salmo-salar,74 FR 39903,8/10/2009,https://www.federalregister.gov/d/E9-19094,1,0,0,0,0,0,0,0,0,1,0,0,0,0,0,0,0,0,0,0,0,0,0,0,0,0,13,,Freshwater and estuary migration sites free from physical and biological barriers
269,Atlantic Salmon,Gulf of Maine DPS,,"Maine; approximately 19,571 km of perennial river, stream, and estuary habitat and 799 square km of lake habitat within the range of the GOM DPS",Atlantic,Maine,Migration,Freshwater and estuary migration sites with sufficiently cool water temperatures and water flows that coincide with diurnal cues to stimulate smolt migration,1,1,0,0,1,1,,designated,74 FR 29300,6/19/2009,https://www.federalregister.gov/documents/2009/06/19/E9-14268/endangered-and-threatened-species-designation-of-critical-habitat-for-atlantic-salmon-salmo-salar,74 FR 39903,8/10/2009,https://www.federalregister.gov/d/E9-19094,1,0,0,0,0,0,0,0,0,0,0,0,0,1,1,0,0,0,0,0,1,0,0,0,1,0,13,,Freshwater and estuary migration sites with sufficiently cool water temperatures and water flows
270,Atlantic Salmon,Gulf of Maine DPS,,"Maine; approximately 19,571 km of perennial river, stream, and estuary habitat and 799 square km of lake habitat within the range of the GOM DPS",Atlantic,Maine,Migration,Freshwater migration sites with water chemistry needed to support sea water adaptation of smolts,1,0,0,0,1,1,,designated,74 FR 29300,6/19/2009,https://www.federalregister.gov/documents/2009/06/19/E9-14268/endangered-and-threatened-species-designation-of-critical-habitat-for-atlantic-salmon-salmo-salar,74 FR 39903,8/10/2009,https://www.federalregister.gov/d/E9-19094,1,0,0,0,0,0,0,0,1,0,0,0,0,1,0,1,1,0,0,0,0,0,0,0,0,0,13,,Freshwater migration sites with water chemistry needed to support sea water adaptation of smolts
271,Smalltooth Sawfish,U.S. DPS,,"Florida
The critical habitat consists of two units: the Charlotte Harbor Estuary Unit, which comprises approximately 221,459 acres of coastal habitat; and the Ten Thousand Islands/Everglades Unit (TTI/E), which comprises approximately 619,013 acres of coastal habitat. The two units are located along the southwestern coast of Florida between Charlotte Harbor and Florida Bay.
Based on the boundaries of the two nursery areas and GIS data information on the location of the features, the Charlotte Harbor Estuary and the TTI/E nursery areas contain the features essential to the conservation of smalltooth sawfish because they facilitate recruitment into the adult population. 
The Charlotte Harbor Estuary nursery area includes Charlotte Harbor, Gasparilla Sound, Pine Island Sound, Matlacha Pass, San Carlos Bay, Estero Bay, and the Caloosahatchee River in Charlotte and Lee Counties. The nursery area is bounded by the Peace River at the eastern extent of the mouth of Shell Creek and the northern extent of the Charlotte Harbor Preserve State Park.
The Ten Thousand Islands/Everglades (TTI/E) nursery area is located within Collier, Monroe, and Miami-Dade Counties, Florida. The Everglades nursery area includes coastal and inshore waters within Everglades National Park (ENP), including Florida Bay, in the vicinity of Everglades City, within the Cape Romano-Ten Thousand Islands Aquatic Preserve (AP), and within the portion of Rookery Bay AP south of SR-92.","Atlantic, Gulf of America",Florida,Within the nursery areas,Red mangroves (Rhizophora mangle),0,1,1,0,,,,designated,74 FR 45353,9/2/2009,https://www.federalregister.gov/documents/2009/09/02/E9-21186/endangered-and-threatened-species-critical-habitat-for-the-endangered-distinct-population-segment-of,,,,0,1,0,0,1,0,0,0,0,0,1,0,0,0,0,0,0,0,0,0,0,0,1,0,1,0,2,,Red mangroves
272,Smalltooth Sawfish,U.S. DPS,,"Florida
The critical habitat consists of two units: the Charlotte Harbor Estuary Unit, which comprises approximately 221,459 acres of coastal habitat; and the Ten Thousand Islands/Everglades Unit (TTI/E), which comprises approximately 619,013 acres of coastal habitat. The two units are located along the southwestern coast of Florida between Charlotte Harbor and Florida Bay.
Based on the boundaries of the two nursery areas and GIS data information on the location of the features, the Charlotte Harbor Estuary and the TTI/E nursery areas contain the features essential to the conservation of smalltooth sawfish because they facilitate recruitment into the adult population. 
The Charlotte Harbor Estuary nursery area includes Charlotte Harbor, Gasparilla Sound, Pine Island Sound, Matlacha Pass, San Carlos Bay, Estero Bay, and the Caloosahatchee River in Charlotte and Lee Counties. The nursery area is bounded by the Peace River at the eastern extent of the mouth of Shell Creek and the northern extent of the Charlotte Harbor Preserve State Park.
The Ten Thousand Islands/Everglades (TTI/E) nursery area is located within Collier, Monroe, and Miami-Dade Counties, Florida. The Everglades nursery area includes coastal and inshore waters within Everglades National Park (ENP), including Florida Bay, in the vicinity of Everglades City, within the Cape Romano-Ten Thousand Islands Aquatic Preserve (AP), and within the portion of Rookery Bay AP south of SR-92.","Atlantic, Gulf of America",Florida,Within the nursery areas,Shallow euryhaline habitats characterized by water depths between the Mean High Water line and 3 ft (0.9 m) measured at Mean Lower Low Water (MLLW) ,0,1,1,0,1,1,,designated,74 FR 45353,9/2/2009,https://www.federalregister.gov/documents/2009/09/02/E9-21186/endangered-and-threatened-species-critical-habitat-for-the-endangered-distinct-population-segment-of,,,,0,0,0,0,0,0,0,0,0,0,0,1,0,1,0,1,0,0,0,0,0,0,0,0,0,0,2,,Shallow euryhaline habitats
273,Green Sturgeon,Southern DPS,,"California, Oregon, Washington
This final rule will designate approximately 515 km (320 mi) of riverine habitat and 2,323 km2 (897 mi2) of estuarine habitat in California, Oregon, and Washington, and 29,581 km2 (11,421 mi2) of coastal marine habitat off California, Oregon, and Washington within the geographical area presently occupied by the Southern DPS of green sturgeon. We are also designating approximately 784 km (487 mi) of habitat in the Sacramento-San Joaquin Delta, and 350 km2 (135 mi2) of habitat within the Yolo and Sutter bypasses, adjacent to the Sacramento River, California.
For freshwater riverine habitats, we described the lateral extent of critical habitat units as the width of the stream channel defined by the ordinary high-water line, as defined by the U.S. Army Corps of Engineers (ACOE) in 33 CFR 329.11. The ordinary high-water line on non-tidal rivers is defined as “the line on the shore established by the fluctuations of water and indicated by physical characteristics such as a clear, natural line impressed on the bank; shelving; changes in the character of soil; destruction of terrestrial vegetation; the presence of litter and debris, or other appropriate means that consider the characteristics of the surrounding areas” (33 CFR 329.11(a)(1)). In areas for which the ordinary high-water line has not been defined pursuant to 33 CFR 329.11, we defined the width of the stream channel by its bankfull elevation. Bankfull elevation is the level at which water begins to leave the channel and move into the floodplain (Rosgen 1996) and is reached at a discharge which generally has a recurrence interval of 1 to 2 years on the annual flood series (Leopold et al. 1992). For bays and estuarine areas, we defined the lateral extent by the mean higher high water (MHHW) line. For coastal marine habitats, the lateral extent to the west is defined by the 60 fm depth bathymetry contour relative to the line of MLLW and shoreward to the area that is inundated by MLLW, or to the COLREGS demarcation lines delineating the boundary between estuarine and marine habitats. ",Pacific,"California, Oregon, Washington",Freshwater riverine systems,"Food resources. Abundant prey items for larval, juvenile, subadult, and adult life stages",1,0,0,0,0,,,designated,74 FR 52300,10/9/2009,https://www.federalregister.gov/d/E9-24067,,,,1,0,0,1,0,0,0,0,0,0,0,0,0,0,0,0,0,0,0,0,0,0,0,0,0,0,16,,Food resources
274,Green Sturgeon,Southern DPS,,"California, Oregon, Washington
This final rule will designate approximately 515 km (320 mi) of riverine habitat and 2,323 km2 (897 mi2) of estuarine habitat in California, Oregon, and Washington, and 29,581 km2 (11,421 mi2) of coastal marine habitat off California, Oregon, and Washington within the geographical area presently occupied by the Southern DPS of green sturgeon. We are also designating approximately 784 km (487 mi) of habitat in the Sacramento-San Joaquin Delta, and 350 km2 (135 mi2) of habitat within the Yolo and Sutter bypasses, adjacent to the Sacramento River, California.
For freshwater riverine habitats, we described the lateral extent of critical habitat units as the width of the stream channel defined by the ordinary high-water line, as defined by the U.S. Army Corps of Engineers (ACOE) in 33 CFR 329.11. The ordinary high-water line on non-tidal rivers is defined as “the line on the shore established by the fluctuations of water and indicated by physical characteristics such as a clear, natural line impressed on the bank; shelving; changes in the character of soil; destruction of terrestrial vegetation; the presence of litter and debris, or other appropriate means that consider the characteristics of the surrounding areas” (33 CFR 329.11(a)(1)). In areas for which the ordinary high-water line has not been defined pursuant to 33 CFR 329.11, we defined the width of the stream channel by its bankfull elevation. Bankfull elevation is the level at which water begins to leave the channel and move into the floodplain (Rosgen 1996) and is reached at a discharge which generally has a recurrence interval of 1 to 2 years on the annual flood series (Leopold et al. 1992). For bays and estuarine areas, we defined the lateral extent by the mean higher high water (MHHW) line. For coastal marine habitats, the lateral extent to the west is defined by the 60 fm depth bathymetry contour relative to the line of MLLW and shoreward to the area that is inundated by MLLW, or to the COLREGS demarcation lines delineating the boundary between estuarine and marine habitats. ",Pacific,"California, Oregon, Washington",Freshwater riverine systems,"Substrate type or size (i.e., structural features of substrates). Substrates suitable for egg deposition and development (e.g., bedrock sills and shelves, cobble and gravel, or hard clean sand, with interstices or irregular surfaces to “collect” eggs and provide protection from predators, and free of excessive silt and debris that could smother eggs during incubation), larval development (e.g., substrates with interstices or voids providing refuge from predators and from high flow conditions), and subadults and adults (e.g., substrates for holding and spawning). ",1,0,0,0,0,,,designated,74 FR 52300,10/9/2009,https://www.federalregister.gov/d/E9-24067,,,,1,0,0,0,1,1,1,0,0,0,1,0,0,0,0,0,0,0,1,0,0,0,0,0,0,0,16,,Substrate type or size
275,Green Sturgeon,Southern DPS,,"California, Oregon, Washington
This final rule will designate approximately 515 km (320 mi) of riverine habitat and 2,323 km2 (897 mi2) of estuarine habitat in California, Oregon, and Washington, and 29,581 km2 (11,421 mi2) of coastal marine habitat off California, Oregon, and Washington within the geographical area presently occupied by the Southern DPS of green sturgeon. We are also designating approximately 784 km (487 mi) of habitat in the Sacramento-San Joaquin Delta, and 350 km2 (135 mi2) of habitat within the Yolo and Sutter bypasses, adjacent to the Sacramento River, California.
For freshwater riverine habitats, we described the lateral extent of critical habitat units as the width of the stream channel defined by the ordinary high-water line, as defined by the U.S. Army Corps of Engineers (ACOE) in 33 CFR 329.11. The ordinary high-water line on non-tidal rivers is defined as “the line on the shore established by the fluctuations of water and indicated by physical characteristics such as a clear, natural line impressed on the bank; shelving; changes in the character of soil; destruction of terrestrial vegetation; the presence of litter and debris, or other appropriate means that consider the characteristics of the surrounding areas” (33 CFR 329.11(a)(1)). In areas for which the ordinary high-water line has not been defined pursuant to 33 CFR 329.11, we defined the width of the stream channel by its bankfull elevation. Bankfull elevation is the level at which water begins to leave the channel and move into the floodplain (Rosgen 1996) and is reached at a discharge which generally has a recurrence interval of 1 to 2 years on the annual flood series (Leopold et al. 1992). For bays and estuarine areas, we defined the lateral extent by the mean higher high water (MHHW) line. For coastal marine habitats, the lateral extent to the west is defined by the 60 fm depth bathymetry contour relative to the line of MLLW and shoreward to the area that is inundated by MLLW, or to the COLREGS demarcation lines delineating the boundary between estuarine and marine habitats. ",Pacific,"California, Oregon, Washington",Freshwater riverine systems,"Water flow. A flow regime (i.e., the magnitude, frequency, duration, seasonality, and rate-of-change of fresh water discharge over time) necessary for normal behavior, growth, and survival of all life stages",1,0,0,0,0,,,designated,74 FR 52300,10/9/2009,https://www.federalregister.gov/d/E9-24067,,,,1,0,0,0,0,0,0,0,0,0,0,0,0,0,0,0,0,0,0,0,1,0,0,0,1,0,16,,Water flow
276,Green Sturgeon,Southern DPS,,"California, Oregon, Washington
This final rule will designate approximately 515 km (320 mi) of riverine habitat and 2,323 km2 (897 mi2) of estuarine habitat in California, Oregon, and Washington, and 29,581 km2 (11,421 mi2) of coastal marine habitat off California, Oregon, and Washington within the geographical area presently occupied by the Southern DPS of green sturgeon. We are also designating approximately 784 km (487 mi) of habitat in the Sacramento-San Joaquin Delta, and 350 km2 (135 mi2) of habitat within the Yolo and Sutter bypasses, adjacent to the Sacramento River, California.
For freshwater riverine habitats, we described the lateral extent of critical habitat units as the width of the stream channel defined by the ordinary high-water line, as defined by the U.S. Army Corps of Engineers (ACOE) in 33 CFR 329.11. The ordinary high-water line on non-tidal rivers is defined as “the line on the shore established by the fluctuations of water and indicated by physical characteristics such as a clear, natural line impressed on the bank; shelving; changes in the character of soil; destruction of terrestrial vegetation; the presence of litter and debris, or other appropriate means that consider the characteristics of the surrounding areas” (33 CFR 329.11(a)(1)). In areas for which the ordinary high-water line has not been defined pursuant to 33 CFR 329.11, we defined the width of the stream channel by its bankfull elevation. Bankfull elevation is the level at which water begins to leave the channel and move into the floodplain (Rosgen 1996) and is reached at a discharge which generally has a recurrence interval of 1 to 2 years on the annual flood series (Leopold et al. 1992). For bays and estuarine areas, we defined the lateral extent by the mean higher high water (MHHW) line. For coastal marine habitats, the lateral extent to the west is defined by the 60 fm depth bathymetry contour relative to the line of MLLW and shoreward to the area that is inundated by MLLW, or to the COLREGS demarcation lines delineating the boundary between estuarine and marine habitats. ",Pacific,"California, Oregon, Washington",Freshwater riverine systems,"Water quality, including temperature, salinity, oxygen content, and other chemical characteristics, necessary for normal behavior, growth, and viability of all life stages",1,0,0,0,0,,,designated,74 FR 52300,10/9/2009,https://www.federalregister.gov/d/E9-24067,,,,1,0,0,0,0,0,0,0,1,0,0,0,0,1,1,1,1,0,0,0,0,0,0,0,0,0,16,,Water quality
277,Green Sturgeon,Southern DPS,,"California, Oregon, Washington
This final rule will designate approximately 515 km (320 mi) of riverine habitat and 2,323 km2 (897 mi2) of estuarine habitat in California, Oregon, and Washington, and 29,581 km2 (11,421 mi2) of coastal marine habitat off California, Oregon, and Washington within the geographical area presently occupied by the Southern DPS of green sturgeon. We are also designating approximately 784 km (487 mi) of habitat in the Sacramento-San Joaquin Delta, and 350 km2 (135 mi2) of habitat within the Yolo and Sutter bypasses, adjacent to the Sacramento River, California.
For freshwater riverine habitats, we described the lateral extent of critical habitat units as the width of the stream channel defined by the ordinary high-water line, as defined by the U.S. Army Corps of Engineers (ACOE) in 33 CFR 329.11. The ordinary high-water line on non-tidal rivers is defined as “the line on the shore established by the fluctuations of water and indicated by physical characteristics such as a clear, natural line impressed on the bank; shelving; changes in the character of soil; destruction of terrestrial vegetation; the presence of litter and debris, or other appropriate means that consider the characteristics of the surrounding areas” (33 CFR 329.11(a)(1)). In areas for which the ordinary high-water line has not been defined pursuant to 33 CFR 329.11, we defined the width of the stream channel by its bankfull elevation. Bankfull elevation is the level at which water begins to leave the channel and move into the floodplain (Rosgen 1996) and is reached at a discharge which generally has a recurrence interval of 1 to 2 years on the annual flood series (Leopold et al. 1992). For bays and estuarine areas, we defined the lateral extent by the mean higher high water (MHHW) line. For coastal marine habitats, the lateral extent to the west is defined by the 60 fm depth bathymetry contour relative to the line of MLLW and shoreward to the area that is inundated by MLLW, or to the COLREGS demarcation lines delineating the boundary between estuarine and marine habitats. ",Pacific,"California, Oregon, Washington",Freshwater riverine systems,"Migratory corridor. A migratory pathway necessary for the safe and timely passage of Southern DPS fish within riverine habitats and between riverine and estuarine habitats (e.g., an unobstructed river or dammed river that still allows for safe and timely passage)",1,0,0,0,0,,,designated,74 FR 52300,10/9/2009,https://www.federalregister.gov/d/E9-24067,,,,1,0,0,0,0,0,0,0,0,1,0,0,0,0,0,0,0,0,0,0,0,0,0,0,0,0,16,,Migratory corridor
278,Green Sturgeon,Southern DPS,,"California, Oregon, Washington
This final rule will designate approximately 515 km (320 mi) of riverine habitat and 2,323 km2 (897 mi2) of estuarine habitat in California, Oregon, and Washington, and 29,581 km2 (11,421 mi2) of coastal marine habitat off California, Oregon, and Washington within the geographical area presently occupied by the Southern DPS of green sturgeon. We are also designating approximately 784 km (487 mi) of habitat in the Sacramento-San Joaquin Delta, and 350 km2 (135 mi2) of habitat within the Yolo and Sutter bypasses, adjacent to the Sacramento River, California.
For freshwater riverine habitats, we described the lateral extent of critical habitat units as the width of the stream channel defined by the ordinary high-water line, as defined by the U.S. Army Corps of Engineers (ACOE) in 33 CFR 329.11. The ordinary high-water line on non-tidal rivers is defined as “the line on the shore established by the fluctuations of water and indicated by physical characteristics such as a clear, natural line impressed on the bank; shelving; changes in the character of soil; destruction of terrestrial vegetation; the presence of litter and debris, or other appropriate means that consider the characteristics of the surrounding areas” (33 CFR 329.11(a)(1)). In areas for which the ordinary high-water line has not been defined pursuant to 33 CFR 329.11, we defined the width of the stream channel by its bankfull elevation. Bankfull elevation is the level at which water begins to leave the channel and move into the floodplain (Rosgen 1996) and is reached at a discharge which generally has a recurrence interval of 1 to 2 years on the annual flood series (Leopold et al. 1992). For bays and estuarine areas, we defined the lateral extent by the mean higher high water (MHHW) line. For coastal marine habitats, the lateral extent to the west is defined by the 60 fm depth bathymetry contour relative to the line of MLLW and shoreward to the area that is inundated by MLLW, or to the COLREGS demarcation lines delineating the boundary between estuarine and marine habitats. ",Pacific,"California, Oregon, Washington",Freshwater riverine systems,"Water depth. Deep (≥5 m) holding pools for both upstream and downstream holding of adult or subadult fish, with adequate water quality and flow to maintain the physiological needs of the holding adult or subadult fish. ",1,0,0,0,0,,,designated,74 FR 52300,10/9/2009,https://www.federalregister.gov/d/E9-24067,,,,1,0,0,0,0,0,0,0,0,0,0,1,0,1,0,0,0,0,0,0,1,0,0,0,0,0,16,,Water depth
279,Green Sturgeon,Southern DPS,,"California, Oregon, Washington
This final rule will designate approximately 515 km (320 mi) of riverine habitat and 2,323 km2 (897 mi2) of estuarine habitat in California, Oregon, and Washington, and 29,581 km2 (11,421 mi2) of coastal marine habitat off California, Oregon, and Washington within the geographical area presently occupied by the Southern DPS of green sturgeon. We are also designating approximately 784 km (487 mi) of habitat in the Sacramento-San Joaquin Delta, and 350 km2 (135 mi2) of habitat within the Yolo and Sutter bypasses, adjacent to the Sacramento River, California.
For freshwater riverine habitats, we described the lateral extent of critical habitat units as the width of the stream channel defined by the ordinary high-water line, as defined by the U.S. Army Corps of Engineers (ACOE) in 33 CFR 329.11. The ordinary high-water line on non-tidal rivers is defined as “the line on the shore established by the fluctuations of water and indicated by physical characteristics such as a clear, natural line impressed on the bank; shelving; changes in the character of soil; destruction of terrestrial vegetation; the presence of litter and debris, or other appropriate means that consider the characteristics of the surrounding areas” (33 CFR 329.11(a)(1)). In areas for which the ordinary high-water line has not been defined pursuant to 33 CFR 329.11, we defined the width of the stream channel by its bankfull elevation. Bankfull elevation is the level at which water begins to leave the channel and move into the floodplain (Rosgen 1996) and is reached at a discharge which generally has a recurrence interval of 1 to 2 years on the annual flood series (Leopold et al. 1992). For bays and estuarine areas, we defined the lateral extent by the mean higher high water (MHHW) line. For coastal marine habitats, the lateral extent to the west is defined by the 60 fm depth bathymetry contour relative to the line of MLLW and shoreward to the area that is inundated by MLLW, or to the COLREGS demarcation lines delineating the boundary between estuarine and marine habitats. ",Pacific,"California, Oregon, Washington",Freshwater riverine systems,"Sediment quality. Sediment quality (i.e., chemical characteristics) necessary for normal behavior, growth, and viability of all life stages",1,0,0,0,0,,,designated,74 FR 52300,10/9/2009,https://www.federalregister.gov/d/E9-24067,,,,1,0,0,0,1,1,0,0,1,0,0,0,0,0,0,0,0,0,1,0,0,0,0,0,0,0,16,,Sediment quality
280,Green Sturgeon,Southern DPS,,"California, Oregon, Washington
This final rule will designate approximately 515 km (320 mi) of riverine habitat and 2,323 km2 (897 mi2) of estuarine habitat in California, Oregon, and Washington, and 29,581 km2 (11,421 mi2) of coastal marine habitat off California, Oregon, and Washington within the geographical area presently occupied by the Southern DPS of green sturgeon. We are also designating approximately 784 km (487 mi) of habitat in the Sacramento-San Joaquin Delta, and 350 km2 (135 mi2) of habitat within the Yolo and Sutter bypasses, adjacent to the Sacramento River, California.
For freshwater riverine habitats, we described the lateral extent of critical habitat units as the width of the stream channel defined by the ordinary high-water line, as defined by the U.S. Army Corps of Engineers (ACOE) in 33 CFR 329.11. The ordinary high-water line on non-tidal rivers is defined as “the line on the shore established by the fluctuations of water and indicated by physical characteristics such as a clear, natural line impressed on the bank; shelving; changes in the character of soil; destruction of terrestrial vegetation; the presence of litter and debris, or other appropriate means that consider the characteristics of the surrounding areas” (33 CFR 329.11(a)(1)). In areas for which the ordinary high-water line has not been defined pursuant to 33 CFR 329.11, we defined the width of the stream channel by its bankfull elevation. Bankfull elevation is the level at which water begins to leave the channel and move into the floodplain (Rosgen 1996) and is reached at a discharge which generally has a recurrence interval of 1 to 2 years on the annual flood series (Leopold et al. 1992). For bays and estuarine areas, we defined the lateral extent by the mean higher high water (MHHW) line. For coastal marine habitats, the lateral extent to the west is defined by the 60 fm depth bathymetry contour relative to the line of MLLW and shoreward to the area that is inundated by MLLW, or to the COLREGS demarcation lines delineating the boundary between estuarine and marine habitats. ",Pacific,"California, Oregon, Washington",Estuarine areas,"Food resources. Abundant prey items within estuarine habitats and substrates for juvenile, subadult, and adult life stages",0,1,0,0,0,,,designated,74 FR 52300,10/9/2009,https://www.federalregister.gov/d/E9-24067,,,,1,0,0,1,1,1,0,0,0,0,0,0,0,0,0,0,0,0,0,0,0,0,0,0,0,0,16,,Food resources
281,Green Sturgeon,Southern DPS,,"California, Oregon, Washington
This final rule will designate approximately 515 km (320 mi) of riverine habitat and 2,323 km2 (897 mi2) of estuarine habitat in California, Oregon, and Washington, and 29,581 km2 (11,421 mi2) of coastal marine habitat off California, Oregon, and Washington within the geographical area presently occupied by the Southern DPS of green sturgeon. We are also designating approximately 784 km (487 mi) of habitat in the Sacramento-San Joaquin Delta, and 350 km2 (135 mi2) of habitat within the Yolo and Sutter bypasses, adjacent to the Sacramento River, California.
For freshwater riverine habitats, we described the lateral extent of critical habitat units as the width of the stream channel defined by the ordinary high-water line, as defined by the U.S. Army Corps of Engineers (ACOE) in 33 CFR 329.11. The ordinary high-water line on non-tidal rivers is defined as “the line on the shore established by the fluctuations of water and indicated by physical characteristics such as a clear, natural line impressed on the bank; shelving; changes in the character of soil; destruction of terrestrial vegetation; the presence of litter and debris, or other appropriate means that consider the characteristics of the surrounding areas” (33 CFR 329.11(a)(1)). In areas for which the ordinary high-water line has not been defined pursuant to 33 CFR 329.11, we defined the width of the stream channel by its bankfull elevation. Bankfull elevation is the level at which water begins to leave the channel and move into the floodplain (Rosgen 1996) and is reached at a discharge which generally has a recurrence interval of 1 to 2 years on the annual flood series (Leopold et al. 1992). For bays and estuarine areas, we defined the lateral extent by the mean higher high water (MHHW) line. For coastal marine habitats, the lateral extent to the west is defined by the 60 fm depth bathymetry contour relative to the line of MLLW and shoreward to the area that is inundated by MLLW, or to the COLREGS demarcation lines delineating the boundary between estuarine and marine habitats. ",Pacific,"California, Oregon, Washington",Estuarine areas,"Water flow. Within bays and estuaries adjacent to the Sacramento River (i.e., the Sacramento-San Joaquin Delta and the Suisun, San Pablo, and San Francisco bays), sufficient flow into the bay and estuary to allow adults to successfully orient to the incoming flow and migrate upstream to spawning grounds",0,1,0,0,0,,,designated,74 FR 52300,10/9/2009,https://www.federalregister.gov/d/E9-24067,,,,1,0,0,0,0,0,0,0,0,0,0,0,0,0,0,0,0,0,0,0,1,0,0,0,0,0,16,,Water flow
282,Green Sturgeon,Southern DPS,,"California, Oregon, Washington
This final rule will designate approximately 515 km (320 mi) of riverine habitat and 2,323 km2 (897 mi2) of estuarine habitat in California, Oregon, and Washington, and 29,581 km2 (11,421 mi2) of coastal marine habitat off California, Oregon, and Washington within the geographical area presently occupied by the Southern DPS of green sturgeon. We are also designating approximately 784 km (487 mi) of habitat in the Sacramento-San Joaquin Delta, and 350 km2 (135 mi2) of habitat within the Yolo and Sutter bypasses, adjacent to the Sacramento River, California.
For freshwater riverine habitats, we described the lateral extent of critical habitat units as the width of the stream channel defined by the ordinary high-water line, as defined by the U.S. Army Corps of Engineers (ACOE) in 33 CFR 329.11. The ordinary high-water line on non-tidal rivers is defined as “the line on the shore established by the fluctuations of water and indicated by physical characteristics such as a clear, natural line impressed on the bank; shelving; changes in the character of soil; destruction of terrestrial vegetation; the presence of litter and debris, or other appropriate means that consider the characteristics of the surrounding areas” (33 CFR 329.11(a)(1)). In areas for which the ordinary high-water line has not been defined pursuant to 33 CFR 329.11, we defined the width of the stream channel by its bankfull elevation. Bankfull elevation is the level at which water begins to leave the channel and move into the floodplain (Rosgen 1996) and is reached at a discharge which generally has a recurrence interval of 1 to 2 years on the annual flood series (Leopold et al. 1992). For bays and estuarine areas, we defined the lateral extent by the mean higher high water (MHHW) line. For coastal marine habitats, the lateral extent to the west is defined by the 60 fm depth bathymetry contour relative to the line of MLLW and shoreward to the area that is inundated by MLLW, or to the COLREGS demarcation lines delineating the boundary between estuarine and marine habitats. ",Pacific,"California, Oregon, Washington",Estuarine areas,"Water quality, including temperature, salinity, oxygen content, and other chemical characteristics, necessary for normal behavior, growth, and viability of all life stages",0,1,0,0,0,,,designated,74 FR 52300,10/9/2009,https://www.federalregister.gov/d/E9-24067,,,,1,0,0,0,0,0,0,0,1,0,0,0,0,1,1,1,1,0,0,0,0,0,0,0,0,0,16,,Water quality
283,Green Sturgeon,Southern DPS,,"California, Oregon, Washington
This final rule will designate approximately 515 km (320 mi) of riverine habitat and 2,323 km2 (897 mi2) of estuarine habitat in California, Oregon, and Washington, and 29,581 km2 (11,421 mi2) of coastal marine habitat off California, Oregon, and Washington within the geographical area presently occupied by the Southern DPS of green sturgeon. We are also designating approximately 784 km (487 mi) of habitat in the Sacramento-San Joaquin Delta, and 350 km2 (135 mi2) of habitat within the Yolo and Sutter bypasses, adjacent to the Sacramento River, California.
For freshwater riverine habitats, we described the lateral extent of critical habitat units as the width of the stream channel defined by the ordinary high-water line, as defined by the U.S. Army Corps of Engineers (ACOE) in 33 CFR 329.11. The ordinary high-water line on non-tidal rivers is defined as “the line on the shore established by the fluctuations of water and indicated by physical characteristics such as a clear, natural line impressed on the bank; shelving; changes in the character of soil; destruction of terrestrial vegetation; the presence of litter and debris, or other appropriate means that consider the characteristics of the surrounding areas” (33 CFR 329.11(a)(1)). In areas for which the ordinary high-water line has not been defined pursuant to 33 CFR 329.11, we defined the width of the stream channel by its bankfull elevation. Bankfull elevation is the level at which water begins to leave the channel and move into the floodplain (Rosgen 1996) and is reached at a discharge which generally has a recurrence interval of 1 to 2 years on the annual flood series (Leopold et al. 1992). For bays and estuarine areas, we defined the lateral extent by the mean higher high water (MHHW) line. For coastal marine habitats, the lateral extent to the west is defined by the 60 fm depth bathymetry contour relative to the line of MLLW and shoreward to the area that is inundated by MLLW, or to the COLREGS demarcation lines delineating the boundary between estuarine and marine habitats. ",Pacific,"California, Oregon, Washington",Estuarine areas,Migratory corridor. A migratory pathway necessary for the safe and timely passage of Southern DPS fish within estuarine habitats and between estuarine and riverine or marine habitats,0,1,0,0,0,,,designated,74 FR 52300,10/9/2009,https://www.federalregister.gov/d/E9-24067,,,,1,0,0,0,0,0,0,0,0,1,0,0,0,0,0,0,0,0,0,0,0,0,0,0,0,0,16,,Migratory corridor
284,Green Sturgeon,Southern DPS,,"California, Oregon, Washington
This final rule will designate approximately 515 km (320 mi) of riverine habitat and 2,323 km2 (897 mi2) of estuarine habitat in California, Oregon, and Washington, and 29,581 km2 (11,421 mi2) of coastal marine habitat off California, Oregon, and Washington within the geographical area presently occupied by the Southern DPS of green sturgeon. We are also designating approximately 784 km (487 mi) of habitat in the Sacramento-San Joaquin Delta, and 350 km2 (135 mi2) of habitat within the Yolo and Sutter bypasses, adjacent to the Sacramento River, California.
For freshwater riverine habitats, we described the lateral extent of critical habitat units as the width of the stream channel defined by the ordinary high-water line, as defined by the U.S. Army Corps of Engineers (ACOE) in 33 CFR 329.11. The ordinary high-water line on non-tidal rivers is defined as “the line on the shore established by the fluctuations of water and indicated by physical characteristics such as a clear, natural line impressed on the bank; shelving; changes in the character of soil; destruction of terrestrial vegetation; the presence of litter and debris, or other appropriate means that consider the characteristics of the surrounding areas” (33 CFR 329.11(a)(1)). In areas for which the ordinary high-water line has not been defined pursuant to 33 CFR 329.11, we defined the width of the stream channel by its bankfull elevation. Bankfull elevation is the level at which water begins to leave the channel and move into the floodplain (Rosgen 1996) and is reached at a discharge which generally has a recurrence interval of 1 to 2 years on the annual flood series (Leopold et al. 1992). For bays and estuarine areas, we defined the lateral extent by the mean higher high water (MHHW) line. For coastal marine habitats, the lateral extent to the west is defined by the 60 fm depth bathymetry contour relative to the line of MLLW and shoreward to the area that is inundated by MLLW, or to the COLREGS demarcation lines delineating the boundary between estuarine and marine habitats. ",Pacific,"California, Oregon, Washington",Estuarine areas,"Water depth. A diversity of depths necessary for shelter, foraging, and migration of juvenile, subadult, and adult life stages",0,1,1,0,0,,,designated,74 FR 52300,10/9/2009,https://www.federalregister.gov/d/E9-24067,,,,1,0,0,0,0,0,0,0,0,0,1,1,0,0,0,0,0,0,0,0,0,0,0,0,0,0,16,,Water depth
285,Green Sturgeon,Southern DPS,,"California, Oregon, Washington
This final rule will designate approximately 515 km (320 mi) of riverine habitat and 2,323 km2 (897 mi2) of estuarine habitat in California, Oregon, and Washington, and 29,581 km2 (11,421 mi2) of coastal marine habitat off California, Oregon, and Washington within the geographical area presently occupied by the Southern DPS of green sturgeon. We are also designating approximately 784 km (487 mi) of habitat in the Sacramento-San Joaquin Delta, and 350 km2 (135 mi2) of habitat within the Yolo and Sutter bypasses, adjacent to the Sacramento River, California.
For freshwater riverine habitats, we described the lateral extent of critical habitat units as the width of the stream channel defined by the ordinary high-water line, as defined by the U.S. Army Corps of Engineers (ACOE) in 33 CFR 329.11. The ordinary high-water line on non-tidal rivers is defined as “the line on the shore established by the fluctuations of water and indicated by physical characteristics such as a clear, natural line impressed on the bank; shelving; changes in the character of soil; destruction of terrestrial vegetation; the presence of litter and debris, or other appropriate means that consider the characteristics of the surrounding areas” (33 CFR 329.11(a)(1)). In areas for which the ordinary high-water line has not been defined pursuant to 33 CFR 329.11, we defined the width of the stream channel by its bankfull elevation. Bankfull elevation is the level at which water begins to leave the channel and move into the floodplain (Rosgen 1996) and is reached at a discharge which generally has a recurrence interval of 1 to 2 years on the annual flood series (Leopold et al. 1992). For bays and estuarine areas, we defined the lateral extent by the mean higher high water (MHHW) line. For coastal marine habitats, the lateral extent to the west is defined by the 60 fm depth bathymetry contour relative to the line of MLLW and shoreward to the area that is inundated by MLLW, or to the COLREGS demarcation lines delineating the boundary between estuarine and marine habitats. ",Pacific,"California, Oregon, Washington",Estuarine areas,"Sediment quality. Sediment quality (i.e., chemical characteristics) necessary for normal behavior, growth, and viability of all life stages",0,1,0,0,0,,,designated,74 FR 52300,10/9/2009,https://www.federalregister.gov/d/E9-24067,,,,1,0,0,0,1,1,0,0,1,0,0,0,0,0,0,0,0,0,1,0,0,0,0,0,0,0,16,,Sediment quality
286,Green Sturgeon,Southern DPS,,"California, Oregon, Washington
This final rule will designate approximately 515 km (320 mi) of riverine habitat and 2,323 km2 (897 mi2) of estuarine habitat in California, Oregon, and Washington, and 29,581 km2 (11,421 mi2) of coastal marine habitat off California, Oregon, and Washington within the geographical area presently occupied by the Southern DPS of green sturgeon. We are also designating approximately 784 km (487 mi) of habitat in the Sacramento-San Joaquin Delta, and 350 km2 (135 mi2) of habitat within the Yolo and Sutter bypasses, adjacent to the Sacramento River, California.
For freshwater riverine habitats, we described the lateral extent of critical habitat units as the width of the stream channel defined by the ordinary high-water line, as defined by the U.S. Army Corps of Engineers (ACOE) in 33 CFR 329.11. The ordinary high-water line on non-tidal rivers is defined as “the line on the shore established by the fluctuations of water and indicated by physical characteristics such as a clear, natural line impressed on the bank; shelving; changes in the character of soil; destruction of terrestrial vegetation; the presence of litter and debris, or other appropriate means that consider the characteristics of the surrounding areas” (33 CFR 329.11(a)(1)). In areas for which the ordinary high-water line has not been defined pursuant to 33 CFR 329.11, we defined the width of the stream channel by its bankfull elevation. Bankfull elevation is the level at which water begins to leave the channel and move into the floodplain (Rosgen 1996) and is reached at a discharge which generally has a recurrence interval of 1 to 2 years on the annual flood series (Leopold et al. 1992). For bays and estuarine areas, we defined the lateral extent by the mean higher high water (MHHW) line. For coastal marine habitats, the lateral extent to the west is defined by the 60 fm depth bathymetry contour relative to the line of MLLW and shoreward to the area that is inundated by MLLW, or to the COLREGS demarcation lines delineating the boundary between estuarine and marine habitats. ",Pacific,"California, Oregon, Washington",Coastal marine areas,Migratory corridor. A migratory pathway necessary for the safe and timely passage of Southern DPS fish within marine and between estuarine and marine habitats,0,0,1,0,0,,,designated,74 FR 52300,10/9/2009,https://www.federalregister.gov/d/E9-24067,,,,1,0,0,0,0,0,0,0,0,1,0,0,0,0,0,0,0,0,0,0,0,0,0,0,0,0,16,,Migratory cooridor
287,Green Sturgeon,Southern DPS,,"California, Oregon, Washington
This final rule will designate approximately 515 km (320 mi) of riverine habitat and 2,323 km2 (897 mi2) of estuarine habitat in California, Oregon, and Washington, and 29,581 km2 (11,421 mi2) of coastal marine habitat off California, Oregon, and Washington within the geographical area presently occupied by the Southern DPS of green sturgeon. We are also designating approximately 784 km (487 mi) of habitat in the Sacramento-San Joaquin Delta, and 350 km2 (135 mi2) of habitat within the Yolo and Sutter bypasses, adjacent to the Sacramento River, California.
For freshwater riverine habitats, we described the lateral extent of critical habitat units as the width of the stream channel defined by the ordinary high-water line, as defined by the U.S. Army Corps of Engineers (ACOE) in 33 CFR 329.11. The ordinary high-water line on non-tidal rivers is defined as “the line on the shore established by the fluctuations of water and indicated by physical characteristics such as a clear, natural line impressed on the bank; shelving; changes in the character of soil; destruction of terrestrial vegetation; the presence of litter and debris, or other appropriate means that consider the characteristics of the surrounding areas” (33 CFR 329.11(a)(1)). In areas for which the ordinary high-water line has not been defined pursuant to 33 CFR 329.11, we defined the width of the stream channel by its bankfull elevation. Bankfull elevation is the level at which water begins to leave the channel and move into the floodplain (Rosgen 1996) and is reached at a discharge which generally has a recurrence interval of 1 to 2 years on the annual flood series (Leopold et al. 1992). For bays and estuarine areas, we defined the lateral extent by the mean higher high water (MHHW) line. For coastal marine habitats, the lateral extent to the west is defined by the 60 fm depth bathymetry contour relative to the line of MLLW and shoreward to the area that is inundated by MLLW, or to the COLREGS demarcation lines delineating the boundary between estuarine and marine habitats. ",Pacific,"California, Oregon, Washington",Coastal marine areas,"Water quality - Coastal marine waters with adequate dissolved oxygen levels and acceptably low levels of contaminants (e.g., pesticides, PAHs, heavy metals that may disrupt the normal behavior, growth, and viability of subadult and adult green sturgeon)",0,0,1,0,0,,,designated,74 FR 52300,10/9/2009,https://www.federalregister.gov/d/E9-24067,,,,1,0,0,0,0,0,0,0,1,0,0,0,0,1,0,0,1,0,0,0,0,0,0,0,0,0,16,,Water quality
288,Green Sturgeon,Southern DPS,,"California, Oregon, Washington
This final rule will designate approximately 515 km (320 mi) of riverine habitat and 2,323 km2 (897 mi2) of estuarine habitat in California, Oregon, and Washington, and 29,581 km2 (11,421 mi2) of coastal marine habitat off California, Oregon, and Washington within the geographical area presently occupied by the Southern DPS of green sturgeon. We are also designating approximately 784 km (487 mi) of habitat in the Sacramento-San Joaquin Delta, and 350 km2 (135 mi2) of habitat within the Yolo and Sutter bypasses, adjacent to the Sacramento River, California.
For freshwater riverine habitats, we described the lateral extent of critical habitat units as the width of the stream channel defined by the ordinary high-water line, as defined by the U.S. Army Corps of Engineers (ACOE) in 33 CFR 329.11. The ordinary high-water line on non-tidal rivers is defined as “the line on the shore established by the fluctuations of water and indicated by physical characteristics such as a clear, natural line impressed on the bank; shelving; changes in the character of soil; destruction of terrestrial vegetation; the presence of litter and debris, or other appropriate means that consider the characteristics of the surrounding areas” (33 CFR 329.11(a)(1)). In areas for which the ordinary high-water line has not been defined pursuant to 33 CFR 329.11, we defined the width of the stream channel by its bankfull elevation. Bankfull elevation is the level at which water begins to leave the channel and move into the floodplain (Rosgen 1996) and is reached at a discharge which generally has a recurrence interval of 1 to 2 years on the annual flood series (Leopold et al. 1992). For bays and estuarine areas, we defined the lateral extent by the mean higher high water (MHHW) line. For coastal marine habitats, the lateral extent to the west is defined by the 60 fm depth bathymetry contour relative to the line of MLLW and shoreward to the area that is inundated by MLLW, or to the COLREGS demarcation lines delineating the boundary between estuarine and marine habitats. ",Pacific,"California, Oregon, Washington",Coastal marine areas,"Food resources. Abundant prey items for subadults and adults, which may include benthic invertebrates and fish",0,0,1,0,0,,,designated,74 FR 52300,10/9/2009,https://www.federalregister.gov/d/E9-24067,,,,1,0,0,1,1,0,0,0,0,0,0,0,0,0,0,0,0,0,0,0,0,0,0,0,0,0,16,,Food resources
289,Beluga Whale,Cook Inlet DPS,,"Alaska
7,800 square kilometers (3,013 square miles) of marine and estuarine area in Cook Inlet, Alaska",Pacific,Alaska,,Intertidal and subtidal waters of Cook Inlet with depths less than 30 feet (MLLW)(9.1 m) and within 5 miles (8 km) of high and medium flow anadromous fish streams,1,1,1,0,,,,designated,76 FR 20180,4/11/2011,https://www.federalregister.gov/documents/2011/04/11/2011-8361/endangered-and-threatened-species-designation-of-critical-habitat-for-cook-inlet-beluga-whale,,,,1,0,0,0,0,0,0,0,0,0,0,1,0,0,0,0,0,0,0,0,1,0,0,0,1,0,5,,Intertidal and subtidal waters of Cook Inlet with depths less than 30 feet and within 5 miles of high and medium flow anadromous fish streams
290,Beluga Whale,Cook Inlet DPS,,"Alaska
7,800 square kilometers (3,013 square miles) of marine and estuarine area in Cook Inlet, Alaska",Pacific,Alaska,,"Primary prey species consisting of four species of Pacific salmon (Chinook, sockeye, chum, and coho), Pacific eulachon, Pacific cod, walleye pollock, saffron cod, and yellowfin sole",1,1,1,0,,,,designated,76 FR 20180,4/11/2011,https://www.federalregister.gov/documents/2011/04/11/2011-8361/endangered-and-threatened-species-designation-of-critical-habitat-for-cook-inlet-beluga-whale,,,,1,0,0,1,0,0,0,0,0,0,0,0,0,0,0,0,0,0,0,0,0,0,0,0,0,0,5,,Primary prey species
291,Beluga Whale,Cook Inlet DPS,,"Alaska
7,800 square kilometers (3,013 square miles) of marine and estuarine area in Cook Inlet, Alaska",Pacific,Alaska,,Waters free of toxins or other agents of a type and amount harmful to Cook Inlet beluga whales,0,0,1,0,1,1,,designated,76 FR 20180,4/11/2011,https://www.federalregister.gov/documents/2011/04/11/2011-8361/endangered-and-threatened-species-designation-of-critical-habitat-for-cook-inlet-beluga-whale,,,,1,0,0,0,0,0,0,0,1,0,0,0,0,1,0,0,0,0,0,0,0,0,0,0,0,0,5,,Waters free of toxins
292,Beluga Whale,Cook Inlet DPS,,"Alaska
7,800 square kilometers (3,013 square miles) of marine and estuarine area in Cook Inlet, Alaska",Pacific,Alaska,,Unrestricted passage within or between the critical habitat areas,0,0,1,0,,,,designated,76 FR 20180,4/11/2011,https://www.federalregister.gov/documents/2011/04/11/2011-8361/endangered-and-threatened-species-designation-of-critical-habitat-for-cook-inlet-beluga-whale,,,,1,0,0,0,0,0,0,0,0,1,0,0,0,0,0,0,0,0,0,0,0,0,0,0,0,0,5,,Unrestricted passage within or between the critical habitat areas
293,Beluga Whale,Cook Inlet DPS,,"Alaska
7,800 square kilometers (3,013 square miles) of marine and estuarine area in Cook Inlet, Alaska",Pacific,Alaska,,Waters with in-water noise below levels resulting in the abandonment of critical habitat areas by Cook Inlet beluga whales,0,0,1,0,1,1,,designated,76 FR 20180,4/11/2011,https://www.federalregister.gov/documents/2011/04/11/2011-8361/endangered-and-threatened-species-designation-of-critical-habitat-for-cook-inlet-beluga-whale,,,,1,0,0,0,0,0,0,1,0,0,0,0,0,0,0,0,0,0,0,0,0,0,0,0,0,0,5,,Waters with in-water noise below levels resulting in the abandonment of critical habitat areas
294,Eulachon,Southern DPS,,"California, Oregon, and Washington
combination of freshwater creeks and rivers and their associated estuaries",Pacific,"California, Oregon, Washington",,"Freshwater spawning and incubation sites with water flow, quality and temperature conditions and substrate supporting spawning and incubation, and with migratory access for adults and juveniles",1,0,0,0,0,,,designated,76 FR 65324,10/20/2011,https://www.federalregister.gov/documents/2011/10/20/2011-26950/endangered-and-threatened-species-designation-of-critical-habitat-for-the-southern-distinct,,,,0,0,0,0,1,1,0,0,0,1,0,0,0,1,1,0,0,0,0,0,1,0,0,0,0,0,3,,"Freshwater spawning and incubation sites with water flow, quality and temperature conditions and substrate supporting spawning and incubation, and with migratory access for adults and juveniles"
295,Eulachon,Southern DPS,,"California, Oregon, and Washington
combination of freshwater creeks and rivers and their associated estuaries",Pacific,"California, Oregon, Washington",,"Freshwater and estuarine migration corridors associated with spawning and incubation sites that are free of obstruction and with water flow, quality and temperature conditions supporting larval and adult mobility, and with abundant prey items supporting larval feeding after the yolk sac is depleted",1,1,0,0,0,,,designated,76 FR 65324,10/20/2011,https://www.federalregister.gov/documents/2011/10/20/2011-26950/endangered-and-threatened-species-designation-of-critical-habitat-for-the-southern-distinct,,,,0,0,0,1,0,0,0,0,0,1,0,0,0,1,1,0,0,0,0,0,1,0,0,0,0,0,3,,"Freshwater and estuarine migration corridors associated with spawning and incubation sites that are free of obstruction and with water flow, quality and temperature conditions supporting larval and adult mobility, and with abundant prey items supporting larval feeding after the yolk sac is depleted"
296,Eulachon,Southern DPS,,"California, Oregon, and Washington
combination of freshwater creeks and rivers and their associated estuaries",Pacific,"California, Oregon, Washington",,"Nearshore and offshore marine foraging habitat with water quality and available prey, supporting juveniles and adult survival. Eulachon prey on a wide variety of species including crustaceans such as copepods and euphausiids, unidentified malacostracans, cumaceans mysids, barnacle larvae, and worm larvae",0,0,1,0,0,,,designated,76 FR 65324,10/20/2011,https://www.federalregister.gov/documents/2011/10/20/2011-26950/endangered-and-threatened-species-designation-of-critical-habitat-for-the-southern-distinct,,,,0,0,0,1,0,0,0,0,0,0,0,0,0,1,0,0,0,0,0,0,0,0,0,0,0,0,3,,"Nearshore and offshore marine foraging habitat with water quality and available prey, supporting juveniles and adult survival. "
297,Black Abalone,,,"California
This designation includes approximately 360 square kilometers of rocky intertidal and subtidal habitat within five segments of the California coast between the Del Mar Landing Ecological Reserve to the Palos Verdes Peninsula, as well as on the Farallon Islands, Año Nuevo Island, San Miguel Island, Santa Rosa Island, Santa Cruz Island, Anacapa Island, Santa Barbara Island, and Santa Catalina Island. This designation includes rocky intertidal and subtidal habitats from the mean higher high water (MHHW) line to a depth of −6 meters (m) (relative to the mean lower low water (MLLW) line), as well as the coastal marine waters encompassed by these areas.
The lateral extent of the critical habitat designation offshore is defined by the −6 m depth bathymetry contour relative to the MLLW line and shoreward to the MHHW line. ",Pacific,California,,"Rocky substrate. Suitable rocky substrate includes rocky benches formed from consolidated rock of various geological origins (e.g., igneous, metamorphic, and sedimentary) that contain channels with macro- and micro- crevices or large boulders (greater than or equal to 1 m in diameter) and occur from MHHW to a depth of −6 m relative to MLLW",0,0,1,0,1,1,,designated,76 FR 66806,10/27/2011,https://www.federalregister.gov/documents/2011/10/27/2011-27376/endangered-and-threatened-wildlife-and-plants-final-rulemaking-to-designate-critical-habitat-for,,,,1,0,0,0,1,1,1,0,0,0,0,1,0,0,0,0,0,0,1,0,0,0,0,0,0,0,5,,Rocky substrate
298,Black Abalone,,,"California
This designation includes approximately 360 square kilometers of rocky intertidal and subtidal habitat within five segments of the California coast between the Del Mar Landing Ecological Reserve to the Palos Verdes Peninsula, as well as on the Farallon Islands, Año Nuevo Island, San Miguel Island, Santa Rosa Island, Santa Cruz Island, Anacapa Island, Santa Barbara Island, and Santa Catalina Island. This designation includes rocky intertidal and subtidal habitats from the mean higher high water (MHHW) line to a depth of −6 meters (m) (relative to the mean lower low water (MLLW) line), as well as the coastal marine waters encompassed by these areas.
The lateral extent of the critical habitat designation offshore is defined by the −6 m depth bathymetry contour relative to the MLLW line and shoreward to the MHHW line. ",Pacific,California,,"Food resources. Abundant food resources including bacterial and diatom films, crustose coralline algae, and a source of detrital macroalgae, are required for growth and survival of all stages of black abalone. ",0,0,1,0,1,1,,designated,76 FR 66806,10/27/2011,https://www.federalregister.gov/documents/2011/10/27/2011-27376/endangered-and-threatened-wildlife-and-plants-final-rulemaking-to-designate-critical-habitat-for,,,,1,0,0,1,0,0,0,0,0,0,0,0,0,0,0,0,0,0,0,0,0,0,1,0,0,0,5,,Food resources
299,Black Abalone,,,"California
This designation includes approximately 360 square kilometers of rocky intertidal and subtidal habitat within five segments of the California coast between the Del Mar Landing Ecological Reserve to the Palos Verdes Peninsula, as well as on the Farallon Islands, Año Nuevo Island, San Miguel Island, Santa Rosa Island, Santa Cruz Island, Anacapa Island, Santa Barbara Island, and Santa Catalina Island. This designation includes rocky intertidal and subtidal habitats from the mean higher high water (MHHW) line to a depth of −6 meters (m) (relative to the mean lower low water (MLLW) line), as well as the coastal marine waters encompassed by these areas.
The lateral extent of the critical habitat designation offshore is defined by the −6 m depth bathymetry contour relative to the MLLW line and shoreward to the MHHW line. ",Pacific,California,,"Juvenile settlement habitat. Rocky intertidal and subtidal habitat containing crustose coralline algae and crevices or cryptic biogenic structures (e.g., urchins, mussels, chiton holes, conspecifics, anemones) is important for successful larval recruitment and juvenile growth and survival of black abalone less than approximately 25 mm shell length",0,0,1,0,1,1,,designated,76 FR 66806,10/27/2011,https://www.federalregister.gov/documents/2011/10/27/2011-27376/endangered-and-threatened-wildlife-and-plants-final-rulemaking-to-designate-critical-habitat-for,,,,1,0,0,0,1,1,1,0,0,0,0,0,0,0,0,0,0,0,0,0,0,0,1,0,0,0,5,,Juvenile settlement habitat
300,Black Abalone,,,"California
This designation includes approximately 360 square kilometers of rocky intertidal and subtidal habitat within five segments of the California coast between the Del Mar Landing Ecological Reserve to the Palos Verdes Peninsula, as well as on the Farallon Islands, Año Nuevo Island, San Miguel Island, Santa Rosa Island, Santa Cruz Island, Anacapa Island, Santa Barbara Island, and Santa Catalina Island. This designation includes rocky intertidal and subtidal habitats from the mean higher high water (MHHW) line to a depth of −6 meters (m) (relative to the mean lower low water (MLLW) line), as well as the coastal marine waters encompassed by these areas.
The lateral extent of the critical habitat designation offshore is defined by the −6 m depth bathymetry contour relative to the MLLW line and shoreward to the MHHW line. ",Pacific,California,,"Suitable water quality. Suitable water quality includes temperature, salinity, pH, and other chemical characteristics necessary for normal settlement, growth, behavior, and viability of black abalone. ",0,0,1,0,1,1,,designated,76 FR 66806,10/27/2011,https://www.federalregister.gov/documents/2011/10/27/2011-27376/endangered-and-threatened-wildlife-and-plants-final-rulemaking-to-designate-critical-habitat-for,,,,1,0,0,0,0,0,0,0,1,0,0,0,0,1,1,1,0,0,0,0,0,0,0,0,1,0,5,,Suitable water quality
301,Black Abalone,,,"California
This designation includes approximately 360 square kilometers of rocky intertidal and subtidal habitat within five segments of the California coast between the Del Mar Landing Ecological Reserve to the Palos Verdes Peninsula, as well as on the Farallon Islands, Año Nuevo Island, San Miguel Island, Santa Rosa Island, Santa Cruz Island, Anacapa Island, Santa Barbara Island, and Santa Catalina Island. This designation includes rocky intertidal and subtidal habitats from the mean higher high water (MHHW) line to a depth of −6 meters (m) (relative to the mean lower low water (MLLW) line), as well as the coastal marine waters encompassed by these areas.
The lateral extent of the critical habitat designation offshore is defined by the −6 m depth bathymetry contour relative to the MLLW line and shoreward to the MHHW line. ",Pacific,California,,"Suitable nearshore circulation patterns. Suitable circulation patterns are those that retain eggs, sperm, fertilized eggs, and ready-to-settle larvae enough so that successful fertilization and settlement to suitable habitat can take place",0,0,1,0,1,1,,designated,76 FR 66806,10/27/2011,https://www.federalregister.gov/documents/2011/10/27/2011-27376/endangered-and-threatened-wildlife-and-plants-final-rulemaking-to-designate-critical-habitat-for,,,,1,0,1,0,0,0,0,0,0,0,0,0,0,0,0,0,0,0,0,0,0,0,0,0,0,0,5,,Suitable nearshore circulation patterns
302,Loggerhead Sea Turtle,Northwest Atlantic Ocean DPS,,38 occupied marine areas,Atlantic,"Alabama, Florida, Georgia, Mississippi, North Carolina, South Carolina",Nearshore reproductive habitat,Nearshore waters directly off the highest density nesting beaches and their adjacent beaches as identified in 50 CFR 17.95(c) to 1.6 km (1 mile) offshore,0,0,1,0,,,,designated,79 FR 39856,7/10/2014,https://www.federalregister.gov/documents/2014/07/10/2014-15748/endangered-and-threatened-species-critical-habitat-for-the-northwest-atlantic-ocean-loggerhead-sea,,,,1,0,0,0,0,0,0,0,0,0,0,0,0,0,0,0,0,0,0,0,0,0,0,0,0,1,17,,Nearshore waters directly off the highest density nesting beaches and their adjacent beaches
304,Loggerhead Sea Turtle,Northwest Atlantic Ocean DPS,,38 occupied marine areas,Atlantic,"Alabama, Florida, Georgia, Mississippi, North Carolina, South Carolina",Nearshore reproductive habitat,"Waters with minimal manmade structures that could promote predators (i.e., nearshore predator concentration caused by submerged and emergent offshore structures), disrupt wave patterns necessary for orientation, and/or create excessive longshore currents",0,0,1,0,,,,designated,79 FR 39856,7/10/2014,https://www.federalregister.gov/documents/2014/07/10/2014-15748/endangered-and-threatened-species-critical-habitat-for-the-northwest-atlantic-ocean-loggerhead-sea,,,,1,0,1,0,0,0,1,0,0,0,0,0,0,0,0,0,0,0,0,0,0,0,0,0,0,0,17,,Waters with minimal manmade structures
305,Loggerhead Sea Turtle,Northwest Atlantic Ocean DPS,0,38 occupied marine areas,Atlantic,NA,Foraging habitat,"Sufficient prey availability and quality, such as benthic invertebrates, including crabs (spider, rock, lady, hermit, blue, horseshoe), mollusks, echinoderms and sea pens",0,0,1,0,NA,NA,,designated,79 FR 39856,7/10/2014,https://www.federalregister.gov/documents/2014/07/10/2014-15748/endangered-and-threatened-species-critical-habitat-for-the-northwest-atlantic-ocean-loggerhead-sea,,,,1,0,0,1,1,0,0,0,0,0,0,0,0,0,0,0,0,0,0,0,0,0,0,0,0,0,17,"""...we remain unable to identify areas that are more essential than the rest of the continental shelf and associated bays and sounds, and have not identified any units of foraging critical habitat in this final rule""",Sufficient prey availability and quality
306,Loggerhead Sea Turtle,Northwest Atlantic Ocean DPS,0,38 occupied marine areas,Atlantic,NA,Foraging habitat,"Water temperatures to support loggerhead inhabitance, generally above 10° C",0,0,1,0,NA,NA,,designated,79 FR 39856,7/10/2014,https://www.federalregister.gov/documents/2014/07/10/2014-15748/endangered-and-threatened-species-critical-habitat-for-the-northwest-atlantic-ocean-loggerhead-sea,,,,1,0,0,0,0,0,0,0,0,0,0,0,0,1,1,0,0,0,0,0,0,0,0,0,0,0,17,"""...we remain unable to identify areas that are more essential than the rest of the continental shelf and associated bays and sounds, and have not identified any units of foraging critical habitat in this final rule""","Water temperatures to support loggerhead inhabitance, generally above 10° C"
307,Loggerhead Sea Turtle,Northwest Atlantic Ocean DPS,,38 occupied marine areas,Atlantic,North Carolina,Winter habitat,Water temperatures above 10° C from November through April,0,0,1,0,0,,,designated,79 FR 39856,7/10/2014,https://www.federalregister.gov/documents/2014/07/10/2014-15748/endangered-and-threatened-species-critical-habitat-for-the-northwest-atlantic-ocean-loggerhead-sea,,,,1,0,0,0,0,0,0,0,0,0,0,0,0,1,1,0,0,0,0,0,0,0,0,0,0,0,17,,Water temperatures above 10° C from November through April
308,Loggerhead Sea Turtle,Northwest Atlantic Ocean DPS,,38 occupied marine areas,Atlantic,North Carolina,Winter habitat,Continental shelf waters in proximity to the western boundary of the Gulf Stream,0,0,1,0,0,,,designated,79 FR 39856,7/10/2014,https://www.federalregister.gov/documents/2014/07/10/2014-15748/endangered-and-threatened-species-critical-habitat-for-the-northwest-atlantic-ocean-loggerhead-sea,,,,1,0,0,0,0,0,0,0,0,0,0,0,0,0,0,0,0,0,0,0,0,0,0,0,0,1,17,,Continental shelf waters in proximity to the western boundary of the Gulf Stream
309,Loggerhead Sea Turtle,Northwest Atlantic Ocean DPS,,38 occupied marine areas,Atlantic,North Carolina,Winter habitat,Water depths between 20 and 100 m,0,0,1,0,0,,,designated,79 FR 39856,7/10/2014,https://www.federalregister.gov/documents/2014/07/10/2014-15748/endangered-and-threatened-species-critical-habitat-for-the-northwest-atlantic-ocean-loggerhead-sea,,,,1,0,0,0,0,0,0,0,0,0,0,1,0,0,0,0,0,0,0,0,0,0,0,0,0,0,17,,Water depths between 20 and 100 m
310,Loggerhead Sea Turtle,Northwest Atlantic Ocean DPS,,38 occupied marine areas,Atlantic,Florida,Breeding habitat,High densities of reproductive male and female loggerheads,0,0,1,0,0,,,designated,79 FR 39856,7/10/2014,https://www.federalregister.gov/documents/2014/07/10/2014-15748/endangered-and-threatened-species-critical-habitat-for-the-northwest-atlantic-ocean-loggerhead-sea,,,,1,0,0,0,0,0,0,0,0,0,0,0,0,0,0,0,0,0,0,0,0,0,0,0,0,1,17,,High densities of reproductive male and female loggerheads
311,Loggerhead Sea Turtle,Northwest Atlantic Ocean DPS,,38 occupied marine areas,Atlantic,Florida,Breeding habitat,Proximity to primary Florida migratory corridor,0,0,1,0,0,,,designated,79 FR 39856,7/10/2014,https://www.federalregister.gov/documents/2014/07/10/2014-15748/endangered-and-threatened-species-critical-habitat-for-the-northwest-atlantic-ocean-loggerhead-sea,,,,1,0,0,0,0,0,0,0,0,0,0,0,0,0,0,0,0,0,0,0,0,0,0,0,0,1,17,,Proximity to primary Florida migratory corridor
312,Loggerhead Sea Turtle,Northwest Atlantic Ocean DPS,,38 occupied marine areas,Atlantic,Florida,Breeding habitat,Proximity to Florida nesting grounds,0,0,1,0,0,,,designated,79 FR 39856,7/10/2014,https://www.federalregister.gov/documents/2014/07/10/2014-15748/endangered-and-threatened-species-critical-habitat-for-the-northwest-atlantic-ocean-loggerhead-sea,,,,1,0,0,0,0,0,0,0,0,0,0,0,0,0,0,0,0,0,0,0,0,0,0,0,0,1,17,,Proximity to Florida nesting grounds
313,Loggerhead Sea Turtle,Northwest Atlantic Ocean DPS,,38 occupied marine areas,Atlantic,"Florida, North Carolina",Constricted migratory habitat,Constricted continental shelf area relative to nearby continental shelf waters that concentrate migratory pathways,0,0,1,0,0,,,designated,79 FR 39856,7/10/2014,https://www.federalregister.gov/documents/2014/07/10/2014-15748/endangered-and-threatened-species-critical-habitat-for-the-northwest-atlantic-ocean-loggerhead-sea,,,,1,0,0,0,0,0,0,0,0,0,0,0,0,0,0,0,0,0,0,0,0,0,0,0,0,1,17,,Constricted continental shelf area relative to nearby continental shelf waters that concentrate migratory pathways
314,Loggerhead Sea Turtle,Northwest Atlantic Ocean DPS,,38 occupied marine areas,Atlantic,"Florida, North Carolina",Constricted migratory habitat,"Passage conditions to allow for migration to and from nesting, breeding, and/or foraging areas",0,0,1,0,0,,,designated,79 FR 39856,7/10/2014,https://www.federalregister.gov/documents/2014/07/10/2014-15748/endangered-and-threatened-species-critical-habitat-for-the-northwest-atlantic-ocean-loggerhead-sea,,,,1,0,0,0,0,0,0,0,0,1,0,0,0,0,0,0,0,0,0,0,0,0,0,0,0,0,17,,Passage conditions
315,Loggerhead Sea Turtle,Northwest Atlantic Ocean DPS,,38 occupied marine areas,"Atlantic, Gulf of America","Florida, Louisiana, Texas",Sargassum habitat,"Convergence zones, surface-water downwelling areas, the margins of major boundary currents (Gulf Stream), and other locations where there are concentrated components of the Sargassum community in water temperatures suitable for the optimal growth of Sargassum and inhabitance of loggerheads",0,0,1,0,,,,designated,79 FR 39856,7/10/2014,https://www.federalregister.gov/documents/2014/07/10/2014-15748/endangered-and-threatened-species-critical-habitat-for-the-northwest-atlantic-ocean-loggerhead-sea,,,,1,0,1,0,0,0,0,0,0,0,0,0,0,1,1,0,0,0,0,0,0,0,0,0,0,0,17,,"Convergence zones, surface-water downwelling areas, the margins of major boundary currents, and other locations where there are concentrated components of the Sargassum community in suitable water temperatures"
316,Loggerhead Sea Turtle,Northwest Atlantic Ocean DPS,,38 occupied marine areas,"Atlantic, Gulf of America","Florida, Louisiana, Texas",Sargassum habitat,Sargassum in concentrations that support adequate prey abundance and cover,0,0,1,0,0,,,designated,79 FR 39856,7/10/2014,https://www.federalregister.gov/documents/2014/07/10/2014-15748/endangered-and-threatened-species-critical-habitat-for-the-northwest-atlantic-ocean-loggerhead-sea,,,,1,0,0,1,0,0,0,0,0,0,1,0,0,0,0,0,0,0,0,0,0,0,1,0,0,0,17,,Sargassum in concentrations that support adequate prey abundance and cover
317,Loggerhead Sea Turtle,Northwest Atlantic Ocean DPS,,38 occupied marine areas,"Atlantic, Gulf of America","Florida, Louisiana, Texas",Sargassum habitat,"Available prey and other material associated with Sargassum habitat including, but not limited to, plants and cyanobacteria and animals native to the Sargassum community such as hydroids and copepods",0,0,1,0,,,,designated,79 FR 39856,7/10/2014,https://www.federalregister.gov/documents/2014/07/10/2014-15748/endangered-and-threatened-species-critical-habitat-for-the-northwest-atlantic-ocean-loggerhead-sea,,,,1,0,0,1,0,0,0,0,0,0,0,0,0,0,0,0,0,0,0,0,0,0,1,0,1,0,17,,Available prey and other material associated with Sargassum habitat
318,Loggerhead Sea Turtle,Northwest Atlantic Ocean DPS,,38 occupied marine areas,"Atlantic, Gulf of America","Florida, Louisiana, Texas",Sargassum habitat,"Sufficient water depth and proximity to available currents to ensure offshore transport (out of the surf zone), and foraging and cover requirements by Sargassum for post-hatchling loggerheads, i.e., >10 m depth",0,0,1,0,,,,designated,79 FR 39856,7/10/2014,https://www.federalregister.gov/documents/2014/07/10/2014-15748/endangered-and-threatened-species-critical-habitat-for-the-northwest-atlantic-ocean-loggerhead-sea,,,,1,0,1,1,0,0,0,0,0,0,1,1,0,0,0,0,0,0,0,0,0,0,1,0,0,0,17,,Sufficient water depth and proximity to available currents
319,Bocaccio,Puget Sound/Georgia Basin DPS,,"Washington
The specific areas in the final designation include 590.4 square miles (1529 square km) of nearshore habitat for canary rockfish and bocaccio, and 414.1 square miles (1072.5 square km) of deepwater habitat for yelloweye rockfish, canary rockfish and bocaccio.
The range of the DPSs includes portions of Canadian waters; however, we cannot designate areas outside U.S. jurisdiction as critical habitat (50 CFR 424.12(h)). Puget Sound and Georgia Basin make up the southern arm of an inland sea located on the Pacific Coast of North America and connected to the Pacific Ocean by the Strait of Juan de Fuca.",Pacific,Washington,Adult bocaccio,Benthic habitats or sites deeper than 30 m (98ft) that possess or are adjacent to areas of complex bathymetry consisting of rock and or highly rugose habitat,0,1,1,0,,,,designated,79 FR 68042,11/13/2014,https://www.federalregister.gov/d/2014-26558,,,,0,0,0,0,1,1,1,0,0,0,0,1,0,0,0,0,0,0,0,0,0,0,0,0,0,0,5,,Benthic habitats deeper than 30 m (98ft) with complex bathymetry consisting of rock and or highly rugose habitat
320,Bocaccio,Puget Sound/Georgia Basin DPS,,"Washington
The specific areas in the final designation include 590.4 square miles (1529 square km) of nearshore habitat for canary rockfish and bocaccio, and 414.1 square miles (1072.5 square km) of deepwater habitat for yelloweye rockfish, canary rockfish and bocaccio.
The range of the DPSs includes portions of Canadian waters; however, we cannot designate areas outside U.S. jurisdiction as critical habitat (50 CFR 424.12(h)). Puget Sound and Georgia Basin make up the southern arm of an inland sea located on the Pacific Coast of North America and connected to the Pacific Ocean by the Strait of Juan de Fuca.",Pacific,Washington,Adult and juvenile bocaccio,"Quantity, quality, and availability of prey species to support individual growth, survival, reproduction, and feeding opportunities",0,1,1,0,,,,designated,79 FR 68042,11/13/2014,https://www.federalregister.gov/d/2014-26558,,,,0,0,0,1,0,0,0,0,0,0,0,0,0,0,0,0,0,0,0,0,0,0,0,0,0,0,5,,"Quantity, quality, and availability of prey species to support individual growth, survival, reproduction, and feeding opportunities"
321,Bocaccio,Puget Sound/Georgia Basin DPS,,"Washington
The specific areas in the final designation include 590.4 square miles (1529 square km) of nearshore habitat for canary rockfish and bocaccio, and 414.1 square miles (1072.5 square km) of deepwater habitat for yelloweye rockfish, canary rockfish and bocaccio.
The range of the DPSs includes portions of Canadian waters; however, we cannot designate areas outside U.S. jurisdiction as critical habitat (50 CFR 424.12(h)). Puget Sound and Georgia Basin make up the southern arm of an inland sea located on the Pacific Coast of North America and connected to the Pacific Ocean by the Strait of Juan de Fuca.",Pacific,Washington,Adult and juvenile bocaccio,"Water quality and sufficient levels of dissolved oxygen to support growth, survival, reproduction, and feeding opportunities",0,1,1,0,1,1,,designated,79 FR 68042,11/13/2014,https://www.federalregister.gov/d/2014-26558,,,,0,0,0,0,0,0,0,0,1,0,0,0,0,1,0,0,1,0,0,0,0,0,0,0,0,0,5,,"Water quality and sufficient levels of dissolved oxygen to support growth, survival, reproduction, and feeding opportunities"
322,Bocaccio,Puget Sound/Georgia Basin DPS,,"Washington
The specific areas in the final designation include 590.4 square miles (1529 square km) of nearshore habitat for canary rockfish and bocaccio, and 414.1 square miles (1072.5 square km) of deepwater habitat for yelloweye rockfish, canary rockfish and bocaccio.
The range of the DPSs includes portions of Canadian waters; however, we cannot designate areas outside U.S. jurisdiction as critical habitat (50 CFR 424.12(h)). Puget Sound and Georgia Basin make up the southern arm of an inland sea located on the Pacific Coast of North America and connected to the Pacific Ocean by the Strait of Juan de Fuca.",Pacific,Washington,Adult bocaccio,The type and amount of structure and rugosity that supports feeding opportunities and predator avoidance,0,1,1,0,1,1,,designated,79 FR 68042,11/13/2014,https://www.federalregister.gov/d/2014-26558,,,,0,0,0,0,1,0,1,0,0,0,1,0,0,0,0,0,0,0,0,0,0,0,0,0,0,0,5,,The type and amount of structure and rugosity that supports feeding opportunities and predator avoidance
323,Bocaccio,Puget Sound/Georgia Basin DPS,,"Washington
The specific areas in the final designation include 590.4 square miles (1529 square km) of nearshore habitat for canary rockfish and bocaccio, and 414.1 square miles (1072.5 square km) of deepwater habitat for yelloweye rockfish, canary rockfish and bocaccio.
The range of the DPSs includes portions of Canadian waters; however, we cannot designate areas outside U.S. jurisdiction as critical habitat (50 CFR 424.12(h)). Puget Sound and Georgia Basin make up the southern arm of an inland sea located on the Pacific Coast of North America and connected to the Pacific Ocean by the Strait of Juan de Fuca.",Pacific,Washington,Juvenile bocaccio,"Juvenile settlement habitats located in the nearshore with substrates such as sand, rock and/or cobble compositions that also support kelp (families Chordaceae, Alariaceae, Lessoniacea, Costariaceae, and Laminaricea). ",0,1,1,0,,,,designated,79 FR 68042,11/13/2014,https://www.federalregister.gov/d/2014-26558,,,,0,0,0,0,1,1,0,0,0,0,0,0,0,0,0,0,0,0,0,0,0,0,1,0,0,0,5,,Juvenile settlement habitats in the nearshore with substrates that also support kelp
324,Yelloweye Rockfish,Puget Sound/Georgia Basin DPS,,"Washington
The specific areas in the final designation include 590.4 square miles (1529 square km) of nearshore habitat for canary rockfish and bocaccio, and 414.1 square miles (1072.5 square km) of deepwater habitat for yelloweye rockfish, canary rockfish and bocaccio.
The range of the DPSs includes portions of Canadian waters; however, we cannot designate areas outside U.S. jurisdiction as critical habitat (50 CFR 424.12(h)). Puget Sound and Georgia Basin make up the southern arm of an inland sea located on the Pacific Coast of North America and connected to the Pacific Ocean by the Strait of Juan de Fuca.",Pacific,Washington,,Benthic habitats or sites deeper than 30 m (98ft) that possess or are adjacent to areas of complex bathymetry consisting of rock and or highly rugose habitat,0,1,1,0,,,,designated,79 FR 68042,11/13/2014,https://www.federalregister.gov/d/2014-26558,,,,0,0,0,0,1,1,1,0,0,0,0,1,0,0,0,0,0,0,0,0,0,0,0,0,0,0,4,,Benthic habitats deeper than 30 m (98ft) with complex bathymetry consisting of rock and or highly rugose habitat
325,Yelloweye Rockfish,Puget Sound/Georgia Basin DPS,,"Washington
The specific areas in the final designation include 590.4 square miles (1529 square km) of nearshore habitat for canary rockfish and bocaccio, and 414.1 square miles (1072.5 square km) of deepwater habitat for yelloweye rockfish, canary rockfish and bocaccio.
The range of the DPSs includes portions of Canadian waters; however, we cannot designate areas outside U.S. jurisdiction as critical habitat (50 CFR 424.12(h)). Puget Sound and Georgia Basin make up the southern arm of an inland sea located on the Pacific Coast of North America and connected to the Pacific Ocean by the Strait of Juan de Fuca.",Pacific,Washington,,"Quantity, quality, and availability of prey species to support individual growth, survival, reproduction, and feeding opportunities",0,1,1,0,1,1,,designated,79 FR 68042,11/13/2014,https://www.federalregister.gov/d/2014-26558,,,,0,0,0,1,0,0,0,0,0,0,0,0,0,0,0,0,0,0,0,0,0,0,0,0,0,0,4,,"Quantity, quality, and availability of prey species"
326,Yelloweye Rockfish,Puget Sound/Georgia Basin DPS,,"Washington
The specific areas in the final designation include 590.4 square miles (1529 square km) of nearshore habitat for canary rockfish and bocaccio, and 414.1 square miles (1072.5 square km) of deepwater habitat for yelloweye rockfish, canary rockfish and bocaccio.
The range of the DPSs includes portions of Canadian waters; however, we cannot designate areas outside U.S. jurisdiction as critical habitat (50 CFR 424.12(h)). Puget Sound and Georgia Basin make up the southern arm of an inland sea located on the Pacific Coast of North America and connected to the Pacific Ocean by the Strait of Juan de Fuca.",Pacific,Washington,,"Water quality and sufficient levels of dissolved oxygen to support growth, survival, reproduction, and feeding opportunities",0,1,1,0,1,1,,designated,79 FR 68042,11/13/2014,https://www.federalregister.gov/d/2014-26558,,,,0,0,0,0,0,0,0,0,1,0,0,0,0,1,0,0,1,0,0,0,0,0,0,0,0,0,4,,Water quality and sufficient levels of dissolved oxygen
327,Yelloweye Rockfish,Puget Sound/Georgia Basin DPS,,"Washington
The specific areas in the final designation include 590.4 square miles (1529 square km) of nearshore habitat for canary rockfish and bocaccio, and 414.1 square miles (1072.5 square km) of deepwater habitat for yelloweye rockfish, canary rockfish and bocaccio.
The range of the DPSs includes portions of Canadian waters; however, we cannot designate areas outside U.S. jurisdiction as critical habitat (50 CFR 424.12(h)). Puget Sound and Georgia Basin make up the southern arm of an inland sea located on the Pacific Coast of North America and connected to the Pacific Ocean by the Strait of Juan de Fuca.",Pacific,Washington,,The type and amount of structure and rugosity that supports feeding opportunities and predator avoidance,0,1,1,0,1,1,,designated,79 FR 68042,11/13/2014,https://www.federalregister.gov/d/2014-26558,,,,0,0,0,0,1,0,1,0,0,0,0,0,0,0,0,0,0,0,0,0,0,0,0,0,0,0,4,,Structure and rugosity
328,Hawaiian Monk Seal,,,"Hawaii
sixteen occupied areas within the range of the species: ten areas in the Northwestern Hawaiian Islands (NWHI) and six in the main Hawaiian Islands (MHI)
Specific areas in the NWHI include all beach areas, sand spits and islets, including all beach crest vegetation to its deepest extent inland, lagoon waters, inner reef waters, and including marine habitat through the water's edge, including the seafloor and all subsurface waters and marine habitat within 10 meters (m) of the seafloor, out to the 200-m depth contour line around the following 10 areas: Kure Atoll, Midway Islands, Pearl and Hermes Reef, Lisianski Island, Laysan Island, Maro Reef, Gardner Pinnacles, French Frigate Shoals, Necker Island, and Nihoa Island. Specific areas in the MHI include marine habitat from the 200-m depth contour line, including the seafloor and all subsurface waters and marine habitat within 10 m of the seafloor, through the water's edge 5 m into the terrestrial environment from the shoreline between identified boundary points on the islands of: Kaula, Niihau, Kauai, Oahu, Maui Nui (including Kahoolawe, Lanai, Maui, and Molokai), and Hawaii. In areas where critical habitat does not extend inland, the designation ends at a line that marks mean lower low water.",Pacific,Hawai'i,,"Terrestrial areas and adjacent shallow, sheltered aquatic areas with characteristics preferred by monk seals for pupping and nursing",0,0,1,1,,,,designated,80 FR 50926,8/21/2015,https://www.federalregister.gov/documents/2015/08/21/2015-20617/endangered-and-threatened-species-final-rulemaking-to-revise-critical-habitat-for-hawaiian-monk,,,,0,0,0,0,0,1,0,1,0,0,1,1,0,1,1,0,0,0,0,0,0,0,1,0,1,0,3,,"Terrestrial areas and adjacent shallow, sheltered aquatic areas for pupping and nursing"
329,Hawaiian Monk Seal,,,"Hawaii
sixteen occupied areas within the range of the species: ten areas in the Northwestern Hawaiian Islands (NWHI) and six in the main Hawaiian Islands (MHI)
Specific areas in the NWHI include all beach areas, sand spits and islets, including all beach crest vegetation to its deepest extent inland, lagoon waters, inner reef waters, and including marine habitat through the water's edge, including the seafloor and all subsurface waters and marine habitat within 10 meters (m) of the seafloor, out to the 200-m depth contour line around the following 10 areas: Kure Atoll, Midway Islands, Pearl and Hermes Reef, Lisianski Island, Laysan Island, Maro Reef, Gardner Pinnacles, French Frigate Shoals, Necker Island, and Nihoa Island. Specific areas in the MHI include marine habitat from the 200-m depth contour line, including the seafloor and all subsurface waters and marine habitat within 10 m of the seafloor, through the water's edge 5 m into the terrestrial environment from the shoreline between identified boundary points on the islands of: Kaula, Niihau, Kauai, Oahu, Maui Nui (including Kahoolawe, Lanai, Maui, and Molokai), and Hawaii. In areas where critical habitat does not extend inland, the designation ends at a line that marks mean lower low water.",Pacific,Hawai'i,,Marine areas from 0 to 200 m in depth that support adequate prey quality and quantity for juvenile and adult monk seal foraging,0,0,1,0,1,1,,designated,80 FR 50926,8/21/2015,https://www.federalregister.gov/documents/2015/08/21/2015-20617/endangered-and-threatened-species-final-rulemaking-to-revise-critical-habitat-for-hawaiian-monk,,,,0,0,0,1,0,0,0,0,0,0,0,1,0,0,0,0,0,0,0,0,0,0,0,0,0,0,3,,Marine areas from 0 to 200 m in depth that support adequate prey quality and quantity
330,Hawaiian Monk Seal,,,"Hawaii
sixteen occupied areas within the range of the species: ten areas in the Northwestern Hawaiian Islands (NWHI) and six in the main Hawaiian Islands (MHI)
Specific areas in the NWHI include all beach areas, sand spits and islets, including all beach crest vegetation to its deepest extent inland, lagoon waters, inner reef waters, and including marine habitat through the water's edge, including the seafloor and all subsurface waters and marine habitat within 10 meters (m) of the seafloor, out to the 200-m depth contour line around the following 10 areas: Kure Atoll, Midway Islands, Pearl and Hermes Reef, Lisianski Island, Laysan Island, Maro Reef, Gardner Pinnacles, French Frigate Shoals, Necker Island, and Nihoa Island. Specific areas in the MHI include marine habitat from the 200-m depth contour line, including the seafloor and all subsurface waters and marine habitat within 10 m of the seafloor, through the water's edge 5 m into the terrestrial environment from the shoreline between identified boundary points on the islands of: Kaula, Niihau, Kauai, Oahu, Maui Nui (including Kahoolawe, Lanai, Maui, and Molokai), and Hawaii. In areas where critical habitat does not extend inland, the designation ends at a line that marks mean lower low water.",Pacific,Hawai'i,,"Significant areas used by monk seals for hauling out, resting, or molting",0,0,1,1,1,1,,designated,80 FR 50926,8/21/2015,https://www.federalregister.gov/documents/2015/08/21/2015-20617/endangered-and-threatened-species-final-rulemaking-to-revise-critical-habitat-for-hawaiian-monk,,,,0,0,0,0,0,1,0,1,0,0,0,0,0,0,0,0,0,0,0,0,0,0,0,0,1,0,3,,"Significant areas used by monk seals for hauling out, resting, or molting"
331,North Atlantic Right Whale,,,"approximately 29,763 nm 2 of marine habitat in the Gulf of Maine and Georges Bank region (Unit 1) and off the Southeast U.S. coast (Unit 2)",Atlantic,"Maine, New Hampshire, Massachusetts",Foraging habitat,"The physical oceanographic conditions and structures of the Gulf of Maine and Georges Bank region that combine to distribute and aggregate C. finmarchicus for right whale foraging, namely prevailing currents and circulation patterns, bathymetric features (basins, banks, and channels), oceanic fronts, density gradients, and temperature regimes",0,0,1,0,0,1,,designated,81 FR 4838,1/27/2016,https://www.federalregister.gov/documents/2016/01/27/2016-01633/endangered-and-threatened-species-critical-habitat-for-endangered-north-atlantic-right-whale,,,,0,0,1,0,0,0,0,0,0,0,0,0,0,1,1,0,0,0,0,0,0,0,0,0,0,0,7,Gulf of Maine and Georges Bank Region (Unit 1),The physical oceanographic conditions and structures of the Gulf of Maine and Georges Bank region that combine to distribute and aggregate C. finmarchicus
332,North Atlantic Right Whale,,,"approximately 29,763 nm 2 of marine habitat in the Gulf of Maine and Georges Bank region (Unit 1) and off the Southeast U.S. coast (Unit 2)",Atlantic,"Maine, New Hampshire, Massachusetts",Foraging habitat,"Low flow velocities in Jordan, Wilkinson, and Georges Basins that allow diapausing C. finmarchicus to aggregate passively below the convective layer so that the copepods are retained in the basins",0,0,1,0,0,1,,designated,81 FR 4838,1/27/2016,https://www.federalregister.gov/documents/2016/01/27/2016-01633/endangered-and-threatened-species-critical-habitat-for-endangered-north-atlantic-right-whale,,,,0,0,1,1,0,0,0,0,0,0,0,0,0,0,0,0,0,0,0,0,0,1,0,0,0,0,7,Gulf of Maine and Georges Bank Region (Unit 1),"Low flow velocities in Jordan, Wilkinson, and Georges Basins that allow diapausing C. finmarchicus to aggregate"
333,North Atlantic Right Whale,,,"approximately 29,763 nm 2 of marine habitat in the Gulf of Maine and Georges Bank region (Unit 1) and off the Southeast U.S. coast (Unit 2)",Atlantic,"Maine, New Hampshire, Massachusetts",Foraging habitat,Late stage C. finmarchicus in dense aggregations in the Gulf of Maine and Georges Bank region,0,0,1,0,0,1,,designated,81 FR 4838,1/27/2016,https://www.federalregister.gov/documents/2016/01/27/2016-01633/endangered-and-threatened-species-critical-habitat-for-endangered-north-atlantic-right-whale,,,,0,0,0,1,0,0,0,0,0,0,0,0,0,0,0,0,0,0,0,0,0,0,0,0,0,0,7,Gulf of Maine and Georges Bank Region (Unit 1),Late stage C. finmarchicus in dense aggregations in the Gulf of Maine and Georges Bank region
334,North Atlantic Right Whale,,,"approximately 29,763 nm 2 of marine habitat in the Gulf of Maine and Georges Bank region (Unit 1) and off the Southeast U.S. coast (Unit 2)",Atlantic,"Maine, New Hampshire, Massachusetts",Foraging habitat,Diapausing C. finmarchicus in aggregations in the Gulf of Maine and Georges Bank region,0,0,1,0,0,1,,designated,81 FR 4838,1/27/2016,https://www.federalregister.gov/documents/2016/01/27/2016-01633/endangered-and-threatened-species-critical-habitat-for-endangered-north-atlantic-right-whale,,,,0,0,0,1,0,0,0,0,0,0,0,0,0,0,0,0,0,0,0,0,0,0,0,0,0,0,7,Gulf of Maine and Georges Bank Region (Unit 1),Diapausing C. finmarchicus in aggregations in the Gulf of Maine and Georges Bank region
335,North Atlantic Right Whale,,,"approximately 29,763 nm 2 of marine habitat in the Gulf of Maine and Georges Bank region (Unit 1) and off the Southeast U.S. coast (Unit 2)",Atlantic,"North Carolina, South Carolina, Georgia, Florida",Calving habitat,Calm sea surface conditions of Force 4 or less on the Beaufort Wind Scale,0,0,1,0,0,1,,designated,81 FR 4838,1/27/2016,https://www.federalregister.gov/documents/2016/01/27/2016-01633/endangered-and-threatened-species-critical-habitat-for-endangered-north-atlantic-right-whale,,,,0,0,1,0,0,0,0,0,0,0,0,0,0,0,0,0,0,0,0,0,0,0,0,0,1,0,7,"off the coast of North Carolina, South Carolina, Georgia and Florida (Unit 2)",Calm sea surface conditions of Force 4 or less on the Beaufort Wind Scale
336,North Atlantic Right Whale,,,"approximately 29,763 nm 2 of marine habitat in the Gulf of Maine and Georges Bank region (Unit 1) and off the Southeast U.S. coast (Unit 2)",Atlantic,"North Carolina, South Carolina, Georgia, Florida",Calving habitat,"Sea surface temperatures from a minimum of 7 °C, and never more than 17 °C",0,0,1,0,0,1,,designated,81 FR 4838,1/27/2016,https://www.federalregister.gov/documents/2016/01/27/2016-01633/endangered-and-threatened-species-critical-habitat-for-endangered-north-atlantic-right-whale,,,,0,0,0,0,0,0,0,0,0,0,0,0,0,1,1,0,0,0,0,0,0,0,0,0,0,0,7,"off the coast of North Carolina, South Carolina, Georgia and Florida (Unit 2)",Sea surface temperatures from 7 °C to 17 °C
337,North Atlantic Right Whale,,,"approximately 29,763 nm 2 of marine habitat in the Gulf of Maine and Georges Bank region (Unit 1) and off the Southeast U.S. coast (Unit 2)",Atlantic,"North Carolina, South Carolina, Georgia, Florida",Calving habitat,"Water depths of 6 to 28 meters, where the sea surface conditions and temperature features simultaneously co-occur over contiguous areas of at least 231 nm2 of ocean waters during the months of November through April",0,0,1,0,0,1,,designated,81 FR 4838,1/27/2016,https://www.federalregister.gov/documents/2016/01/27/2016-01633/endangered-and-threatened-species-critical-habitat-for-endangered-north-atlantic-right-whale,,,,0,0,1,0,0,0,0,0,0,0,0,1,0,1,1,0,0,0,0,0,0,0,0,0,1,0,7,"off the coast of North Carolina, South Carolina, Georgia and Florida (Unit 2)","Water depths of 6 to 28 meters, where the sea surface conditions and temperatures simultaneously co-occur over areas of at least 231 nm2 during November through April"
338,Atlantic Sturgeon,Carolina DPS,,"Specific occupied areas designated as critical habitat for the Carolina DPS of Atlantic sturgeon contain approximately 1,939 km (1,205 miles) of aquatic habitat in the following rivers of North Carolina and South Carolina: Roanoke, Tar-Pamlico, Neuse, Cape Fear, Northeast Cape Fear, Waccamaw, Pee Dee, Black, Santee, North Santee, South Santee, and Cooper, and the following other water body: Bull Creek. ",Atlantic,"North Carolina, South Carolina",,"Hard bottom substrate (e.g., rock, cobble, gravel, limestone, boulder, etc.) in low salinity waters (i.e., 0.0-0.5 ppt range) for settlement of fertilized eggs and refuge, growth, and development of early life stages",1,0,0,0,,,,designated,82 FR 39160,8/17/2017,https://www.federalregister.gov/documents/2017/08/17/2017-17207/endangered-and-threatened-species-designation-of-critical-habitat-for-the-endangered-new-york-bight,,,,0,0,0,0,1,1,0,0,0,0,1,0,0,1,0,1,0,0,1,0,0,0,0,0,0,0,4,,Hard bottom substrate in low salinity waters
339,Atlantic Sturgeon,Carolina DPS,,"Specific occupied areas designated as critical habitat for the Carolina DPS of Atlantic sturgeon contain approximately 1,939 km (1,205 miles) of aquatic habitat in the following rivers of North Carolina and South Carolina: Roanoke, Tar-Pamlico, Neuse, Cape Fear, Northeast Cape Fear, Waccamaw, Pee Dee, Black, Santee, North Santee, South Santee, and Cooper, and the following other water body: Bull Creek. ",Atlantic,"North Carolina, South Carolina",,"Aquatic habitat inclusive of waters with a gradual downstream salinity gradient of 0.5 up to as high as 30 ppt and soft substrate (e.g., sand, mud) between the river mouths and spawning sites for juvenile foraging and physiological development",1,1,0,0,1,1,,designated,82 FR 39160,8/17/2017,https://www.federalregister.gov/documents/2017/08/17/2017-17207/endangered-and-threatened-species-designation-of-critical-habitat-for-the-endangered-new-york-bight,,,,0,0,0,0,1,1,0,0,0,0,0,0,0,1,0,1,0,0,0,0,0,0,0,0,0,0,4,,Aquatic habitat with a gradual downstream salinity gradient of 0.5 up to as high as 30 ppt and soft substrate for juvenile foraging and development
340,Atlantic Sturgeon,Carolina DPS,,"Specific occupied areas designated as critical habitat for the Carolina DPS of Atlantic sturgeon contain approximately 1,939 km (1,205 miles) of aquatic habitat in the following rivers of North Carolina and South Carolina: Roanoke, Tar-Pamlico, Neuse, Cape Fear, Northeast Cape Fear, Waccamaw, Pee Dee, Black, Santee, North Santee, South Santee, and Cooper, and the following other water body: Bull Creek. ",Atlantic,"North Carolina, South Carolina",,"Water of appropriate depth and absent physical barriers to passage (e.g., locks, dams, thermal plumes, turbidity, sound, reservoirs, gear, etc.) between the river mouth and spawning sites necessary to support: (1) Unimpeded movement of adults to and from spawning sites; (2) seasonal and physiologically dependent movement of juvenile Atlantic sturgeon to appropriate salinity zones within the river estuary; and (3) staging, resting, or holding of subadults and spawning condition adults. Water depths in main river channels must also be deep enough (at least 1.2 m) to ensure continuous flow in the main channel at all times when any sturgeon life stage would be in the river",1,1,0,0,1,1,,designated,82 FR 39160,8/17/2017,https://www.federalregister.gov/documents/2017/08/17/2017-17207/endangered-and-threatened-species-designation-of-critical-habitat-for-the-endangered-new-york-bight,,,,0,0,0,0,0,0,0,1,0,1,0,1,0,1,1,1,0,0,1,0,1,0,0,0,0,0,4,,Water of appropriate depth and absent physical barriers to passage between the river mouth and spawning sites
341,Atlantic Sturgeon,Carolina DPS,,"Specific occupied areas designated as critical habitat for the Carolina DPS of Atlantic sturgeon contain approximately 1,939 km (1,205 miles) of aquatic habitat in the following rivers of North Carolina and South Carolina: Roanoke, Tar-Pamlico, Neuse, Cape Fear, Northeast Cape Fear, Waccamaw, Pee Dee, Black, Santee, North Santee, South Santee, and Cooper, and the following other water body: Bull Creek. ",Atlantic,"North Carolina, South Carolina",,"Water quality conditions, especially in the bottom meter of the water column, between the river mouths and spawning sites with temperature and oxygen values that support: (1) Spawning; (2) annual and inter-annual adult, subadult, larval, and juvenile survival; and (3) larval, juvenile, and subadult growth, development, and recruitment. Appropriate temperature and oxygen values will vary interdependently, and depending on salinity in a particular habitat. For example, 6.0 mg/L DO or greater likely supports juvenile rearing habitat, whereas DO less than 5.0 mg/L for longer than 30 days is less likely to support rearing when water temperature is greater than 25 °C. In temperatures greater than 26 °C, DO greater than 4.3 mg/L is needed to protect survival and growth. Temperatures of 13 to 26 °C likely support spawning habitat",1,1,0,0,1,1,,designated,82 FR 39160,8/17/2017,https://www.federalregister.gov/documents/2017/08/17/2017-17207/endangered-and-threatened-species-designation-of-critical-habitat-for-the-endangered-new-york-bight,,,,0,0,0,0,0,0,0,0,1,0,0,0,0,1,1,1,1,0,0,0,0,0,0,0,0,0,4,,"Water quality conditions between the river mouths and spawning sites with temperature and oxygen values that support spawning, survival, growth, development, and recruitment"
342,Atlantic Sturgeon,Chesapeake Bay DPS,,"Specific occupied areas designated as critical habitat for the Chesapeake Bay DPS of Atlantic sturgeon contain approximately 773 km (480 miles) of aquatic habitat in the following rivers of Maryland, Virginia, and the District of Columbia: Potomac, Rappahannock, York, Pamunkey, Mattaponi, James, Nanticoke, and the following other water body: Marshyhope Creek. ",Atlantic,"Maryland, Virginia, District of Columbia",,"Hard bottom substrate (e.g., rock, cobble, gravel, limestone, boulder, etc.) in low salinity waters (i.e., 0.0-0.5 ppt range) for settlement of fertilized eggs, refuge, growth, and development of early life stages",1,0,0,0,,,,designated,82 FR 39160,8/17/2017,https://www.federalregister.gov/documents/2017/08/17/2017-17207/endangered-and-threatened-species-designation-of-critical-habitat-for-the-endangered-new-york-bight,,,,0,0,0,0,1,1,0,0,0,0,1,0,0,1,0,1,0,0,1,0,0,0,0,0,0,0,4,,Hard bottom substrate in low salinity waters
343,Atlantic Sturgeon,Chesapeake Bay DPS,,"Specific occupied areas designated as critical habitat for the Chesapeake Bay DPS of Atlantic sturgeon contain approximately 773 km (480 miles) of aquatic habitat in the following rivers of Maryland, Virginia, and the District of Columbia: Potomac, Rappahannock, York, Pamunkey, Mattaponi, James, Nanticoke, and the following other water body: Marshyhope Creek. ",Atlantic,"Maryland, Virginia, District of Columbia",,"Aquatic habitat with a gradual downstream salinity gradient of 0.5 up to as high as 30 ppt and soft substrate (e.g., sand, mud) between the river mouth and spawning sites for juvenile foraging and physiological development",1,1,0,0,1,1,,designated,82 FR 39160,8/17/2017,https://www.federalregister.gov/documents/2017/08/17/2017-17207/endangered-and-threatened-species-designation-of-critical-habitat-for-the-endangered-new-york-bight,,,,0,0,0,0,1,1,0,0,0,0,0,0,0,1,0,1,0,0,0,0,0,0,0,0,0,0,4,,Aquatic habitat with a gradual downstream salinity gradient of 0.5 up to as high as 30 ppt and soft substrate for juvenile foraging and development
344,Atlantic Sturgeon,Chesapeake Bay DPS,,"Specific occupied areas designated as critical habitat for the Chesapeake Bay DPS of Atlantic sturgeon contain approximately 773 km (480 miles) of aquatic habitat in the following rivers of Maryland, Virginia, and the District of Columbia: Potomac, Rappahannock, York, Pamunkey, Mattaponi, James, Nanticoke, and the following other water body: Marshyhope Creek. ",Atlantic,"Maryland, Virginia, District of Columbia",,"Water of appropriate depth and absent physical barriers to passage (e.g., locks, dams, thermal plumes, turbidity, sound, reservoirs, gear, etc.) between the river mouth and spawning sites necessary to support: Unimpeded movements of adults to and from spawning sites; seasonal and physiologically dependent movement of juvenile Atlantic sturgeon to appropriate salinity zones within the river estuary, and; staging, resting, or holding of subadults or Spawning condition adults. Water depths in main river channels must also be deep enough (e.g., at least 1.2 m) to ensure continuous flow in the main channel at all times when any sturgeon life stage would be in the river",1,1,0,0,1,1,,designated,82 FR 39160,8/17/2017,https://www.federalregister.gov/documents/2017/08/17/2017-17207/endangered-and-threatened-species-designation-of-critical-habitat-for-the-endangered-new-york-bight,,,,0,0,0,0,0,0,0,1,0,1,0,1,0,1,1,1,0,0,1,0,1,0,0,0,0,0,4,,Water of appropriate depth and absent physical barriers to passage between the river mouth and spawning sites
345,Atlantic Sturgeon,Chesapeake Bay DPS,,"Specific occupied areas designated as critical habitat for the Chesapeake Bay DPS of Atlantic sturgeon contain approximately 773 km (480 miles) of aquatic habitat in the following rivers of Maryland, Virginia, and the District of Columbia: Potomac, Rappahannock, York, Pamunkey, Mattaponi, James, Nanticoke, and the following other water body: Marshyhope Creek. ",Atlantic,"Maryland, Virginia, District of Columbia",,"Water, between the river mouth and spawning sites, especially in the bottom meter of the water column, with the temperature, salinity, and oxygen values that, combined, support: Spawning; annual and interannual adult, subadult, larval, and juvenile survival; and larval, juvenile, and subadult growth, development, and recruitment (e.g., 13 °C to 26 °C for spawning habitat and no more than 30 °C for juvenile rearing habitat, and 6 mg/L or greater DO for juvenile rearing habitat)",1,1,0,0,1,1,,designated,82 FR 39160,8/17/2017,https://www.federalregister.gov/documents/2017/08/17/2017-17207/endangered-and-threatened-species-designation-of-critical-habitat-for-the-endangered-new-york-bight,,,,0,0,0,0,0,0,0,0,0,0,0,0,0,1,1,1,1,0,0,0,0,0,0,0,0,0,4,,"Water, between the river mouth and spawning sites, with the temperature, salinity, and oxygen values that, combined, support spawning, survival, growth, development, and recruitment"
346,Atlantic Sturgeon,Gulf of Maine DPS,,"Specific occupied areas designated as critical habitat for the Gulf of Maine DPS of Atlantic sturgeon contain approximately 244 kilometers (km; 152 miles) of aquatic habitat in the following rivers of Maine, New Hampshire, and Massachusetts: Penobscot, Kennebec, Androscoggin, Piscataqua, Cocheco, Salmon Falls, and Merrimack. ",Atlantic,"Maine, New Hampshire, Massachusetts",,"Hard bottom substrate (e.g., rock, cobble, gravel, limestone, boulder, etc.) in low salinity waters (i.e., 0.0-0.5 ppt range) for settlement of fertilized eggs, refuge, growth, and development of early life stages",1,0,0,0,,,,designated,82 FR 39160,8/17/2017,https://www.federalregister.gov/documents/2017/08/17/2017-17207/endangered-and-threatened-species-designation-of-critical-habitat-for-the-endangered-new-york-bight,,,,0,0,0,0,1,1,0,0,0,0,1,0,0,1,0,1,0,0,1,0,0,0,0,0,0,0,4,,Hard bottom substrate in low salinity waters
347,Atlantic Sturgeon,Gulf of Maine DPS,,"Specific occupied areas designated as critical habitat for the Gulf of Maine DPS of Atlantic sturgeon contain approximately 244 kilometers (km; 152 miles) of aquatic habitat in the following rivers of Maine, New Hampshire, and Massachusetts: Penobscot, Kennebec, Androscoggin, Piscataqua, Cocheco, Salmon Falls, and Merrimack. ",Atlantic,"Maine, New Hampshire, Massachusetts",,"Aquatic habitat with a gradual downstream salinity gradient of 0.5 up to as high as 30 ppt and soft substrate (e.g., sand, mud) between the river mouth and spawning sites for juvenile foraging and physiological development",1,1,0,0,1,1,,designated,82 FR 39160,8/17/2017,https://www.federalregister.gov/documents/2017/08/17/2017-17207/endangered-and-threatened-species-designation-of-critical-habitat-for-the-endangered-new-york-bight,,,,0,0,0,0,1,1,0,0,0,0,0,0,0,1,0,1,0,0,0,0,0,0,0,0,0,0,4,,Aquatic habitat with a gradual downstream salinity gradient of 0.5 up to as high as 30 ppt and soft substrate for juvenile foraging and development
348,Atlantic Sturgeon,Gulf of Maine DPS,,"Specific occupied areas designated as critical habitat for the Gulf of Maine DPS of Atlantic sturgeon contain approximately 244 kilometers (km; 152 miles) of aquatic habitat in the following rivers of Maine, New Hampshire, and Massachusetts: Penobscot, Kennebec, Androscoggin, Piscataqua, Cocheco, Salmon Falls, and Merrimack. ",Atlantic,"Maine, New Hampshire, Massachusetts",,"Water of appropriate depth and absent physical barriers to passage (e.g., locks, dams, thermal plumes, turbidity, sound, reservoirs, gear, etc.) between the river mouth and spawning sites necessary to support: Unimpeded movements of adults to and from spawning sites; seasonal and physiologically dependent movement of juvenile Atlantic sturgeon to appropriate salinity zones within the river estuary, and; staging, resting, or holding of subadults or Spawning condition adults. Water depths in main river channels must also be deep enough (e.g., at least 1.2 m) to ensure continuous flow in the main channel at all times when any sturgeon life stage would be in the river",1,1,0,0,1,1,,designated,82 FR 39160,8/17/2017,https://www.federalregister.gov/documents/2017/08/17/2017-17207/endangered-and-threatened-species-designation-of-critical-habitat-for-the-endangered-new-york-bight,,,,0,0,0,0,0,0,0,1,0,1,0,1,0,1,1,1,0,0,1,0,1,0,0,0,0,0,4,,Water of appropriate depth and absent physical barriers to passage between the river mouth and spawning sites
349,Atlantic Sturgeon,Gulf of Maine DPS,,"Specific occupied areas designated as critical habitat for the Gulf of Maine DPS of Atlantic sturgeon contain approximately 244 kilometers (km; 152 miles) of aquatic habitat in the following rivers of Maine, New Hampshire, and Massachusetts: Penobscot, Kennebec, Androscoggin, Piscataqua, Cocheco, Salmon Falls, and Merrimack. ",Atlantic,"Maine, New Hampshire, Massachusetts",,"Water, between the river mouth and spawning sites, especially in the bottom meter of the water column, with the temperature, salinity, and oxygen values that, combined, support: Spawning; annual and interannual adult, subadult, larval, and juvenile survival; and larval, juvenile, and subadult growth, development, and recruitment (e.g., 13 °C to 26 °C for spawning habitat and no more than 30 °C for juvenile rearing habitat, and 6 mg/L or greater DO for juvenile rearing habitat)",1,1,0,0,1,1,,designated,82 FR 39160,8/17/2017,https://www.federalregister.gov/documents/2017/08/17/2017-17207/endangered-and-threatened-species-designation-of-critical-habitat-for-the-endangered-new-york-bight,,,,0,0,0,0,0,0,0,0,0,0,0,0,0,1,1,1,1,0,0,0,0,0,0,0,0,0,4,,"Water, between the river mouth and spawning sites, with the temperature, salinity, and oxygen values that, combined, support spawning, survival, growth, development, and recruitment"
350,Atlantic Sturgeon,New York Bight DPS,,"Specific occupied areas designated as critical habitat for the New York Bight DPS of Atlantic sturgeon contain approximately 547 km (340 miles) of aquatic habitat in the following rivers of Connecticut, Massachusetts, New York, New Jersey, Pennsylvania, and Delaware: Connecticut, Housatonic, Hudson, and Delaware.",Atlantic,"Connecticut, Massachusetts, New York, New Jersey, Pennsylvania, Delaware",,"Hard bottom substrate (e.g., rock, cobble, gravel, limestone, boulder, etc.) in low salinity waters (i.e., 0.0-0.5 ppt range) for settlement of fertilized eggs, refuge, growth, and development of early life stages",1,0,0,0,,,,designated,82 FR 39160,8/17/2017,https://www.federalregister.gov/documents/2017/08/17/2017-17207/endangered-and-threatened-species-designation-of-critical-habitat-for-the-endangered-new-york-bight,,,,0,0,0,0,1,1,0,0,0,0,1,0,0,1,0,1,0,0,1,0,0,0,0,0,0,0,4,,Hard bottom substrate in low salinity waters
351,Atlantic Sturgeon,New York Bight DPS,,"Specific occupied areas designated as critical habitat for the New York Bight DPS of Atlantic sturgeon contain approximately 547 km (340 miles) of aquatic habitat in the following rivers of Connecticut, Massachusetts, New York, New Jersey, Pennsylvania, and Delaware: Connecticut, Housatonic, Hudson, and Delaware.",Atlantic,"Connecticut, Massachusetts, New York, New Jersey, Pennsylvania, Delaware",,"Aquatic habitat with a gradual downstream salinity gradient of 0.5 up to as high as 30 ppt and soft substrate (e.g., sand, mud) between the river mouth and spawning sites for juvenile foraging and physiological development",1,1,0,0,1,1,,designated,82 FR 39160,8/17/2017,https://www.federalregister.gov/documents/2017/08/17/2017-17207/endangered-and-threatened-species-designation-of-critical-habitat-for-the-endangered-new-york-bight,,,,0,0,0,0,1,1,0,0,0,0,0,0,0,1,0,1,0,0,0,0,0,0,0,0,0,0,4,,Aquatic habitat with a gradual downstream salinity gradient of 0.5 up to as high as 30 ppt and soft substrate for juvenile foraging and development
352,Atlantic Sturgeon,New York Bight DPS,,"Specific occupied areas designated as critical habitat for the New York Bight DPS of Atlantic sturgeon contain approximately 547 km (340 miles) of aquatic habitat in the following rivers of Connecticut, Massachusetts, New York, New Jersey, Pennsylvania, and Delaware: Connecticut, Housatonic, Hudson, and Delaware.",Atlantic,"Connecticut, Massachusetts, New York, New Jersey, Pennsylvania, Delaware",,"Water of appropriate depth and absent physical barriers to passage (e.g., locks, dams, thermal plumes, turbidity, sound, reservoirs, gear, etc.) between the river mouth and spawning sites necessary to support: Unimpeded movements of adults to and from spawning sites; seasonal and physiologically dependent movement of juvenile Atlantic sturgeon to appropriate salinity zones within the river estuary, and; staging, resting, or holding of subadults or Spawning condition adults. Water depths in main river channels must also be deep enough (e.g., at least 1.2 m) to ensure continuous flow in the main channel at all times when any sturgeon life stage would be in the river",1,1,0,0,1,1,,designated,82 FR 39160,8/17/2017,https://www.federalregister.gov/documents/2017/08/17/2017-17207/endangered-and-threatened-species-designation-of-critical-habitat-for-the-endangered-new-york-bight,,,,0,0,0,0,0,0,0,1,0,1,0,1,0,1,1,1,0,0,1,0,1,0,0,0,0,0,4,,Water of appropriate depth and absent physical barriers to passage between the river mouth and spawning sites
353,Atlantic Sturgeon,New York Bight DPS,,"Specific occupied areas designated as critical habitat for the New York Bight DPS of Atlantic sturgeon contain approximately 547 km (340 miles) of aquatic habitat in the following rivers of Connecticut, Massachusetts, New York, New Jersey, Pennsylvania, and Delaware: Connecticut, Housatonic, Hudson, and Delaware.",Atlantic,"Connecticut, Massachusetts, New York, New Jersey, Pennsylvania, Delaware",,"Water, between the river mouth and spawning sites, especially in the bottom meter of the water column, with the temperature, salinity, and oxygen values that, combined, support: Spawning; annual and interannual adult, subadult, larval, and juvenile survival; and larval, juvenile, and subadult growth, development, and recruitment (e.g., 13 °C to 26 °C for spawning habitat and no more than 30 °C for juvenile rearing habitat, and 6 mg/L or greater DO for juvenile rearing habitat)",1,1,0,0,1,1,,designated,82 FR 39160,8/17/2017,https://www.federalregister.gov/documents/2017/08/17/2017-17207/endangered-and-threatened-species-designation-of-critical-habitat-for-the-endangered-new-york-bight,,,,0,0,0,0,0,0,0,0,0,0,0,0,0,1,1,1,1,0,0,0,0,0,0,0,0,0,4,,"Water, between the river mouth and spawning sites, with the temperature, salinity, and oxygen values that, combined, support spawning, survival, growth, development, and recruitment"
354,Atlantic Sturgeon,South Atlantic DPS,,"Specific occupied areas designated as critical habitat for the South Atlantic DPS of Atlantic sturgeon contain approximately 2,883 km (1,791 miles) of aquatic habitat in the following rivers of South Carolina, Georgia, and Florida: Edisto, Combahee-Salkehatchie, Savannah, Ogeechee, Altamaha, Ocmulgee, Oconee, Satilla, and St. Marys Rivers.",Atlantic,"South Carolina, Georgia, Florida",,"Hard bottom substrate (e.g., rock, cobble, gravel, limestone, boulder, etc.) in low salinity waters (i.e., 0.0-0.5 ppt range) for settlement of fertilized eggs and refuge, growth, and development of early life stages",1,0,0,0,,,,designated,82 FR 39160,8/17/2017,https://www.federalregister.gov/documents/2017/08/17/2017-17207/endangered-and-threatened-species-designation-of-critical-habitat-for-the-endangered-new-york-bight,,,,0,0,0,0,1,1,0,0,0,0,1,0,0,1,0,1,0,0,1,0,0,0,0,0,0,0,4,,Hard bottom substrate in low salinity waters
355,Atlantic Sturgeon,South Atlantic DPS,,"Specific occupied areas designated as critical habitat for the South Atlantic DPS of Atlantic sturgeon contain approximately 2,883 km (1,791 miles) of aquatic habitat in the following rivers of South Carolina, Georgia, and Florida: Edisto, Combahee-Salkehatchie, Savannah, Ogeechee, Altamaha, Ocmulgee, Oconee, Satilla, and St. Marys Rivers.",Atlantic,"South Carolina, Georgia, Florida",,"Aquatic habitat inclusive of waters with a gradual downstream salinity gradient of 0.5 up to as high as 30 ppt and soft substrate (e.g., sand, mud) between the river mouths and spawning sites for juvenile foraging and physiological development",1,1,0,0,1,1,,designated,82 FR 39160,8/17/2017,https://www.federalregister.gov/documents/2017/08/17/2017-17207/endangered-and-threatened-species-designation-of-critical-habitat-for-the-endangered-new-york-bight,,,,0,0,0,0,1,1,0,0,0,0,0,0,0,1,0,1,0,0,0,0,0,0,0,0,0,0,4,,Aquatic habitat with a gradual downstream salinity gradient of 0.5 up to as high as 30 ppt and soft substrate for juvenile foraging and development
356,Atlantic Sturgeon,South Atlantic DPS,,"Specific occupied areas designated as critical habitat for the South Atlantic DPS of Atlantic sturgeon contain approximately 2,883 km (1,791 miles) of aquatic habitat in the following rivers of South Carolina, Georgia, and Florida: Edisto, Combahee-Salkehatchie, Savannah, Ogeechee, Altamaha, Ocmulgee, Oconee, Satilla, and St. Marys Rivers.",Atlantic,"South Carolina, Georgia, Florida",,"Water of appropriate depth and absent physical barriers to passage (e.g., locks, dams, thermal plumes, turbidity, sound, reservoirs, gear, etc.) between the river mouth and spawning sites necessary to support: (1) Unimpeded movement of adults to and from spawning sites; (2) seasonal and physiologically dependent movement of juvenile Atlantic sturgeon to appropriate salinity zones within the river estuary; and (3) staging, resting, or holding of subadults and spawning condition adults. Water depths in main river channels must also be deep enough (at least 1.2 m) to ensure continuous flow in the main channel at all times when any sturgeon life stage would be in the river",1,1,0,0,1,1,,designated,82 FR 39160,8/17/2017,https://www.federalregister.gov/documents/2017/08/17/2017-17207/endangered-and-threatened-species-designation-of-critical-habitat-for-the-endangered-new-york-bight,,,,0,0,0,0,0,0,0,1,0,1,0,1,0,1,1,1,0,0,1,0,1,0,0,0,0,0,4,,Water of appropriate depth and absent physical barriers to passage between the river mouth and spawning sites
357,Atlantic Sturgeon,South Atlantic DPS,,"Specific occupied areas designated as critical habitat for the South Atlantic DPS of Atlantic sturgeon contain approximately 2,883 km (1,791 miles) of aquatic habitat in the following rivers of South Carolina, Georgia, and Florida: Edisto, Combahee-Salkehatchie, Savannah, Ogeechee, Altamaha, Ocmulgee, Oconee, Satilla, and St. Marys Rivers.",Atlantic,"South Carolina, Georgia, Florida",,"Water quality conditions, especially in the bottom meter of the water column, between the river mouths and spawning sites with temperature and oxygen values that support: (1) Spawning; (2) annual and inter-annual adult, subadult, larval, and juvenile survival; and (3) larval, juvenile, and subadult growth, development, and recruitment. Appropriate temperature and oxygen values will vary interdependently, and depending on salinity in a particular habitat. For example, 6.0 mg/L DO or greater likely supports juvenile rearing habitat, whereas DO less than 5.0 mg/L for longer than 30 days is less likely to support rearing when water temperature is greater than 25 °C. In temperatures greater than 26 °C, DO greater than 4.3 mg/L is needed to protect survival and growth. Temperatures of 13 to 26 °C likely support spawning habitat",1,1,0,0,1,1,,designated,82 FR 39160,8/17/2017,https://www.federalregister.gov/documents/2017/08/17/2017-17207/endangered-and-threatened-species-designation-of-critical-habitat-for-the-endangered-new-york-bight,,,,0,0,0,0,0,0,0,0,1,0,0,0,0,1,1,1,1,0,0,0,0,0,0,0,0,0,4,,"Water quality conditions between the river mouths and spawning sites with temperature and oxygen values that support spawning, survival, growth, development, and recruitment"
358,False Killer Whale,Main Hawaiian Islands Insular DPS,,"waters from the 45-meter (m) depth contour to the 3,200-m depth contour around the main Hawaiian Islands from Niihau east to Hawaii",Pacific,Hawai'i,,Adequate space for movement and use within shelf and slope habitat,0,0,1,0,,,,designated,83 FR 35062,7/24/2018,https://www.federalregister.gov/d/2018-15500,,,,0,0,0,0,0,0,0,0,0,0,0,0,1,0,0,0,0,0,0,0,0,0,0,0,0,0,4,,Adequate space for movement and use within shelf and slope habitat
359,False Killer Whale,Main Hawaiian Islands Insular DPS,,"waters from the 45-meter (m) depth contour to the 3,200-m depth contour around the main Hawaiian Islands from Niihau east to Hawaii",Pacific,Hawai'i,,"Prey species of sufficient quantity, quality, and availability to support individual growth, reproduction, and development, as well as overall population growth",0,0,1,0,1,1,,designated,83 FR 35062,7/24/2018,https://www.federalregister.gov/d/2018-15500,,,,0,0,0,1,0,0,0,0,0,0,0,0,0,0,0,0,0,0,0,0,0,0,0,0,0,0,4,,"Prey species of sufficient quantity, quality, and availability"
360,False Killer Whale,Main Hawaiian Islands Insular DPS,,"waters from the 45-meter (m) depth contour to the 3,200-m depth contour around the main Hawaiian Islands from Niihau east to Hawaii",Pacific,Hawai'i,,Waters free of pollutants of a type and amount harmful to MHI insular false killer whales,0,0,1,0,1,1,,designated,83 FR 35062,7/24/2018,https://www.federalregister.gov/d/2018-15500,,,,0,0,0,0,0,0,0,0,1,0,0,0,0,1,0,0,0,0,0,0,0,0,0,0,0,0,4,,Waters free of pollutants
361,False Killer Whale,Main Hawaiian Islands Insular DPS,,"waters from the 45-meter (m) depth contour to the 3,200-m depth contour around the main Hawaiian Islands from Niihau east to Hawaii",Pacific,Hawai'i,,Sound levels that would not significantly impair false killer whales' use or occupancy,0,0,1,0,1,1,,designated,83 FR 35062,7/24/2018,https://www.federalregister.gov/d/2018-15500,,,,0,0,0,0,0,0,0,1,0,0,0,0,0,0,0,0,0,0,0,0,0,0,0,0,0,0,4,,Sound levels that would not significantly impair false killer whales' use or occupancy
362,Humpback Whale,Central America DPS,,"Specific areas designated as critical habitat for the Central America DPS of humpback whales contain approximately 48,521 nmi2 of marine habitat in the North Pacific Ocean within the portions of the California Current Ecosystem off the coasts of Washington, Oregon, and California. ",Pacific,"Washington, Oregon, California",,"Prey species, primarily euphausiids (Thysanoessa, Euphausia,Nyctiphanes, and Nematoscelis) and small pelagic schooling fishes, such as Pacific sardine (Sardinops sagax), northern anchovy (Engraulis mordax), and Pacific herring (Clupea pallasii), of sufficient quality, abundance, and accessibility within humpback whale feeding areas to support feeding and population growth",0,0,1,0,1,1,,designated,86 FR 21082,4/21/2021,https://www.federalregister.gov/d/2021-08175,,,,0,0,0,1,0,0,0,0,0,0,0,0,0,0,0,0,0,0,0,0,0,0,0,0,0,0,1,,Prey species
363,Humpback Whale,Mexico DPS,,"Specific areas designated as critical habitat for the Mexico DPS of humpback whales contain approximately 116,098 nmi2 of marine habitat in the North Pacific Ocean, including areas within portions of the eastern Bering Sea, Gulf of Alaska, and California Current Ecosystem.",Pacific,Alaska,,"Prey species, primarily euphausiids (Thysanoessa, Euphausia, Nyctiphanes, and Nematoscelis) and small pelagic schooling fishes, such as Pacific sardine (Sardinops sagax), northern anchovy (Engraulis mordax), Pacific herring (Clupea pallasii), capelin (Mallotus villosus), juvenile walleye pollock (Gadus chalcogrammus), and Pacific sand lance (Ammodytes personatus) of sufficient quality, abundance, and accessibility within humpback whale feeding areas to support feeding and population growth",0,0,1,0,1,1,,designated,86 FR 21082,4/21/2021,https://www.federalregister.gov/d/2021-08175,,,,0,0,0,1,0,0,0,0,0,0,0,0,0,0,0,0,0,0,0,0,0,0,0,0,0,0,1,,Prey species
364,Humpback Whale,Western North Pacific DPS,,"Specific areas designated as critical habitat for the Western North Pacific DPS of humpback whales contain approximately 59,411 square nautical miles (nmi2) of marine habitat in the North Pacific Ocean, including areas within the eastern Bering Sea and Gulf of Alaska.",Pacific,Alaska,,"Prey species, primarily euphausiids (Thysanoessa and Euphausia) and small pelagic schooling fishes, such as Pacific herring (Clupea pallasii), capelin (Mallotus villosus), juvenile walleye pollock (Gadus chalcogrammus) and Pacific sand lance (Ammodytes personatus) of sufficient quality, abundance, and accessibility within humpback whale feeding areas to support feeding and population growth",0,0,1,0,1,1,,designated,86 FR 21082,4/21/2021,https://www.federalregister.gov/d/2021-08175,,,,0,0,0,1,0,0,0,0,0,0,0,0,0,0,0,0,0,0,0,0,0,0,0,0,0,0,1,,Prey species
365,Killer Whale,Southern Resident DPS,,"FR1: Three specific areas are designated, (1) the Summer Core Area in Haro Strait and waters around the San Juan Islands; (2) Puget Sound; and (3) the Strait of Juan de Fuca, which comprise approximately 2,560 square miles (6,630 sq km) of marine habitat.
FR2: Washington, Oregon, and California
six additional coastal critical habitat areas along the U.S. West Coast. Specific newly designated areas along the U.S. West Coast include 15,910 square miles (mi2) (41,207 square kilometers (km2)) of marine waters between the 20-feet (ft) (6.1-meter (m)) depth contour and the 656.2-ft (200-m) depth contour from the U.S. international border with Canada south to Point Sur, California",Pacific,"California, Oregon, Washington",,Water quality to support growth and development,0,0,1,0,1,1,,designated,71 FR 69054,"November 29, 2006",https://www.federalregister.gov/documents/2006/11/29/06-9453/endangered-and-threatened-species-designation-of-critical-habitat-for-southern-resident-killer-whale,86 FR 41668,8/2/2021,https://www.federalregister.gov/documents/2021/08/02/2021-16094/endangered-and-threatened-wildlife-and-plants-revision-of-critical-habitat-for-the-southern-resident,1,0,0,0,0,0,0,0,1,0,0,0,0,1,0,0,0,0,0,0,0,0,0,0,0,0,3,,Water quality
366,Killer Whale,Southern Resident DPS,,"FR1: Three specific areas are designated, (1) the Summer Core Area in Haro Strait and waters around the San Juan Islands; (2) Puget Sound; and (3) the Strait of Juan de Fuca, which comprise approximately 2,560 square miles (6,630 sq km) of marine habitat.
FR2: Washington, Oregon, and California
six additional coastal critical habitat areas along the U.S. West Coast. Specific newly designated areas along the U.S. West Coast include 15,910 square miles (mi2) (41,207 square kilometers (km2)) of marine waters between the 20-feet (ft) (6.1-meter (m)) depth contour and the 656.2-ft (200-m) depth contour from the U.S. international border with Canada south to Point Sur, California",Pacific,"California, Oregon, Washington",,"Prey species of sufficient quantity, quality, and availability to support individual growth, reproduction, and development, as well as overall population growth",1,1,1,0,1,,,designated,71 FR 69054,"November 29, 2006",https://www.federalregister.gov/documents/2006/11/29/06-9453/endangered-and-threatened-species-designation-of-critical-habitat-for-southern-resident-killer-whale,86 FR 41668,8/2/2021,https://www.federalregister.gov/documents/2021/08/02/2021-16094/endangered-and-threatened-wildlife-and-plants-revision-of-critical-habitat-for-the-southern-resident,1,0,0,1,0,0,0,0,0,0,0,0,0,0,0,0,0,0,0,0,0,0,0,0,0,0,3,,Prey species
367,Killer Whale,Southern Resident DPS,,"FR1: Three specific areas are designated, (1) the Summer Core Area in Haro Strait and waters around the San Juan Islands; (2) Puget Sound; and (3) the Strait of Juan de Fuca, which comprise approximately 2,560 square miles (6,630 sq km) of marine habitat.
FR2: Washington, Oregon, and California
six additional coastal critical habitat areas along the U.S. West Coast. Specific newly designated areas along the U.S. West Coast include 15,910 square miles (mi2) (41,207 square kilometers (km2)) of marine waters between the 20-feet (ft) (6.1-meter (m)) depth contour and the 656.2-ft (200-m) depth contour from the U.S. international border with Canada south to Point Sur, California",Pacific,"California, Oregon, Washington",,"Passage conditions to allow for migration, resting, and foraging",0,0,1,0,1,1,,designated,71 FR 69054,"November 29, 2006",https://www.federalregister.gov/documents/2006/11/29/06-9453/endangered-and-threatened-species-designation-of-critical-habitat-for-southern-resident-killer-whale,86 FR 41668,8/2/2021,https://www.federalregister.gov/documents/2021/08/02/2021-16094/endangered-and-threatened-wildlife-and-plants-revision-of-critical-habitat-for-the-southern-resident,1,0,0,0,0,0,0,0,0,1,0,0,0,0,0,0,0,0,0,0,0,0,0,0,0,0,3,,Passage conditions
368,Bearded Seal,Beringia DPS,,"marine habitat in the Bering, Chukchi, and Beaufort seas","Pacific, Arctic",Alaska,,"Sea ice habitat suitable for whelping and nursing, which is defined as areas with waters 200 m or less in depth containing pack ice of at least 25 percent concentration and providing bearded seals access to those waters from the ice",0,0,1,0,,,,designated,87 FR 19180,4/1/2022,https://www.federalregister.gov/public-inspection/2022-06173/endangered-and-threatened-species-designation-of-critical-habitat-for-the-beringia-distinct,,,,0,0,0,0,0,0,0,0,0,1,0,1,0,1,1,0,0,0,0,0,0,0,0,0,1,0,3,,Sea ice habitat suitable for whelping and nursing
369,Bearded Seal,Beringia DPS,,"marine habitat in the Bering, Chukchi, and Beaufort seas","Pacific, Arctic",Alaska,,"Sea ice habitat suitable as a platform for molting, which is defined as areas with waters 200 m or less in depth containing pack ice of at least 15 percent concentration and providing bearded seals access to those waters from the ice",0,0,1,0,,,,designated,87 FR 19180,4/1/2022,https://www.federalregister.gov/public-inspection/2022-06173/endangered-and-threatened-species-designation-of-critical-habitat-for-the-beringia-distinct,,,,0,0,0,0,0,0,0,0,0,1,0,1,0,1,1,0,0,0,0,0,0,0,0,0,1,0,3,,Sea ice habitat suitable as a platform for molting
370,Bearded Seal,Beringia DPS,,"marine habitat in the Bering, Chukchi, and Beaufort seas","Pacific, Arctic",Alaska,,"Primary prey resources to support bearded seals: Waters 200 m or less in depth containing benthic organisms, including epifaunal and infaunal invertebrates, and demersal fishes",0,0,1,0,1,1,,designated,87 FR 19180,4/1/2022,https://www.federalregister.gov/public-inspection/2022-06173/endangered-and-threatened-species-designation-of-critical-habitat-for-the-beringia-distinct,,,,0,0,0,1,1,0,0,0,0,0,0,1,0,0,0,0,0,0,0,0,0,0,0,0,0,0,3,,Primary prey resources
371,Ringed Seal,Arctic subspecies,,"marine habitat in the Bering, Chukchi, and Beaufort seas","Pacific, Arctic",Alaska,,"Snow-covered sea ice habitat suitable for the formation and maintenance of subnivean birth lairs used for sheltering pups during whelping and nursing, which is defined as waters 3 m or more in depth (relative to MLLW) containing areas of seasonal landfast (shorefast) ice or dense, stable pack ice, that have undergone deformation and contain snowdrifts of sufficient depth to form and maintain birth lairs (typically at least 54 cm deep)",0,0,1,1,,,,designated,87 FR 19232,4/1/2022,https://www.federalregister.gov/documents/2022/04/01/2022-06197/endangered-and-threatened-species-designation-of-critical-habitat-for-the-arctic-subspecies-of-the,,,,0,0,0,0,0,0,0,0,0,0,1,1,0,1,1,0,0,0,0,0,0,0,0,0,1,0,3,,Snow-covered sea ice habitat suitable for the formation and maintenance of subnivean birth lairs
372,Ringed Seal,Arctic subspecies,,"marine habitat in the Bering, Chukchi, and Beaufort seas","Pacific, Arctic",Alaska,,"Sea ice habitat suitable as a platform for basking and molting, which is defined as areas containing sea ice of 15 percent or more concentration in waters 3 m or more in depth (relative to MLLW)",0,0,1,0,,,,designated,87 FR 19232,4/1/2022,https://www.federalregister.gov/documents/2022/04/01/2022-06197/endangered-and-threatened-species-designation-of-critical-habitat-for-the-arctic-subspecies-of-the,,,,0,0,0,0,0,0,0,0,0,0,0,1,0,1,1,0,0,0,0,0,0,0,0,0,1,0,3,,Sea ice habitat suitable as a platform for basking and molting
373,Ringed Seal,Arctic subspecies,,"marine habitat in the Bering, Chukchi, and Beaufort seas","Pacific, Arctic",Alaska,,"Primary prey resources to support Arctic ringed seals, which are defined to be small, often schooling, fishes, in particular Arctic cod, saffron cod, and rainbow smelt; and small crustaceans, in particular, shrimps and amphipods",0,0,1,0,,,,designated,87 FR 19232,4/1/2022,https://www.federalregister.gov/documents/2022/04/01/2022-06197/endangered-and-threatened-species-designation-of-critical-habitat-for-the-arctic-subspecies-of-the,,,,0,0,0,1,0,0,0,0,0,0,0,0,0,0,0,0,0,0,0,0,0,0,0,0,0,0,3,,Primary prey resources
375,Green Sea Turtle,Central North Pacific DPS,,"For the threatened Central North Pacific DPS of green turtles, we propose to designate occupied critical habitat, encompassing 2,623 km2 of nearshore waters from the mean high water line to 20 m depth of the following Hawaiian Islands: Hawai`i, Maui, Kaho`olawe, Lana`i, Moloka`i, O`ahu, Kaua`i, Lalo/French Frigate Shoals, Kamole/Laysan Island, Kapou/Lisianski Island, Manawai/Pearl and Hermes Atoll, Kuaihelani/Midway Atoll, and Hōlanikū/Kure Atoll. These areas include reproductive and benthic foraging/resting essential features. All areas proposed for designation are of high conservation value to the DPS. A total area of 368 km2 is proposed for exclusion because the benefits of exclusion outweigh the benefits of inclusion of these low conservation value areas. The Team found, and we agree, that exclusion of these areas from the critical habitat designation would not result in extinction of this DPS (NMFS 2023a). At this time, we have not received reasonably specific information with which to propose exclusions based on national security impacts. At this time, no areas are ineligible for designation as critical habitat under section 4(a)(3)(B)(i) of the ESA. We have not identified any unoccupied areas that are essential to the conservation of this DPS; thus we are not proposing to designate any unoccupied areas.",Pacific,Hawai'i,,"Benthic foraging/resting essential features: From the mean high water line to 20 m depth, underwater refugia and food resources (i.e., seagrasses, macroalgae, and/or invertebrates) of sufficient condition, distribution, diversity, abundance, and density necessary to support survival, development, growth, and/or reproduction",0,0,1,0,,,,proposed,88 FR 46572,7/19/2023,https://www.federalregister.gov/d/2023-14109,,,,0,0,0,1,1,0,0,0,0,0,1,0,0,0,0,0,0,0,0,0,0,0,1,0,0,0,2,,"Benthic foraging/resting essential features: From the mean high water line to 20 m depth, underwater refugia and food resources"
377,Green Sea Turtle,Central South Pacific DPS,,"For the endangered South Pacific DPS of green turtles, we propose to designate occupied critical habitat, encompassing 106 km2 of nearshore waters in American Samoa (Rose, Tutuila, Ta`ū, Swains, Aunuu Island, and parts of Ofu and Olosega Islands), Baker Island, Howland Island, Jarvis Island, and Palmyra Atoll, from the mean high water line to 20 m depth. Nearshore waters of Palmyra, Rose, Ta`ū, Swains, Aunuu Island, and Ofu and Olosega (an area encompassing Aunuu Island; Matasina, Vaoto, Fatauana, Toaga, Olosega, Faiava-Sili-Lalomoana, Asagatai, Mafafa, and Tuafanua Beaches) contain essential reproductive and benthic foraging/resting features. Nearshore waters of Tutuila, Baker Island, Howland Island, and Jarvis Islands contain benthic foraging/resting essential features. All areas proposed for designation are of high conservation value to the DPS. A total area of 14 km2 is proposed for exclusion (Kingman Reef and two areas on Ofu and Olosega) because the benefits of exclusion outweigh the benefits of inclusion of these low conservation value areas. The Team found, and we agree, that exclusion of these areas from the critical habitat designation would not result in extinction of this DPS (NMFS 2023a). No exclusions are proposed based on national security impacts, and no areas are ineligible for designation as critical habitat under section 4(a)(3)(B)(i) of the ESA. We have not identified any unoccupied areas that are essential to the conservation of this DPS; thus we are not proposing to designate any unoccupied areas.",Pacific,"American Samoa, PRIA",,"Benthic foraging/resting essential features: From the mean high water line to 20 m depth, underwater refugia and food resources (i.e., seagrasses, macroalgae, and/or invertebrates) of sufficient condition, distribution, diversity, abundance, and density necessary to support survival, development, growth, and/or reproduction",0,0,1,0,0,,,proposed,88 FR 46572,7/19/2023,https://www.federalregister.gov/d/2023-14109,,,,0,0,0,1,1,0,0,0,0,0,1,0,0,0,0,0,0,0,0,0,0,0,1,0,0,0,2,,"Benthic foraging/resting essential features: From the mean high water line to 20 m depth, underwater refugia and food resources"
379,Green Sea Turtle,Central West Pacific DPS,,"For the endangered Central West Pacific DPS of green turtles, we propose to designate occupied critical habitat, encompassing 202 km2 of nearshore waters in Guam and CNMI (Saipan, Tinian, Rota, Pagan, Aguijan, Alamagan, Sarigan, and off the nesting beaches at Agrihan), from the mean high water line to 20 m depth. Nearshore waters of Guam, Saipan, Tinian, Rota, Pagan, and Agrihan contain essential reproductive and benthic foraging/resting features. Nearshore waters of Aguijan, Alamagan, and Sarigan contain the foraging/resting essential features. All areas proposed for designation are of high conservation value to the DPS. A total area of 271 km2 is proposed for exclusion because the benefits of exclusion outweigh the benefits of inclusion of these low conservation value areas. The Team found, and we agree, that exclusion of these areas from the critical habitat designation would not result in extinction of this DPS (NMFS 2023a). At this time, we have not received reasonably specific information with which to propose exclusions based on national security impacts. At this time, no areas are ineligible for designation as critical habitat under section 4(a)(3)(B)(i) of the ESA. We have not identified any unoccupied areas that are essential to the conservation of this DPS; thus we are not proposing to designate any unoccupied areas.",Pacific,"Guam, CNMI",,"Benthic foraging/resting essential features: From the mean high water line to 20 m depth, underwater refugia and food resources (i.e., seagrasses, macroalgae, and/or invertebrates) of sufficient condition, distribution, diversity, abundance, and density necessary to support survival, development, growth, and/or reproduction",0,0,1,0,,,,proposed,88 FR 46572,7/19/2023,https://www.federalregister.gov/d/2023-14109,,,,0,0,0,1,1,0,0,0,0,0,1,0,0,0,0,0,0,0,0,0,0,0,1,0,0,0,2,,"Benthic foraging/resting essential features: From the mean high water line to 20 m depth, underwater refugia and food resources"
380,Green Sea Turtle,East Pacific DPS,,"For the threatened East Pacific DPS of green turtles, we propose to designate occupied critical habitat, encompassing 652 km2 of nearshore waters. The proposed designation includes the migratory essential feature from the Mexico border to and including North San Diego Bay, from the mean high water line to 10 km offshore. The proposed designation also includes areas containing the benthic foraging/resting essential features from the mean high water line to 20 m depth in the following areas: South and Central San Diego Bay, San Diego Bay to and including Santa Monica Bay (not including waters adjacent to Camp Pendleton), and Catalina Island. All areas proposed for designation are of moderate or high conservation value to the DPS. A total area of 630 km2 is proposed for exclusion because the benefits of exclusion outweigh the benefits of inclusion of these low conservation value areas. The Team found, and we agree, that exclusion of these areas from the critical habitat designation would not result in extinction of this DPS (NMFS 2023a). At this time, we have not received reasonably specific information with which to propose exclusions based on national security impacts. At this time, no areas are ineligible for designation as critical habitat under section 4(a)(3)(B)(i) of the ESA. We have not identified any unoccupied areas that are essential to the conservation of this DPS; thus we are not proposing to designate any unoccupied areas.",Pacific,California,,"Migratory essential feature: From the mean high water line to 10 km offshore, sufficiently unobstructed corridors that allow for unrestricted transit between foraging and nesting areas for reproductive individuals",0,0,1,0,,,,proposed,88 FR 46572,7/19/2023,https://www.federalregister.gov/d/2023-14109,,,,0,0,0,0,0,0,0,0,0,1,0,0,0,0,0,0,0,0,0,0,0,0,0,0,0,0,2,,"Migratory essential feature: From the mean high water line to 10 km offshore, sufficiently unobstructed corridors"
381,Green Sea Turtle,East Pacific DPS,,"For the threatened East Pacific DPS of green turtles, we propose to designate occupied critical habitat, encompassing 652 km2 of nearshore waters. The proposed designation includes the migratory essential feature from the Mexico border to and including North San Diego Bay, from the mean high water line to 10 km offshore. The proposed designation also includes areas containing the benthic foraging/resting essential features from the mean high water line to 20 m depth in the following areas: South and Central San Diego Bay, San Diego Bay to and including Santa Monica Bay (not including waters adjacent to Camp Pendleton), and Catalina Island. All areas proposed for designation are of moderate or high conservation value to the DPS. A total area of 630 km2 is proposed for exclusion because the benefits of exclusion outweigh the benefits of inclusion of these low conservation value areas. The Team found, and we agree, that exclusion of these areas from the critical habitat designation would not result in extinction of this DPS (NMFS 2023a). At this time, we have not received reasonably specific information with which to propose exclusions based on national security impacts. At this time, no areas are ineligible for designation as critical habitat under section 4(a)(3)(B)(i) of the ESA. We have not identified any unoccupied areas that are essential to the conservation of this DPS; thus we are not proposing to designate any unoccupied areas.",Pacific,California,,"Benthic foraging/resting essential features: From the mean high water line to 20 m depth, underwater refugia and food resources (i.e., seagrasses, macroalgae, and/or invertebrates) of sufficient condition, distribution, diversity, abundance, and density necessary to support survival, development, growth, and/or reproduction",0,0,1,0,,,,proposed,88 FR 46572,7/19/2023,https://www.federalregister.gov/d/2023-14109,,,,0,0,0,1,1,0,0,0,0,0,1,0,0,0,0,0,0,0,0,0,0,0,1,0,0,0,2,,"Benthic foraging/resting essential features: From the mean high water line to 20 m depth, underwater refugia and food resources"
383,Green Sea Turtle,North Atlantic DPS,,"For the threatened North Atlantic DPS of green turtles, we propose to designate occupied critical habitat, encompassing 1,047,564 km2 of Sargassum habitat and 96,349 km2 of nearshore waters (from the mean high water line to 20 m depth) in Florida, Texas (from the Mexico border to and including Galveston Bay), North Carolina (from the South Carolina border to but not including Albemarle Sound), and Puerto Rico (Culebra Island, Maunabo, Guayama, and northern Puerto Rico Island, southern Mona Island, eastern and southern Vieques Island). Sargassum habitat contains the surface-pelagic foraging/resting essential features. Florida's nearshore waters contain reproductive, migratory, and benthic foraging/resting essential features. Texas' (from the Mexico border to and including Galveston Bay) and North Carolina's (from the South Carolina border to but not including Albemarle Sound) nearshore waters contain benthic foraging/resting essential features. Puerto Rico's nearshore waters contain benthic foraging/resting essential features, and nearshore waters off Maunabo, Guayama, southern Mona Island, eastern and southern Vieques Island also contain the reproductive essential feature. All areas proposed for designation are of moderate or high conservation value to the DPS.",Atlantic,Florida,,"Migratory essential feature: From the mean high water line to 20 m depth, sufficiently unobstructed corridors that allow for unrestricted transit between foraging and nesting areas for reproductive individuals",0,0,1,0,,,,proposed,88 FR 46572,7/19/2023,https://www.federalregister.gov/d/2023-14109,,,,0,0,0,0,0,0,0,0,0,1,0,0,0,0,0,0,0,0,0,0,0,0,0,0,0,0,4,,"Migratory essential feature: From the mean high water line to 20 m depth, sufficiently unobstructed corridors"
384,Green Sea Turtle,North Atlantic DPS,,"For the threatened North Atlantic DPS of green turtles, we propose to designate occupied critical habitat, encompassing 1,047,564 km2 of Sargassum habitat and 96,349 km2 of nearshore waters (from the mean high water line to 20 m depth) in Florida, Texas (from the Mexico border to and including Galveston Bay), North Carolina (from the South Carolina border to but not including Albemarle Sound), and Puerto Rico (Culebra Island, Maunabo, Guayama, and northern Puerto Rico Island, southern Mona Island, eastern and southern Vieques Island). Sargassum habitat contains the surface-pelagic foraging/resting essential features. Florida's nearshore waters contain reproductive, migratory, and benthic foraging/resting essential features. Texas' (from the Mexico border to and including Galveston Bay) and North Carolina's (from the South Carolina border to but not including Albemarle Sound) nearshore waters contain benthic foraging/resting essential features. Puerto Rico's nearshore waters contain benthic foraging/resting essential features, and nearshore waters off Maunabo, Guayama, southern Mona Island, eastern and southern Vieques Island also contain the reproductive essential feature. All areas proposed for designation are of moderate or high conservation value to the DPS.","Atlantic, Caribbean, Gulf of America","Florida, Texas, North Carolina, Puerto Rico ",,"Benthic foraging/resting essential features: From the mean high water line to 20 m depth, underwater refugia and food resources (i.e., seagrasses, macroalgae, and/or invertebrates) of sufficient condition, distribution, diversity, abundance, and density necessary to support survival, development, growth, and/or reproduction",0,0,1,0,,,,proposed,88 FR 46572,7/19/2023,https://www.federalregister.gov/d/2023-14109,,,,0,0,0,1,1,0,0,0,0,0,1,0,0,0,0,0,0,0,0,0,0,0,1,0,0,0,4,,"Benthic foraging/resting essential features: From the mean high water line to 20 m depth, underwater refugia and food resources"
385,Green Sea Turtle,North Atlantic DPS,,"For the threatened North Atlantic DPS of green turtles, we propose to designate occupied critical habitat, encompassing 1,047,564 km2 of Sargassum habitat and 96,349 km2 of nearshore waters (from the mean high water line to 20 m depth) in Florida, Texas (from the Mexico border to and including Galveston Bay), North Carolina (from the South Carolina border to but not including Albemarle Sound), and Puerto Rico (Culebra Island, Maunabo, Guayama, and northern Puerto Rico Island, southern Mona Island, eastern and southern Vieques Island). Sargassum habitat contains the surface-pelagic foraging/resting essential features. Florida's nearshore waters contain reproductive, migratory, and benthic foraging/resting essential features. Texas' (from the Mexico border to and including Galveston Bay) and North Carolina's (from the South Carolina border to but not including Albemarle Sound) nearshore waters contain benthic foraging/resting essential features. Puerto Rico's nearshore waters contain benthic foraging/resting essential features, and nearshore waters off Maunabo, Guayama, southern Mona Island, eastern and southern Vieques Island also contain the reproductive essential feature. All areas proposed for designation are of moderate or high conservation value to the DPS.","Atlantic, Caribbean, Gulf of America","Florida, Texas, North Carolina, Puerto Rico ",,"Surface-pelagic foraging/resting essential features: Convergence zones, frontal zones, surface-water downwelling areas, the margins of major boundary currents, and other areas that result in concentrated components of the Sargassum-dominated drift community, as well as the currents which carry turtles to Sargassum-dominated drift communities, which provide sufficient food resources and refugia to support the survival, growth, and development of post-hatchlings and surface-pelagic juveniles, and which are located in sufficient water depth (at least 10 m) to ensure offshore transport via ocean currents to areas which meet forage and refugia requirements",0,0,1,0,,,,proposed,88 FR 46572,7/19/2023,https://www.federalregister.gov/d/2023-14109,,,,0,0,1,1,0,0,0,0,0,0,1,1,0,0,0,0,0,0,0,0,0,0,1,0,0,0,4,,"Surface-pelagic foraging/resting essential features: Convergence zones, frontal zones, surface-water downwelling areas, the margins of major boundary currents, and other areas that result in concentrated components of the Sargassum-dominated drift community, as well as the currents which carry turtles to Sargassum-dominated drift communities, which provide sufficient food resources and refugia, and which are located in sufficient water depth (at least 10 m)"
387,Green Sea Turtle,South Atlantic DPS,,"For the threatened South Atlantic DPS of green turtles, we propose to designate occupied critical habitat, encompassing 303 km2 of nearshore waters in USVI, from the mean high water line to 20 m depth. St. Croix's nearshore waters contain reproductive and benthic foraging/resting essential features. St. Thomas' and St. John's nearshore waters contain benthic foraging/resting essential features. Each of the specific areas proposed for designation is of moderate or high conservation value to the DPS. Economic impacts do not outweigh the benefits of designating these areas as critical habitat, and no areas are proposed for exclusion under section 4(b)(2). No areas are ineligible for designation as critical habitat under section 4(a)(3)(B)(i) of the ESA. We have not identified any unoccupied areas that are essential to the conservation of this DPS; thus we are not proposing to designate any unoccupied areas.",Atlantic,USVI,,"Benthic foraging/resting essential features: From the mean high water line to 20 m depth, underwater refugia and food resources (i.e., seagrasses, macroalgae, and/or invertebrates) of sufficient condition, distribution, diversity, abundance, and density necessary to support survival, development, growth, and/or reproduction",0,0,1,0,1,1,,proposed,88 FR 46572,7/19/2023,https://www.federalregister.gov/d/2023-14109,,,,0,0,0,1,1,0,0,0,0,0,1,0,0,0,0,0,0,0,0,0,0,0,1,0,0,0,2,,"Benthic foraging/resting essential features: From the mean high water line to 20 m depth, underwater refugia and food resources"
388,Rice's Whale,,,waters from the 100 meter (m) isobath to the 400 m isobath in the Gulf of Mexico (GOMx),Gulf of America,NA,,"Sufficient density, quality, abundance, and accessibility of small demersal and vertically migrating prey species, including scombriformes, stomiiformes, myctophiformes, and myopsida",0,0,1,0,1,1,,proposed,88 FR 47453,7/24/2023,https://www.federalregister.gov/public-inspection/2023-15187/endangered-and-threatened-species-designation-of-critical-habitat-for-the-rices-whale,,,,0,0,0,1,1,0,0,0,0,0,0,0,0,0,0,0,0,0,0,0,0,0,0,0,0,0,3,,"Sufficient density, quality, abundance, and accessibility of small demersal and vertically migrating prey species"
389,Rice's Whale,,,waters from the 100 meter (m) isobath to the 400 m isobath in the Gulf of Mexico (GOMx),Gulf of America,NA,,"Marine water with (i) elevated productivity, (ii) bottom temperatures of 10-19 degrees Celsius, and (iii) levels of pollutants that do not preclude or inhibit any demographic function",0,0,1,0,1,1,,proposed,88 FR 47453,7/24/2023,https://www.federalregister.gov/public-inspection/2023-15187/endangered-and-threatened-species-designation-of-critical-habitat-for-the-rices-whale,,,,0,0,0,0,0,0,0,0,1,0,0,0,0,1,1,0,0,1,0,0,0,0,0,0,0,0,3,,"Marine water with (i) elevated productivity, (ii) bottom temperatures of 10-19 degrees Celsius, and (iii) levels of pollutants that do not preclude or inhibit any demographic function"
390,Rice's Whale,,,waters from the 100 meter (m) isobath to the 400 m isobath in the Gulf of Mexico (GOMx),Gulf of America,NA,,"Sufficiently quiet conditions for normal use and occupancy, including intraspecific communication, navigation, and detection of prey, predators, and other threats",0,0,1,0,1,1,,proposed,88 FR 47453,7/24/2023,https://www.federalregister.gov/public-inspection/2023-15187/endangered-and-threatened-species-designation-of-critical-habitat-for-the-rices-whale,,,,0,0,0,0,0,0,0,1,0,0,0,0,0,0,0,0,0,0,0,0,0,0,0,0,0,0,3,,Sufficiently quiet conditions
391,Boulder Star Coral,,,"FR1: Florida, Puerto Rico, USVI, Navassa, FGB
The ranges of the five threatened corals span the wider-Caribbean, and specifically include marine waters around Florida, Puerto Rico, USVI and Navassa in the United States (79 FR 53851, September 10, 2014). We did not consider geographical areas outside of the United States, because we cannot designate critical habitat areas outside of U.S. jurisdiction (50 CFR 424.12(g)).
For each of the five coral species, boundaries of specific areas were determined by each species' commonly occupied minimum and maximum depth ranges within each coral's range at the time of listing. Across all 5 coral species, a total of 28 specific areas were identified as being under consideration for critical habitat designation. There are five or six specific areas per species, depending on whether the species occurs in FGBNMS; one area each in Florida, Puerto Rico, St. Thomas and St. John, USVI, St. Croix, USVI, FGB, and Navassa Island. Within each of the geographic areas, the individual species' specific areas are largely-overlapping. 
*see Table 4 in the FRN for detail of critical habitat units
FR2: NMFS corrects an error in the final rule designating critical habitat for threatened Caribbean corals that published in the Federal Register on August 9, 2023. The final rule incorrectly identified the northern geographic extent of critical habitat designated for Orbicella franksi as St. Lucie Inlet, Martin County, Florida in the “Table of the Locations of the Critical Habitat Units for Orbicella franksi, O. annularis, O. faveolata, Dendrogyra cylindrus, and Mycetophyllia ferox, ”codified at 50 CFR 266.230(b) and in Table 4 of the Critical Habitat Unit Descriptions in the preamble of the rule. This correcting amendment fixes that error by revising the description of the geographic extent of the OFRA-1 Unit to refer to Lake Worth Inlet, Palm Beach County, Florida.","Atlantic, Caribbean, Gulf of America","Florida, Puerto Rico, USVI, Navassa Island",,,0,0,1,0,1,1,,designated,88 FR 54026,8/9/2023,https://www.federalregister.gov/d/2023-16556,89 FR 19511,03/19/2024,https://www.federalregister.gov/d/2024-05795,0,0,0,0,1,1,0,0,1,0,0,0,0,1,1,1,1,1,1,1,0,0,1,0,0,0,5,"FL—Palm Beach, Broward, Miami-Dade, and Monroe; PR—All; USVI—All; Flower Garden Banks; Navassa Island.","Sites that support the normal function of all life stages of the corals, including reproduction, recruitment, and maturation"
392,Boulder Star Coral,,,"FR1: Florida, Puerto Rico, USVI, Navassa, FGB
The ranges of the five threatened corals span the wider-Caribbean, and specifically include marine waters around Florida, Puerto Rico, USVI and Navassa in the United States (79 FR 53851, September 10, 2014). We did not consider geographical areas outside of the United States, because we cannot designate critical habitat areas outside of U.S. jurisdiction (50 CFR 424.12(g)).
For each of the five coral species, boundaries of specific areas were determined by each species' commonly occupied minimum and maximum depth ranges within each coral's range at the time of listing. Across all 5 coral species, a total of 28 specific areas were identified as being under consideration for critical habitat designation. There are five or six specific areas per species, depending on whether the species occurs in FGBNMS; one area each in Florida, Puerto Rico, St. Thomas and St. John, USVI, St. Croix, USVI, FGB, and Navassa Island. Within each of the geographic areas, the individual species' specific areas are largely-overlapping. 
*see Table 4 in the FRN for detail of critical habitat units
FR2: NMFS corrects an error in the final rule designating critical habitat for threatened Caribbean corals that published in the Federal Register on August 9, 2023. The final rule incorrectly identified the northern geographic extent of critical habitat designated for Orbicella franksi as St. Lucie Inlet, Martin County, Florida in the “Table of the Locations of the Critical Habitat Units for Orbicella franksi, O. annularis, O. faveolata, Dendrogyra cylindrus, and Mycetophyllia ferox, ”codified at 50 CFR 266.230(b) and in Table 4 of the Critical Habitat Unit Descriptions in the preamble of the rule. This correcting amendment fixes that error by revising the description of the geographic extent of the OFRA-1 Unit to refer to Lake Worth Inlet, Palm Beach County, Florida.","Atlantic, Caribbean, Gulf of America","Florida, Puerto Rico, USVI, Navassa Island","Sites that support the normal function of all life stages of the corals, including reproduction, recruitment, and maturation. These sites are natural, consolidated hard substrate or dead coral skeleton free of algae and sediment at the appropriate scale at the point of larval settlement or fragment reattachment, and the associated water column. Several attributes of these sites determine the quality of the area and influence the value of the associated feature to the conservation of the species, including","Substrate with presence of crevices and holes that provide cryptic habitat, the presence of microbial biofilms, or presence of crustose coralline algae",0,0,1,0,1,1,,designated,88 FR 54026,8/9/2023,https://www.federalregister.gov/d/2023-16556,89 FR 19511,03/19/2024,https://www.federalregister.gov/d/2024-05795,0,0,0,0,1,1,1,0,0,0,0,0,0,0,0,0,0,0,1,0,0,0,1,0,0,0,5,"FL—Palm Beach, Broward, Miami-Dade, and Monroe; PR—All; USVI—All; Flower Garden Banks; Navassa Island.",
393,Boulder Star Coral,,,"FR1: Florida, Puerto Rico, USVI, Navassa, FGB
The ranges of the five threatened corals span the wider-Caribbean, and specifically include marine waters around Florida, Puerto Rico, USVI and Navassa in the United States (79 FR 53851, September 10, 2014). We did not consider geographical areas outside of the United States, because we cannot designate critical habitat areas outside of U.S. jurisdiction (50 CFR 424.12(g)).
For each of the five coral species, boundaries of specific areas were determined by each species' commonly occupied minimum and maximum depth ranges within each coral's range at the time of listing. Across all 5 coral species, a total of 28 specific areas were identified as being under consideration for critical habitat designation. There are five or six specific areas per species, depending on whether the species occurs in FGBNMS; one area each in Florida, Puerto Rico, St. Thomas and St. John, USVI, St. Croix, USVI, FGB, and Navassa Island. Within each of the geographic areas, the individual species' specific areas are largely-overlapping. 
*see Table 4 in the FRN for detail of critical habitat units
FR2: NMFS corrects an error in the final rule designating critical habitat for threatened Caribbean corals that published in the Federal Register on August 9, 2023. The final rule incorrectly identified the northern geographic extent of critical habitat designated for Orbicella franksi as St. Lucie Inlet, Martin County, Florida in the “Table of the Locations of the Critical Habitat Units for Orbicella franksi, O. annularis, O. faveolata, Dendrogyra cylindrus, and Mycetophyllia ferox, ”codified at 50 CFR 266.230(b) and in Table 4 of the Critical Habitat Unit Descriptions in the preamble of the rule. This correcting amendment fixes that error by revising the description of the geographic extent of the OFRA-1 Unit to refer to Lake Worth Inlet, Palm Beach County, Florida.","Atlantic, Caribbean, Gulf of America","Florida, Puerto Rico, USVI, Navassa Island","Sites that support the normal function of all life stages of the corals, including reproduction, recruitment, and maturation. These sites are natural, consolidated hard substrate or dead coral skeleton free of algae and sediment at the appropriate scale at the point of larval settlement or fragment reattachment, and the associated water column. Several attributes of these sites determine the quality of the area and influence the value of the associated feature to the conservation of the species, including",Reefscape (all the visible features of an area of reef) with no more than a thin veneer of sediment and low occupancy by fleshy and turf macroalgae,0,0,1,0,1,1,,designated,88 FR 54026,8/9/2023,https://www.federalregister.gov/d/2023-16556,89 FR 19511,03/19/2024,https://www.federalregister.gov/d/2024-05795,0,0,0,0,1,1,0,0,0,0,0,0,0,0,0,0,0,0,1,0,0,0,1,0,0,0,5,"FL—Palm Beach, Broward, Miami-Dade, and Monroe; PR—All; USVI—All; Flower Garden Banks; Navassa Island.",
394,Boulder Star Coral,,,"FR1: Florida, Puerto Rico, USVI, Navassa, FGB
The ranges of the five threatened corals span the wider-Caribbean, and specifically include marine waters around Florida, Puerto Rico, USVI and Navassa in the United States (79 FR 53851, September 10, 2014). We did not consider geographical areas outside of the United States, because we cannot designate critical habitat areas outside of U.S. jurisdiction (50 CFR 424.12(g)).
For each of the five coral species, boundaries of specific areas were determined by each species' commonly occupied minimum and maximum depth ranges within each coral's range at the time of listing. Across all 5 coral species, a total of 28 specific areas were identified as being under consideration for critical habitat designation. There are five or six specific areas per species, depending on whether the species occurs in FGBNMS; one area each in Florida, Puerto Rico, St. Thomas and St. John, USVI, St. Croix, USVI, FGB, and Navassa Island. Within each of the geographic areas, the individual species' specific areas are largely-overlapping. 
*see Table 4 in the FRN for detail of critical habitat units
FR2: NMFS corrects an error in the final rule designating critical habitat for threatened Caribbean corals that published in the Federal Register on August 9, 2023. The final rule incorrectly identified the northern geographic extent of critical habitat designated for Orbicella franksi as St. Lucie Inlet, Martin County, Florida in the “Table of the Locations of the Critical Habitat Units for Orbicella franksi, O. annularis, O. faveolata, Dendrogyra cylindrus, and Mycetophyllia ferox, ”codified at 50 CFR 266.230(b) and in Table 4 of the Critical Habitat Unit Descriptions in the preamble of the rule. This correcting amendment fixes that error by revising the description of the geographic extent of the OFRA-1 Unit to refer to Lake Worth Inlet, Palm Beach County, Florida.","Atlantic, Caribbean, Gulf of America","Florida, Puerto Rico, USVI, Navassa Island","Sites that support the normal function of all life stages of the corals, including reproduction, recruitment, and maturation. These sites are natural, consolidated hard substrate or dead coral skeleton free of algae and sediment at the appropriate scale at the point of larval settlement or fragment reattachment, and the associated water column. Several attributes of these sites determine the quality of the area and influence the value of the associated feature to the conservation of the species, including","Marine water with levels of temperature, aragonite saturation, nutrients, and water clarity that have been observed to support any demographic function",0,0,1,0,1,1,,designated,88 FR 54026,8/9/2023,https://www.federalregister.gov/d/2023-16556,89 FR 19511,03/19/2024,https://www.federalregister.gov/d/2024-05795,0,0,0,0,0,0,0,0,0,0,0,0,0,1,1,0,0,1,1,1,0,0,0,0,0,0,5,"FL—Palm Beach, Broward, Miami-Dade, and Monroe; PR—All; USVI—All; Flower Garden Banks; Navassa Island.",
395,Boulder Star Coral,,,"FR1: Florida, Puerto Rico, USVI, Navassa, FGB
The ranges of the five threatened corals span the wider-Caribbean, and specifically include marine waters around Florida, Puerto Rico, USVI and Navassa in the United States (79 FR 53851, September 10, 2014). We did not consider geographical areas outside of the United States, because we cannot designate critical habitat areas outside of U.S. jurisdiction (50 CFR 424.12(g)).
For each of the five coral species, boundaries of specific areas were determined by each species' commonly occupied minimum and maximum depth ranges within each coral's range at the time of listing. Across all 5 coral species, a total of 28 specific areas were identified as being under consideration for critical habitat designation. There are five or six specific areas per species, depending on whether the species occurs in FGBNMS; one area each in Florida, Puerto Rico, St. Thomas and St. John, USVI, St. Croix, USVI, FGB, and Navassa Island. Within each of the geographic areas, the individual species' specific areas are largely-overlapping. 
*see Table 4 in the FRN for detail of critical habitat units
FR2: NMFS corrects an error in the final rule designating critical habitat for threatened Caribbean corals that published in the Federal Register on August 9, 2023. The final rule incorrectly identified the northern geographic extent of critical habitat designated for Orbicella franksi as St. Lucie Inlet, Martin County, Florida in the “Table of the Locations of the Critical Habitat Units for Orbicella franksi, O. annularis, O. faveolata, Dendrogyra cylindrus, and Mycetophyllia ferox, ”codified at 50 CFR 266.230(b) and in Table 4 of the Critical Habitat Unit Descriptions in the preamble of the rule. This correcting amendment fixes that error by revising the description of the geographic extent of the OFRA-1 Unit to refer to Lake Worth Inlet, Palm Beach County, Florida.","Atlantic, Caribbean, Gulf of America","Florida, Puerto Rico, USVI, Navassa Island","Sites that support the normal function of all life stages of the corals, including reproduction, recruitment, and maturation. These sites are natural, consolidated hard substrate or dead coral skeleton free of algae and sediment at the appropriate scale at the point of larval settlement or fragment reattachment, and the associated water column. Several attributes of these sites determine the quality of the area and influence the value of the associated feature to the conservation of the species, including",Marine water with levels of anthropogenically-introduced (from humans) chemical contaminants that do not preclude or inhibit any demographic function,0,0,1,0,1,1,,designated,88 FR 54026,8/9/2023,https://www.federalregister.gov/d/2023-16556,89 FR 19511,03/19/2024,https://www.federalregister.gov/d/2024-05795,0,0,0,0,0,0,0,0,1,0,0,0,0,1,0,0,0,0,0,0,0,0,0,0,0,0,5,"FL—Palm Beach, Broward, Miami-Dade, and Monroe; PR—All; USVI—All; Flower Garden Banks; Navassa Island.",
396,Lobed Star Coral,,,"Florida, Puerto Rico, USVI, Navassa, FGB
The ranges of the five threatened corals span the wider-Caribbean, and specifically include marine waters around Florida, Puerto Rico, USVI and Navassa in the United States (79 FR 53851, September 10, 2014). We did not consider geographical areas outside of the United States, because we cannot designate critical habitat areas outside of U.S. jurisdiction (50 CFR 424.12(g)).
For each of the five coral species, boundaries of specific areas were determined by each species' commonly occupied minimum and maximum depth ranges within each coral's range at the time of listing. Across all 5 coral species, a total of 28 specific areas were identified as being under consideration for critical habitat designation. There are five or six specific areas per species, depending on whether the species occurs in FGBNMS; one area each in Florida, Puerto Rico, St. Thomas and St. John, USVI, St. Croix, USVI, FGB, and Navassa Island. Within each of the geographic areas, the individual species' specific areas are largely-overlapping. 
*see Table 4 in the FRN for detail of critical habitat units","Atlantic, Caribbean, Gulf of America","Florida, Puerto Rico, USVI, Navassa Island",,,0,0,1,0,1,1,,designated,88 FR 54026,8/9/2023,https://www.federalregister.gov/d/2023-16556,,,,0,0,0,0,1,1,0,0,1,0,0,0,0,1,1,1,1,1,1,1,0,0,1,0,0,0,5,"FL—Palm Beach, Broward, Miami-Dade, and Monroe; PR—All; USVI—All; Flower Garden Banks; Navassa Island.","Sites that support the normal function of all life stages of the corals, including reproduction, recruitment, and maturation"
397,Lobed Star Coral,,,"Florida, Puerto Rico, USVI, Navassa, FGB
The ranges of the five threatened corals span the wider-Caribbean, and specifically include marine waters around Florida, Puerto Rico, USVI and Navassa in the United States (79 FR 53851, September 10, 2014). We did not consider geographical areas outside of the United States, because we cannot designate critical habitat areas outside of U.S. jurisdiction (50 CFR 424.12(g)).
For each of the five coral species, boundaries of specific areas were determined by each species' commonly occupied minimum and maximum depth ranges within each coral's range at the time of listing. Across all 5 coral species, a total of 28 specific areas were identified as being under consideration for critical habitat designation. There are five or six specific areas per species, depending on whether the species occurs in FGBNMS; one area each in Florida, Puerto Rico, St. Thomas and St. John, USVI, St. Croix, USVI, FGB, and Navassa Island. Within each of the geographic areas, the individual species' specific areas are largely-overlapping. 
*see Table 4 in the FRN for detail of critical habitat units","Atlantic, Caribbean, Gulf of America","Florida, Puerto Rico, USVI, Navassa Island","Sites that support the normal function of all life stages of the corals, including reproduction, recruitment, and maturation. These sites are natural, consolidated hard substrate or dead coral skeleton free of algae and sediment at the appropriate scale at the point of larval settlement or fragment reattachment, and the associated water column. Several attributes of these sites determine the quality of the area and influence the value of the associated feature to the conservation of the species, including","Substrate with presence of crevices and holes that provide cryptic habitat, the presence of microbial biofilms, or presence of crustose coralline algae",0,0,1,0,1,1,,designated,88 FR 54026,8/9/2023,https://www.federalregister.gov/d/2023-16556,,,,0,0,0,0,1,1,1,0,0,0,0,0,0,0,0,0,0,0,1,0,0,0,1,0,0,0,5,"FL—Palm Beach, Broward, Miami-Dade, and Monroe; PR—All; USVI—All; Flower Garden Banks; Navassa Island.",
398,Lobed Star Coral,,,"Florida, Puerto Rico, USVI, Navassa, FGB
The ranges of the five threatened corals span the wider-Caribbean, and specifically include marine waters around Florida, Puerto Rico, USVI and Navassa in the United States (79 FR 53851, September 10, 2014). We did not consider geographical areas outside of the United States, because we cannot designate critical habitat areas outside of U.S. jurisdiction (50 CFR 424.12(g)).
For each of the five coral species, boundaries of specific areas were determined by each species' commonly occupied minimum and maximum depth ranges within each coral's range at the time of listing. Across all 5 coral species, a total of 28 specific areas were identified as being under consideration for critical habitat designation. There are five or six specific areas per species, depending on whether the species occurs in FGBNMS; one area each in Florida, Puerto Rico, St. Thomas and St. John, USVI, St. Croix, USVI, FGB, and Navassa Island. Within each of the geographic areas, the individual species' specific areas are largely-overlapping. 
*see Table 4 in the FRN for detail of critical habitat units","Atlantic, Caribbean, Gulf of America","Florida, Puerto Rico, USVI, Navassa Island","Sites that support the normal function of all life stages of the corals, including reproduction, recruitment, and maturation. These sites are natural, consolidated hard substrate or dead coral skeleton free of algae and sediment at the appropriate scale at the point of larval settlement or fragment reattachment, and the associated water column. Several attributes of these sites determine the quality of the area and influence the value of the associated feature to the conservation of the species, including",Reefscape (all the visible features of an area of reef) with no more than a thin veneer of sediment and low occupancy by fleshy and turf macroalgae,0,0,1,0,1,1,,designated,88 FR 54026,8/9/2023,https://www.federalregister.gov/d/2023-16556,,,,0,0,0,0,1,1,0,0,0,0,0,0,0,0,0,0,0,0,1,0,0,0,1,0,0,0,5,"FL—Palm Beach, Broward, Miami-Dade, and Monroe; PR—All; USVI—All; Flower Garden Banks; Navassa Island.",
399,Lobed Star Coral,,,"Florida, Puerto Rico, USVI, Navassa, FGB
The ranges of the five threatened corals span the wider-Caribbean, and specifically include marine waters around Florida, Puerto Rico, USVI and Navassa in the United States (79 FR 53851, September 10, 2014). We did not consider geographical areas outside of the United States, because we cannot designate critical habitat areas outside of U.S. jurisdiction (50 CFR 424.12(g)).
For each of the five coral species, boundaries of specific areas were determined by each species' commonly occupied minimum and maximum depth ranges within each coral's range at the time of listing. Across all 5 coral species, a total of 28 specific areas were identified as being under consideration for critical habitat designation. There are five or six specific areas per species, depending on whether the species occurs in FGBNMS; one area each in Florida, Puerto Rico, St. Thomas and St. John, USVI, St. Croix, USVI, FGB, and Navassa Island. Within each of the geographic areas, the individual species' specific areas are largely-overlapping. 
*see Table 4 in the FRN for detail of critical habitat units","Atlantic, Caribbean, Gulf of America","Florida, Puerto Rico, USVI, Navassa Island","Sites that support the normal function of all life stages of the corals, including reproduction, recruitment, and maturation. These sites are natural, consolidated hard substrate or dead coral skeleton free of algae and sediment at the appropriate scale at the point of larval settlement or fragment reattachment, and the associated water column. Several attributes of these sites determine the quality of the area and influence the value of the associated feature to the conservation of the species, including","Marine water with levels of temperature, aragonite saturation, nutrients, and water clarity that have been observed to support any demographic function",0,0,1,0,1,1,,designated,88 FR 54026,8/9/2023,https://www.federalregister.gov/d/2023-16556,,,,0,0,0,0,0,0,0,0,0,0,0,0,0,1,1,0,0,1,1,1,0,0,0,0,0,0,5,"FL—Palm Beach, Broward, Miami-Dade, and Monroe; PR—All; USVI—All; Flower Garden Banks; Navassa Island.",
400,Lobed Star Coral,,,"Florida, Puerto Rico, USVI, Navassa, FGB
The ranges of the five threatened corals span the wider-Caribbean, and specifically include marine waters around Florida, Puerto Rico, USVI and Navassa in the United States (79 FR 53851, September 10, 2014). We did not consider geographical areas outside of the United States, because we cannot designate critical habitat areas outside of U.S. jurisdiction (50 CFR 424.12(g)).
For each of the five coral species, boundaries of specific areas were determined by each species' commonly occupied minimum and maximum depth ranges within each coral's range at the time of listing. Across all 5 coral species, a total of 28 specific areas were identified as being under consideration for critical habitat designation. There are five or six specific areas per species, depending on whether the species occurs in FGBNMS; one area each in Florida, Puerto Rico, St. Thomas and St. John, USVI, St. Croix, USVI, FGB, and Navassa Island. Within each of the geographic areas, the individual species' specific areas are largely-overlapping. 
*see Table 4 in the FRN for detail of critical habitat units","Atlantic, Caribbean, Gulf of America","Florida, Puerto Rico, USVI, Navassa Island","Sites that support the normal function of all life stages of the corals, including reproduction, recruitment, and maturation. These sites are natural, consolidated hard substrate or dead coral skeleton free of algae and sediment at the appropriate scale at the point of larval settlement or fragment reattachment, and the associated water column. Several attributes of these sites determine the quality of the area and influence the value of the associated feature to the conservation of the species, including",Marine water with levels of anthropogenically-introduced (from humans) chemical contaminants that do not preclude or inhibit any demographic function,0,0,1,0,1,1,,designated,88 FR 54026,8/9/2023,https://www.federalregister.gov/d/2023-16556,,,,0,0,0,0,0,0,0,0,1,0,0,0,0,1,0,0,0,0,0,0,0,0,0,0,0,0,5,"FL—Palm Beach, Broward, Miami-Dade, and Monroe; PR—All; USVI—All; Flower Garden Banks; Navassa Island.",
401,Mountainous Star Coral,,,"Florida, Puerto Rico, USVI, Navassa, FGB
The ranges of the five threatened corals span the wider-Caribbean, and specifically include marine waters around Florida, Puerto Rico, USVI and Navassa in the United States (79 FR 53851, September 10, 2014). We did not consider geographical areas outside of the United States, because we cannot designate critical habitat areas outside of U.S. jurisdiction (50 CFR 424.12(g)).
For each of the five coral species, boundaries of specific areas were determined by each species' commonly occupied minimum and maximum depth ranges within each coral's range at the time of listing. Across all 5 coral species, a total of 28 specific areas were identified as being under consideration for critical habitat designation. There are five or six specific areas per species, depending on whether the species occurs in FGBNMS; one area each in Florida, Puerto Rico, St. Thomas and St. John, USVI, St. Croix, USVI, FGB, and Navassa Island. Within each of the geographic areas, the individual species' specific areas are largely-overlapping. 
*see Table 4 in the FRN for detail of critical habitat units","Atlantic, Caribbean, Gulf of America","Florida, Puerto Rico, USVI, Navassa Island",,,0,0,1,0,1,1,,designated,88 FR 54026,8/9/2023,https://www.federalregister.gov/d/2023-16556,,,,0,0,0,0,1,1,0,0,1,0,0,0,0,1,1,1,1,1,1,1,0,0,1,0,0,0,5,"FL—Martin, Palm Beach, Broward, Miami-Dade, and Monroe; PR—All; USVI—All; Flower Garden Banks; Navassa Island.","Sites that support the normal function of all life stages of the corals, including reproduction, recruitment, and maturation"
402,Mountainous Star Coral,,,"Florida, Puerto Rico, USVI, Navassa, FGB
The ranges of the five threatened corals span the wider-Caribbean, and specifically include marine waters around Florida, Puerto Rico, USVI and Navassa in the United States (79 FR 53851, September 10, 2014). We did not consider geographical areas outside of the United States, because we cannot designate critical habitat areas outside of U.S. jurisdiction (50 CFR 424.12(g)).
For each of the five coral species, boundaries of specific areas were determined by each species' commonly occupied minimum and maximum depth ranges within each coral's range at the time of listing. Across all 5 coral species, a total of 28 specific areas were identified as being under consideration for critical habitat designation. There are five or six specific areas per species, depending on whether the species occurs in FGBNMS; one area each in Florida, Puerto Rico, St. Thomas and St. John, USVI, St. Croix, USVI, FGB, and Navassa Island. Within each of the geographic areas, the individual species' specific areas are largely-overlapping. 
*see Table 4 in the FRN for detail of critical habitat units","Atlantic, Caribbean, Gulf of America","Florida, Puerto Rico, USVI, Navassa Island","Sites that support the normal function of all life stages of the corals, including reproduction, recruitment, and maturation. These sites are natural, consolidated hard substrate or dead coral skeleton free of algae and sediment at the appropriate scale at the point of larval settlement or fragment reattachment, and the associated water column. Several attributes of these sites determine the quality of the area and influence the value of the associated feature to the conservation of the species, including","Substrate with presence of crevices and holes that provide cryptic habitat, the presence of microbial biofilms, or presence of crustose coralline algae",0,0,1,0,1,1,,designated,88 FR 54026,8/9/2023,https://www.federalregister.gov/d/2023-16556,,,,0,0,0,0,1,1,1,0,0,0,0,0,0,0,0,0,0,0,1,0,0,0,1,0,0,0,5,"FL—Martin, Palm Beach, Broward, Miami-Dade, and Monroe; PR—All; USVI—All; Flower Garden Banks; Navassa Island.",
403,Mountainous Star Coral,,,"Florida, Puerto Rico, USVI, Navassa, FGB
The ranges of the five threatened corals span the wider-Caribbean, and specifically include marine waters around Florida, Puerto Rico, USVI and Navassa in the United States (79 FR 53851, September 10, 2014). We did not consider geographical areas outside of the United States, because we cannot designate critical habitat areas outside of U.S. jurisdiction (50 CFR 424.12(g)).
For each of the five coral species, boundaries of specific areas were determined by each species' commonly occupied minimum and maximum depth ranges within each coral's range at the time of listing. Across all 5 coral species, a total of 28 specific areas were identified as being under consideration for critical habitat designation. There are five or six specific areas per species, depending on whether the species occurs in FGBNMS; one area each in Florida, Puerto Rico, St. Thomas and St. John, USVI, St. Croix, USVI, FGB, and Navassa Island. Within each of the geographic areas, the individual species' specific areas are largely-overlapping. 
*see Table 4 in the FRN for detail of critical habitat units","Atlantic, Caribbean, Gulf of America","Florida, Puerto Rico, USVI, Navassa Island","Sites that support the normal function of all life stages of the corals, including reproduction, recruitment, and maturation. These sites are natural, consolidated hard substrate or dead coral skeleton free of algae and sediment at the appropriate scale at the point of larval settlement or fragment reattachment, and the associated water column. Several attributes of these sites determine the quality of the area and influence the value of the associated feature to the conservation of the species, including",Reefscape (all the visible features of an area of reef) with no more than a thin veneer of sediment and low occupancy by fleshy and turf macroalgae,0,0,1,0,1,1,,designated,88 FR 54026,8/9/2023,https://www.federalregister.gov/d/2023-16556,,,,0,0,0,0,1,1,0,0,0,0,0,0,0,0,0,0,0,0,1,0,0,0,1,0,0,0,5,"FL—Martin, Palm Beach, Broward, Miami-Dade, and Monroe; PR—All; USVI—All; Flower Garden Banks; Navassa Island.",
404,Mountainous Star Coral,,,"Florida, Puerto Rico, USVI, Navassa, FGB
The ranges of the five threatened corals span the wider-Caribbean, and specifically include marine waters around Florida, Puerto Rico, USVI and Navassa in the United States (79 FR 53851, September 10, 2014). We did not consider geographical areas outside of the United States, because we cannot designate critical habitat areas outside of U.S. jurisdiction (50 CFR 424.12(g)).
For each of the five coral species, boundaries of specific areas were determined by each species' commonly occupied minimum and maximum depth ranges within each coral's range at the time of listing. Across all 5 coral species, a total of 28 specific areas were identified as being under consideration for critical habitat designation. There are five or six specific areas per species, depending on whether the species occurs in FGBNMS; one area each in Florida, Puerto Rico, St. Thomas and St. John, USVI, St. Croix, USVI, FGB, and Navassa Island. Within each of the geographic areas, the individual species' specific areas are largely-overlapping. 
*see Table 4 in the FRN for detail of critical habitat units","Atlantic, Caribbean, Gulf of America","Florida, Puerto Rico, USVI, Navassa Island","Sites that support the normal function of all life stages of the corals, including reproduction, recruitment, and maturation. These sites are natural, consolidated hard substrate or dead coral skeleton free of algae and sediment at the appropriate scale at the point of larval settlement or fragment reattachment, and the associated water column. Several attributes of these sites determine the quality of the area and influence the value of the associated feature to the conservation of the species, including","Marine water with levels of temperature, aragonite saturation, nutrients, and water clarity that have been observed to support any demographic function",0,0,1,0,1,1,,designated,88 FR 54026,8/9/2023,https://www.federalregister.gov/d/2023-16556,,,,0,0,0,0,0,0,0,0,0,0,0,0,0,1,1,0,0,1,1,1,0,0,0,0,0,0,5,"FL—Martin, Palm Beach, Broward, Miami-Dade, and Monroe; PR—All; USVI—All; Flower Garden Banks; Navassa Island.",
405,Mountainous Star Coral,,,"Florida, Puerto Rico, USVI, Navassa, FGB
The ranges of the five threatened corals span the wider-Caribbean, and specifically include marine waters around Florida, Puerto Rico, USVI and Navassa in the United States (79 FR 53851, September 10, 2014). We did not consider geographical areas outside of the United States, because we cannot designate critical habitat areas outside of U.S. jurisdiction (50 CFR 424.12(g)).
For each of the five coral species, boundaries of specific areas were determined by each species' commonly occupied minimum and maximum depth ranges within each coral's range at the time of listing. Across all 5 coral species, a total of 28 specific areas were identified as being under consideration for critical habitat designation. There are five or six specific areas per species, depending on whether the species occurs in FGBNMS; one area each in Florida, Puerto Rico, St. Thomas and St. John, USVI, St. Croix, USVI, FGB, and Navassa Island. Within each of the geographic areas, the individual species' specific areas are largely-overlapping. 
*see Table 4 in the FRN for detail of critical habitat units","Atlantic, Caribbean, Gulf of America","Florida, Puerto Rico, USVI, Navassa Island","Sites that support the normal function of all life stages of the corals, including reproduction, recruitment, and maturation. These sites are natural, consolidated hard substrate or dead coral skeleton free of algae and sediment at the appropriate scale at the point of larval settlement or fragment reattachment, and the associated water column. Several attributes of these sites determine the quality of the area and influence the value of the associated feature to the conservation of the species, including",Marine water with levels of anthropogenically-introduced (from humans) chemical contaminants that do not preclude or inhibit any demographic function,0,0,1,0,1,1,,designated,88 FR 54026,8/9/2023,https://www.federalregister.gov/d/2023-16556,,,,0,0,0,0,0,0,0,0,1,0,0,0,0,1,0,0,0,0,0,0,0,0,0,0,0,0,5,"FL—Martin, Palm Beach, Broward, Miami-Dade, and Monroe; PR—All; USVI—All; Flower Garden Banks; Navassa Island.",
406,Pillar Coral,,,"Florida, Puerto Rico, USVI, Navassa
The ranges of the five threatened corals span the wider-Caribbean, and specifically include marine waters around Florida, Puerto Rico, USVI and Navassa in the United States (79 FR 53851, September 10, 2014). We did not consider geographical areas outside of the United States, because we cannot designate critical habitat areas outside of U.S. jurisdiction (50 CFR 424.12(g)).
For each of the five coral species, boundaries of specific areas were determined by each species' commonly occupied minimum and maximum depth ranges within each coral's range at the time of listing. Across all 5 coral species, a total of 28 specific areas were identified as being under consideration for critical habitat designation. There are five or six specific areas per species, depending on whether the species occurs in FGBNMS; one area each in Florida, Puerto Rico, St. Thomas and St. John, USVI, St. Croix, USVI, FGB, and Navassa Island. Within each of the geographic areas, the individual species' specific areas are largely-overlapping. 
*see Table 4 in the FRN for detail of critical habitat units","Atlantic, Caribbean, Gulf of America","Florida, Puerto Rico, USVI, Navassa Island",,,0,0,1,0,1,1,,designated,88 FR 54026,8/9/2023,https://www.federalregister.gov/d/2023-16556,,,,0,0,0,0,1,1,0,0,1,0,0,0,0,1,1,1,1,1,1,1,0,0,1,0,0,0,5,"FL—Palm Beach, Broward, Miami-Dade, and Monroe; PR—All; USVI—All; Navassa Island.","Sites that support the normal function of all life stages of the corals, including reproduction, recruitment, and maturation"
407,Pillar Coral,,,"Florida, Puerto Rico, USVI, Navassa
The ranges of the five threatened corals span the wider-Caribbean, and specifically include marine waters around Florida, Puerto Rico, USVI and Navassa in the United States (79 FR 53851, September 10, 2014). We did not consider geographical areas outside of the United States, because we cannot designate critical habitat areas outside of U.S. jurisdiction (50 CFR 424.12(g)).
For each of the five coral species, boundaries of specific areas were determined by each species' commonly occupied minimum and maximum depth ranges within each coral's range at the time of listing. Across all 5 coral species, a total of 28 specific areas were identified as being under consideration for critical habitat designation. There are five or six specific areas per species, depending on whether the species occurs in FGBNMS; one area each in Florida, Puerto Rico, St. Thomas and St. John, USVI, St. Croix, USVI, FGB, and Navassa Island. Within each of the geographic areas, the individual species' specific areas are largely-overlapping. 
*see Table 4 in the FRN for detail of critical habitat units","Atlantic, Caribbean, Gulf of America","Florida, Puerto Rico, USVI, Navassa Island","Sites that support the normal function of all life stages of the corals, including reproduction, recruitment, and maturation. These sites are natural, consolidated hard substrate or dead coral skeleton free of algae and sediment at the appropriate scale at the point of larval settlement or fragment reattachment, and the associated water column. Several attributes of these sites determine the quality of the area and influence the value of the associated feature to the conservation of the species, including","Substrate with presence of crevices and holes that provide cryptic habitat, the presence of microbial biofilms, or presence of crustose coralline algae",0,0,1,0,1,1,,designated,88 FR 54026,8/9/2023,https://www.federalregister.gov/d/2023-16556,,,,0,0,0,0,1,1,1,0,0,0,0,0,0,0,0,0,0,0,1,0,0,0,1,0,0,0,5,"FL—Palm Beach, Broward, Miami-Dade, and Monroe; PR—All; USVI—All; Navassa Island.",
408,Pillar Coral,,,"Florida, Puerto Rico, USVI, Navassa
The ranges of the five threatened corals span the wider-Caribbean, and specifically include marine waters around Florida, Puerto Rico, USVI and Navassa in the United States (79 FR 53851, September 10, 2014). We did not consider geographical areas outside of the United States, because we cannot designate critical habitat areas outside of U.S. jurisdiction (50 CFR 424.12(g)).
For each of the five coral species, boundaries of specific areas were determined by each species' commonly occupied minimum and maximum depth ranges within each coral's range at the time of listing. Across all 5 coral species, a total of 28 specific areas were identified as being under consideration for critical habitat designation. There are five or six specific areas per species, depending on whether the species occurs in FGBNMS; one area each in Florida, Puerto Rico, St. Thomas and St. John, USVI, St. Croix, USVI, FGB, and Navassa Island. Within each of the geographic areas, the individual species' specific areas are largely-overlapping. 
*see Table 4 in the FRN for detail of critical habitat units","Atlantic, Caribbean, Gulf of America","Florida, Puerto Rico, USVI, Navassa Island","Sites that support the normal function of all life stages of the corals, including reproduction, recruitment, and maturation. These sites are natural, consolidated hard substrate or dead coral skeleton free of algae and sediment at the appropriate scale at the point of larval settlement or fragment reattachment, and the associated water column. Several attributes of these sites determine the quality of the area and influence the value of the associated feature to the conservation of the species, including",Reefscape (all the visible features of an area of reef) with no more than a thin veneer of sediment and low occupancy by fleshy and turf macroalgae,0,0,1,0,1,1,,designated,88 FR 54026,8/9/2023,https://www.federalregister.gov/d/2023-16556,,,,0,0,0,0,1,1,0,0,0,0,0,0,0,0,0,0,0,0,1,0,0,0,1,0,0,0,5,"FL—Palm Beach, Broward, Miami-Dade, and Monroe; PR—All; USVI—All; Navassa Island.",
409,Pillar Coral,,,"Florida, Puerto Rico, USVI, Navassa
The ranges of the five threatened corals span the wider-Caribbean, and specifically include marine waters around Florida, Puerto Rico, USVI and Navassa in the United States (79 FR 53851, September 10, 2014). We did not consider geographical areas outside of the United States, because we cannot designate critical habitat areas outside of U.S. jurisdiction (50 CFR 424.12(g)).
For each of the five coral species, boundaries of specific areas were determined by each species' commonly occupied minimum and maximum depth ranges within each coral's range at the time of listing. Across all 5 coral species, a total of 28 specific areas were identified as being under consideration for critical habitat designation. There are five or six specific areas per species, depending on whether the species occurs in FGBNMS; one area each in Florida, Puerto Rico, St. Thomas and St. John, USVI, St. Croix, USVI, FGB, and Navassa Island. Within each of the geographic areas, the individual species' specific areas are largely-overlapping. 
*see Table 4 in the FRN for detail of critical habitat units","Atlantic, Caribbean, Gulf of America","Florida, Puerto Rico, USVI, Navassa Island","Sites that support the normal function of all life stages of the corals, including reproduction, recruitment, and maturation. These sites are natural, consolidated hard substrate or dead coral skeleton free of algae and sediment at the appropriate scale at the point of larval settlement or fragment reattachment, and the associated water column. Several attributes of these sites determine the quality of the area and influence the value of the associated feature to the conservation of the species, including","Marine water with levels of temperature, aragonite saturation, nutrients, and water clarity that have been observed to support any demographic function",0,0,1,0,1,1,,designated,88 FR 54026,8/9/2023,https://www.federalregister.gov/d/2023-16556,,,,0,0,0,0,0,0,0,0,0,0,0,0,0,1,1,0,0,1,1,1,0,0,0,0,0,0,5,"FL—Palm Beach, Broward, Miami-Dade, and Monroe; PR—All; USVI—All; Navassa Island.",
410,Pillar Coral,,,"Florida, Puerto Rico, USVI, Navassa
The ranges of the five threatened corals span the wider-Caribbean, and specifically include marine waters around Florida, Puerto Rico, USVI and Navassa in the United States (79 FR 53851, September 10, 2014). We did not consider geographical areas outside of the United States, because we cannot designate critical habitat areas outside of U.S. jurisdiction (50 CFR 424.12(g)).
For each of the five coral species, boundaries of specific areas were determined by each species' commonly occupied minimum and maximum depth ranges within each coral's range at the time of listing. Across all 5 coral species, a total of 28 specific areas were identified as being under consideration for critical habitat designation. There are five or six specific areas per species, depending on whether the species occurs in FGBNMS; one area each in Florida, Puerto Rico, St. Thomas and St. John, USVI, St. Croix, USVI, FGB, and Navassa Island. Within each of the geographic areas, the individual species' specific areas are largely-overlapping. 
*see Table 4 in the FRN for detail of critical habitat units","Atlantic, Caribbean, Gulf of America","Florida, Puerto Rico, USVI, Navassa Island","Sites that support the normal function of all life stages of the corals, including reproduction, recruitment, and maturation. These sites are natural, consolidated hard substrate or dead coral skeleton free of algae and sediment at the appropriate scale at the point of larval settlement or fragment reattachment, and the associated water column. Several attributes of these sites determine the quality of the area and influence the value of the associated feature to the conservation of the species, including",Marine water with levels of anthropogenically-introduced (from humans) chemical contaminants that do not preclude or inhibit any demographic function,0,0,1,0,1,1,,designated,88 FR 54026,8/9/2023,https://www.federalregister.gov/d/2023-16556,,,,0,0,0,0,0,0,0,0,1,0,0,0,0,1,0,0,0,0,0,0,0,0,0,0,0,0,5,"FL—Palm Beach, Broward, Miami-Dade, and Monroe; PR—All; USVI—All; Navassa Island.",
411,Rough Cactus Coral,,,"Florida, Puerto Rico, USVI, Navassa
The ranges of the five threatened corals span the wider-Caribbean, and specifically include marine waters around Florida, Puerto Rico, USVI and Navassa in the United States (79 FR 53851, September 10, 2014). We did not consider geographical areas outside of the United States, because we cannot designate critical habitat areas outside of U.S. jurisdiction (50 CFR 424.12(g)).
For each of the five coral species, boundaries of specific areas were determined by each species' commonly occupied minimum and maximum depth ranges within each coral's range at the time of listing. Across all 5 coral species, a total of 28 specific areas were identified as being under consideration for critical habitat designation. There are five or six specific areas per species, depending on whether the species occurs in FGBNMS; one area each in Florida, Puerto Rico, St. Thomas and St. John, USVI, St. Croix, USVI, FGB, and Navassa Island. Within each of the geographic areas, the individual species' specific areas are largely-overlapping. 
*see Table 4 in the FRN for detail of critical habitat units","Atlantic, Caribbean, Gulf of America","Florida, Puerto Rico, USVI, Navassa Island",,,0,0,1,0,1,1,,designated,88 FR 54026,8/9/2023,https://www.federalregister.gov/d/2023-16556,,,,0,0,0,0,1,1,1,0,1,0,0,0,0,1,1,0,0,1,1,1,0,0,1,0,0,0,5,"FL—Broward, Miami-Dade, and Monroe; PR—All; USVI—All; Navassa Island.","Sites that support the normal function of all life stages of the corals, including reproduction, recruitment, and maturation"
412,Rough Cactus Coral,,,"Florida, Puerto Rico, USVI, Navassa
The ranges of the five threatened corals span the wider-Caribbean, and specifically include marine waters around Florida, Puerto Rico, USVI and Navassa in the United States (79 FR 53851, September 10, 2014). We did not consider geographical areas outside of the United States, because we cannot designate critical habitat areas outside of U.S. jurisdiction (50 CFR 424.12(g)).
For each of the five coral species, boundaries of specific areas were determined by each species' commonly occupied minimum and maximum depth ranges within each coral's range at the time of listing. Across all 5 coral species, a total of 28 specific areas were identified as being under consideration for critical habitat designation. There are five or six specific areas per species, depending on whether the species occurs in FGBNMS; one area each in Florida, Puerto Rico, St. Thomas and St. John, USVI, St. Croix, USVI, FGB, and Navassa Island. Within each of the geographic areas, the individual species' specific areas are largely-overlapping. 
*see Table 4 in the FRN for detail of critical habitat units","Atlantic, Caribbean, Gulf of America","Florida, Puerto Rico, USVI, Navassa Island","Sites that support the normal function of all life stages of the corals, including reproduction, recruitment, and maturation. These sites are natural, consolidated hard substrate or dead coral skeleton free of algae and sediment at the appropriate scale at the point of larval settlement or fragment reattachment, and the associated water column. Several attributes of these sites determine the quality of the area and influence the value of the associated feature to the conservation of the species, including","Substrate with presence of crevices and holes that provide cryptic habitat, the presence of microbial biofilms, or presence of crustose coralline algae",0,0,1,0,1,1,,designated,88 FR 54026,8/9/2023,https://www.federalregister.gov/d/2023-16556,,,,0,0,0,0,1,1,1,0,0,0,0,0,0,0,0,0,0,0,1,0,0,0,1,0,0,0,5,"FL—Broward, Miami-Dade, and Monroe; PR—All; USVI—All; Navassa Island.",
413,Rough Cactus Coral,,,"Florida, Puerto Rico, USVI, Navassa
The ranges of the five threatened corals span the wider-Caribbean, and specifically include marine waters around Florida, Puerto Rico, USVI and Navassa in the United States (79 FR 53851, September 10, 2014). We did not consider geographical areas outside of the United States, because we cannot designate critical habitat areas outside of U.S. jurisdiction (50 CFR 424.12(g)).
For each of the five coral species, boundaries of specific areas were determined by each species' commonly occupied minimum and maximum depth ranges within each coral's range at the time of listing. Across all 5 coral species, a total of 28 specific areas were identified as being under consideration for critical habitat designation. There are five or six specific areas per species, depending on whether the species occurs in FGBNMS; one area each in Florida, Puerto Rico, St. Thomas and St. John, USVI, St. Croix, USVI, FGB, and Navassa Island. Within each of the geographic areas, the individual species' specific areas are largely-overlapping. 
*see Table 4 in the FRN for detail of critical habitat units","Atlantic, Caribbean, Gulf of America","Florida, Puerto Rico, USVI, Navassa Island","Sites that support the normal function of all life stages of the corals, including reproduction, recruitment, and maturation. These sites are natural, consolidated hard substrate or dead coral skeleton free of algae and sediment at the appropriate scale at the point of larval settlement or fragment reattachment, and the associated water column. Several attributes of these sites determine the quality of the area and influence the value of the associated feature to the conservation of the species, including",Reefscape (all the visible features of an area of reef) with no more than a thin veneer of sediment and low occupancy by fleshy and turf macroalgae,0,0,1,0,1,1,,designated,88 FR 54026,8/9/2023,https://www.federalregister.gov/d/2023-16556,,,,0,0,0,0,1,1,0,0,0,0,0,0,0,0,0,0,0,0,1,0,0,0,1,0,0,0,5,"FL—Broward, Miami-Dade, and Monroe; PR—All; USVI—All; Navassa Island.",
414,Rough Cactus Coral,,,"Florida, Puerto Rico, USVI, Navassa
The ranges of the five threatened corals span the wider-Caribbean, and specifically include marine waters around Florida, Puerto Rico, USVI and Navassa in the United States (79 FR 53851, September 10, 2014). We did not consider geographical areas outside of the United States, because we cannot designate critical habitat areas outside of U.S. jurisdiction (50 CFR 424.12(g)).
For each of the five coral species, boundaries of specific areas were determined by each species' commonly occupied minimum and maximum depth ranges within each coral's range at the time of listing. Across all 5 coral species, a total of 28 specific areas were identified as being under consideration for critical habitat designation. There are five or six specific areas per species, depending on whether the species occurs in FGBNMS; one area each in Florida, Puerto Rico, St. Thomas and St. John, USVI, St. Croix, USVI, FGB, and Navassa Island. Within each of the geographic areas, the individual species' specific areas are largely-overlapping. 
*see Table 4 in the FRN for detail of critical habitat units","Atlantic, Caribbean, Gulf of America","Florida, Puerto Rico, USVI, Navassa Island","Sites that support the normal function of all life stages of the corals, including reproduction, recruitment, and maturation. These sites are natural, consolidated hard substrate or dead coral skeleton free of algae and sediment at the appropriate scale at the point of larval settlement or fragment reattachment, and the associated water column. Several attributes of these sites determine the quality of the area and influence the value of the associated feature to the conservation of the species, including","Marine water with levels of temperature, aragonite saturation, nutrients, and water clarity that have been observed to support any demographic function",0,0,1,0,1,1,,designated,88 FR 54026,8/9/2023,https://www.federalregister.gov/d/2023-16556,,,,0,0,0,0,0,0,0,0,0,0,0,0,0,1,1,0,0,1,1,1,0,0,0,0,0,0,5,"FL—Broward, Miami-Dade, and Monroe; PR—All; USVI—All; Navassa Island.",
415,Rough Cactus Coral,,,"Florida, Puerto Rico, USVI, Navassa
The ranges of the five threatened corals span the wider-Caribbean, and specifically include marine waters around Florida, Puerto Rico, USVI and Navassa in the United States (79 FR 53851, September 10, 2014). We did not consider geographical areas outside of the United States, because we cannot designate critical habitat areas outside of U.S. jurisdiction (50 CFR 424.12(g)).
For each of the five coral species, boundaries of specific areas were determined by each species' commonly occupied minimum and maximum depth ranges within each coral's range at the time of listing. Across all 5 coral species, a total of 28 specific areas were identified as being under consideration for critical habitat designation. There are five or six specific areas per species, depending on whether the species occurs in FGBNMS; one area each in Florida, Puerto Rico, St. Thomas and St. John, USVI, St. Croix, USVI, FGB, and Navassa Island. Within each of the geographic areas, the individual species' specific areas are largely-overlapping. 
*see Table 4 in the FRN for detail of critical habitat units","Atlantic, Caribbean, Gulf of America","Florida, Puerto Rico, USVI, Navassa Island","Sites that support the normal function of all life stages of the corals, including reproduction, recruitment, and maturation. These sites are natural, consolidated hard substrate or dead coral skeleton free of algae and sediment at the appropriate scale at the point of larval settlement or fragment reattachment, and the associated water column. Several attributes of these sites determine the quality of the area and influence the value of the associated feature to the conservation of the species, including",Marine water with levels of anthropogenically-introduced (from humans) chemical contaminants that do not preclude or inhibit any demographic function,0,0,1,0,1,1,,designated,88 FR 54026,8/9/2023,https://www.federalregister.gov/d/2023-16556,,,,0,0,0,0,0,0,0,0,1,0,0,0,0,1,0,0,0,0,0,0,0,0,0,0,0,0,5,"FL—Broward, Miami-Dade, and Monroe; PR—All; USVI—All; Navassa Island.",
416,Nassau Grouper,,,"aquatic habitat located in waters off the coasts of southeastern Florida, Puerto Rico, Navassa, and the United States Virgin Islands (USVI)","Atlantic, Caribbean","Navassa Island, Puerto Rico, USVI, Florida",,,0,0,1,0,,,,designated,89 FR 126,1/2/2024,https://www.federalregister.gov/public-inspection/2023-28483/endangered-and-threatened-species-designation-of-critical-habitat-for-the-nassau-grouper,,,,0,0,0,0,1,0,1,0,0,0,1,0,0,0,0,0,0,0,0,0,0,0,1,0,0,0,6,,Recruitment and developmental habitat
417,Nassau Grouper,,,"aquatic habitat located in waters off the coasts of southeastern Florida, Puerto Rico, Navassa, and the United States Virgin Islands (USVI)","Atlantic, Caribbean","Navassa Island, Puerto Rico, USVI, Florida","Recruitment and developmental habitat. Areas from nearshore to offshore necessary for recruitment, development, and growth of Nassau grouper containing a variety of benthic types that provide cover from predators and habitat for prey, consisting of the following","Nearshore shallow subtidal marine nursery areas with substrate that consists of unconsolidated calcareous medium to very coarse sediments (>= 0.5 mm grain size, as per Wentworth 1922) and shell and coral fragments and may also include cobble, boulders, whole corals and shells, or rubble mounds, to support larval settlement and provide shelter from predators during growth and habitat for prey",0,0,1,0,,,,designated,89 FR 126,1/2/2024,https://www.federalregister.gov/public-inspection/2023-28483/endangered-and-threatened-species-designation-of-critical-habitat-for-the-nassau-grouper,,,,0,0,0,0,1,1,1,0,0,0,1,0,0,0,0,0,0,0,1,0,0,0,0,0,0,0,6,,
418,Nassau Grouper,,,"aquatic habitat located in waters off the coasts of southeastern Florida, Puerto Rico, Navassa, and the United States Virgin Islands (USVI)","Atlantic, Caribbean","Navassa Island, Puerto Rico, USVI, Florida","Recruitment and developmental habitat. Areas from nearshore to offshore necessary for recruitment, development, and growth of Nassau grouper containing a variety of benthic types that provide cover from predators and habitat for prey, consisting of the following","Intermediate hardbottom and seagrass areas in close proximity to the nearshore shallow subtidal marine nursery areas that provide refuge and prey resources for juvenile fish. The areas include seagrass interspersed with areas of rubble, boulders, shell fragments, or other forms of cover; inshore patch and fore reefs that provide crevices and holes; or substrates interspersed with scattered sponges, octocorals, rock and macroalgal patches, or stony corals",0,0,1,0,,,,designated,89 FR 126,1/2/2024,https://www.federalregister.gov/public-inspection/2023-28483/endangered-and-threatened-species-designation-of-critical-habitat-for-the-nassau-grouper,,,,0,0,0,0,1,1,1,0,0,0,1,0,0,0,0,0,0,0,1,0,0,0,1,0,1,0,6,,
419,Nassau Grouper,,,"aquatic habitat located in waters off the coasts of southeastern Florida, Puerto Rico, Navassa, and the United States Virgin Islands (USVI)","Atlantic, Caribbean","Navassa Island, Puerto Rico, USVI, Florida","Recruitment and developmental habitat. Areas from nearshore to offshore necessary for recruitment, development, and growth of Nassau grouper containing a variety of benthic types that provide cover from predators and habitat for prey, consisting of the following","Offshore linear and patch reefs in close proximity to intermediate hardbottom and seagrass areas that contain multiple benthic types; for example: coral reef, colonized hardbottom, sponge habitat, coral rubble, rocky outcrops, or ledges, to provide shelter from predation during maturation and habitat for prey",0,0,1,0,,,,designated,89 FR 126,1/2/2024,https://www.federalregister.gov/public-inspection/2023-28483/endangered-and-threatened-species-designation-of-critical-habitat-for-the-nassau-grouper,,,,0,0,0,0,1,1,1,0,0,0,1,0,0,0,0,0,0,0,1,0,0,0,1,0,0,0,6,,
420,Nassau Grouper,,,"aquatic habitat located in waters off the coasts of southeastern Florida, Puerto Rico, Navassa, and the United States Virgin Islands (USVI)","Atlantic, Caribbean","Navassa Island, Puerto Rico, USVI, Florida","Recruitment and developmental habitat. Areas from nearshore to offshore necessary for recruitment, development, and growth of Nassau grouper containing a variety of benthic types that provide cover from predators and habitat for prey, consisting of the following","Structures between the subtidal nearshore area and the intermediate hardbottom and seagrass area and the offshore reef area including overhangs, crevices, depressions, blowout ledges, holes, and other types of formations of varying sizes and complexity to support juveniles and adults as movement corridors that include temporary refuge that reduces predation risk as Nassau grouper move from nearshore to offshore habitats",0,0,1,0,,,,designated,89 FR 126,1/2/2024,https://www.federalregister.gov/public-inspection/2023-28483/endangered-and-threatened-species-designation-of-critical-habitat-for-the-nassau-grouper,,,,0,0,0,0,1,0,1,0,0,1,1,0,0,0,0,0,0,0,1,0,0,0,0,0,0,0,6,,
421,Nassau Grouper,,,"aquatic habitat located in waters off the coasts of southeastern Florida, Puerto Rico, Navassa, and the United States Virgin Islands (USVI)","Atlantic, Caribbean","Puerto Rico, USVI, Florida",,Spawning Habitat. Marine sites used for spawning and adjacent waters that support movement and staging associated with spawning,0,0,1,0,0,,,designated,89 FR 126,1/2/2024,https://www.federalregister.gov/public-inspection/2023-28483/endangered-and-threatened-species-designation-of-critical-habitat-for-the-nassau-grouper,,,,0,0,0,0,1,0,1,1,1,1,0,0,0,1,1,0,0,0,0,0,0,0,0,0,1,0,6,,Spawning Habitat
422,Acropora Globiceps Coral,,,"marine habitat in American Samoa (AS), Guam (Gu), Commonwealth of the Northern Mariana Islands (CNMI), Pacific Remote Island Areas (PRIA), Hawai'i (HI).",Pacific,"American Samoa, Guam, CNMI, PRIA, Hawai'i",,,0,0,1,0,1,1,,designated,90 FR 31800,7/15/2025,https://www.federalregister.gov/documents/2025/07/15/2025-13238/endangered-and-threatened-species-designation-of-critical-habitat-for-five-species-of-threatened,,,,0,0,0,0,1,1,0,0,1,0,0,0,0,1,1,1,1,1,1,1,0,0,1,0,0,0,5,,"Sites that support the normal function of all life stages of the corals, including reproduction, recruitment, and maturation"
423,Acropora Globiceps Coral,,,"marine habitat in American Samoa (AS), Guam (Gu), Commonwealth of the Northern Mariana Islands (CNMI), Pacific Remote Island Areas (PRIA), Hawai'i (HI).",Pacific,"American Samoa, Guam, CNMI, PRIA, Hawai'i","Sites that support the normal function of all life stages of the corals, including reproduction, recruitment, and maturation. These sites are natural, consolidated hard substrate or dead coral skeleton free of algae and sediment at the appropriate scale at the point of larval settlement or fragment reattachment, and the associated water column. Several attributes of these sites determine the quality of the area and influence the value of the associated feature to the conservation of the species, including","Substrate with presence of crevices and holes that provide cryptic habitat, the presence of microbial biofilms, or presence of crustose coralline algae",0,0,1,0,1,1,,designated,90 FR 31800,7/15/2025,https://www.federalregister.gov/documents/2025/07/15/2025-13238/endangered-and-threatened-species-designation-of-critical-habitat-for-five-species-of-threatened,,,,0,0,0,0,1,1,1,0,0,0,0,0,0,0,0,0,0,0,1,0,0,0,1,0,0,0,5,,
424,Acropora Globiceps Coral,,,"marine habitat in American Samoa (AS), Guam (Gu), Commonwealth of the Northern Mariana Islands (CNMI), Pacific Remote Island Areas (PRIA), Hawai'i (HI).",Pacific,"American Samoa, Guam, CNMI, PRIA, Hawai'i","Sites that support the normal function of all life stages of the corals, including reproduction, recruitment, and maturation. These sites are natural, consolidated hard substrate or dead coral skeleton free of algae and sediment at the appropriate scale at the point of larval settlement or fragment reattachment, and the associated water column. Several attributes of these sites determine the quality of the area and influence the value of the associated feature to the conservation of the species, including",Reefscape (all the visible features of an area of reef) with no more than a thin veneer of sediment and low occupancy by fleshy and turf macroalgae,0,0,1,0,1,1,,designated,90 FR 31800,7/15/2025,https://www.federalregister.gov/documents/2025/07/15/2025-13238/endangered-and-threatened-species-designation-of-critical-habitat-for-five-species-of-threatened,,,,0,0,0,0,1,1,0,0,0,0,0,0,0,0,0,0,0,0,1,0,0,0,1,0,0,0,5,,
425,Acropora Globiceps Coral,,,"marine habitat in American Samoa (AS), Guam (Gu), Commonwealth of the Northern Mariana Islands (CNMI), Pacific Remote Island Areas (PRIA), Hawai'i (HI).",Pacific,"American Samoa, Guam, CNMI, PRIA, Hawai'i","Sites that support the normal function of all life stages of the corals, including reproduction, recruitment, and maturation. These sites are natural, consolidated hard substrate or dead coral skeleton free of algae and sediment at the appropriate scale at the point of larval settlement or fragment reattachment, and the associated water column. Several attributes of these sites determine the quality of the area and influence the value of the associated feature to the conservation of the species, including","Marine water with levels of temperature, aragonite saturation, nutrients, and water clarity that have been observed to support any demographic function",0,0,1,0,1,1,,designated,90 FR 31800,7/15/2025,https://www.federalregister.gov/documents/2025/07/15/2025-13238/endangered-and-threatened-species-designation-of-critical-habitat-for-five-species-of-threatened,,,,0,0,0,0,0,0,0,0,0,0,0,0,0,1,1,0,0,1,1,1,0,0,0,0,0,0,5,,
426,Acropora Globiceps Coral,,,"marine habitat in American Samoa (AS), Guam (Gu), Commonwealth of the Northern Mariana Islands (CNMI), Pacific Remote Island Areas (PRIA), Hawai'i (HI).",Pacific,"American Samoa, Guam, CNMI, PRIA, Hawai'i","Sites that support the normal function of all life stages of the corals, including reproduction, recruitment, and maturation. These sites are natural, consolidated hard substrate or dead coral skeleton free of algae and sediment at the appropriate scale at the point of larval settlement or fragment reattachment, and the associated water column. Several attributes of these sites determine the quality of the area and influence the value of the associated feature to the conservation of the species, including",Marine water with levels of anthropogenically-introduced (from humans) chemical contaminants that do not preclude or inhibit any demographic function,0,0,1,0,1,1,,designated,90 FR 31800,7/15/2025,https://www.federalregister.gov/documents/2025/07/15/2025-13238/endangered-and-threatened-species-designation-of-critical-habitat-for-five-species-of-threatened,,,,0,0,0,0,0,0,0,0,1,0,0,0,0,1,0,0,0,0,0,0,0,0,0,0,0,0,5,,
427,Acropora Retusa Coral,,,"marine habitat in American Samoa (AS), Pacific Remote Island Areas (PRIA)",Pacific,"American Samoa, PRIA",,,0,0,1,0,1,1,,designated,90 FR 31800,7/15/2025,https://www.federalregister.gov/documents/2025/07/15/2025-13238/endangered-and-threatened-species-designation-of-critical-habitat-for-five-species-of-threatened,,,,0,0,0,0,1,1,0,0,1,0,0,0,0,1,1,1,1,1,1,1,0,0,1,0,0,0,5,,"Sites that support the normal function of all life stages of the corals, including reproduction, recruitment, and maturation"
428,Acropora Retusa Coral,,,"marine habitat in American Samoa (AS), Pacific Remote Island Areas (PRIA)",Pacific,"American Samoa, PRIA","Sites that support the normal function of all life stages of the corals, including reproduction, recruitment, and maturation. These sites are natural, consolidated hard substrate or dead coral skeleton free of algae and sediment at the appropriate scale at the point of larval settlement or fragment reattachment, and the associated water column. Several attributes of these sites determine the quality of the area and influence the value of the associated feature to the conservation of the species, including","Substrate with presence of crevices and holes that provide cryptic habitat, the presence of microbial biofilms, or presence of crustose coralline algae",0,0,1,0,1,1,,designated,90 FR 31800,7/15/2025,https://www.federalregister.gov/documents/2025/07/15/2025-13238/endangered-and-threatened-species-designation-of-critical-habitat-for-five-species-of-threatened,,,,0,0,0,0,1,1,1,0,0,0,0,0,0,0,0,0,0,0,1,0,0,0,1,0,0,0,5,,
429,Acropora Retusa Coral,,,"marine habitat in American Samoa (AS), Pacific Remote Island Areas (PRIA)",Pacific,"American Samoa, PRIA","Sites that support the normal function of all life stages of the corals, including reproduction, recruitment, and maturation. These sites are natural, consolidated hard substrate or dead coral skeleton free of algae and sediment at the appropriate scale at the point of larval settlement or fragment reattachment, and the associated water column. Several attributes of these sites determine the quality of the area and influence the value of the associated feature to the conservation of the species, including",Reefscape (all the visible features of an area of reef) with no more than a thin veneer of sediment and low occupancy by fleshy and turf macroalgae,0,0,1,0,1,1,,designated,90 FR 31800,7/15/2025,https://www.federalregister.gov/documents/2025/07/15/2025-13238/endangered-and-threatened-species-designation-of-critical-habitat-for-five-species-of-threatened,,,,0,0,0,0,1,1,0,0,0,0,0,0,0,0,0,0,0,0,1,0,0,0,1,0,0,0,5,,
430,Acropora Retusa Coral,,,"marine habitat in American Samoa (AS), Pacific Remote Island Areas (PRIA)",Pacific,"American Samoa, PRIA","Sites that support the normal function of all life stages of the corals, including reproduction, recruitment, and maturation. These sites are natural, consolidated hard substrate or dead coral skeleton free of algae and sediment at the appropriate scale at the point of larval settlement or fragment reattachment, and the associated water column. Several attributes of these sites determine the quality of the area and influence the value of the associated feature to the conservation of the species, including","Marine water with levels of temperature, aragonite saturation, nutrients, and water clarity that have been observed to support any demographic function",0,0,1,0,1,1,,designated,90 FR 31800,7/15/2025,https://www.federalregister.gov/documents/2025/07/15/2025-13238/endangered-and-threatened-species-designation-of-critical-habitat-for-five-species-of-threatened,,,,0,0,0,0,0,0,0,0,0,0,0,0,0,1,1,0,0,1,1,1,0,0,0,0,0,0,5,,
431,Acropora Retusa Coral,,,"marine habitat in American Samoa (AS), Pacific Remote Island Areas (PRIA)",Pacific,"American Samoa, PRIA","Sites that support the normal function of all life stages of the corals, including reproduction, recruitment, and maturation. These sites are natural, consolidated hard substrate or dead coral skeleton free of algae and sediment at the appropriate scale at the point of larval settlement or fragment reattachment, and the associated water column. Several attributes of these sites determine the quality of the area and influence the value of the associated feature to the conservation of the species, including",Marine water with levels of anthropogenically-introduced (from humans) chemical contaminants that do not preclude or inhibit any demographic function,0,0,1,0,1,1,,designated,90 FR 31800,7/15/2025,https://www.federalregister.gov/documents/2025/07/15/2025-13238/endangered-and-threatened-species-designation-of-critical-habitat-for-five-species-of-threatened,,,,0,0,0,0,0,0,0,0,1,0,0,0,0,1,0,0,0,0,0,0,0,0,0,0,0,0,5,,
432,Acropora Speciosa Coral,,,marine habitat in American Samoa (AS),Pacific,American Samoa,,,0,0,1,0,1,1,,designated,90 FR 31800,7/15/2025,https://www.federalregister.gov/documents/2025/07/15/2025-13238/endangered-and-threatened-species-designation-of-critical-habitat-for-five-species-of-threatened,,,,0,0,0,0,1,1,0,0,1,0,0,0,0,1,1,1,1,1,1,1,0,0,1,0,0,0,5,,"Sites that support the normal function of all life stages of the corals, including reproduction, recruitment, and maturation"
433,Acropora Speciosa Coral,,,marine habitat in American Samoa (AS),Pacific,American Samoa,"Sites that support the normal function of all life stages of the corals, including reproduction, recruitment, and maturation. These sites are natural, consolidated hard substrate or dead coral skeleton free of algae and sediment at the appropriate scale at the point of larval settlement or fragment reattachment, and the associated water column. Several attributes of these sites determine the quality of the area and influence the value of the associated feature to the conservation of the species, including","Substrate with presence of crevices and holes that provide cryptic habitat, the presence of microbial biofilms, or presence of crustose coralline algae",0,0,1,0,1,1,,designated,90 FR 31800,7/15/2025,https://www.federalregister.gov/documents/2025/07/15/2025-13238/endangered-and-threatened-species-designation-of-critical-habitat-for-five-species-of-threatened,,,,0,0,0,0,1,1,1,0,0,0,0,0,0,0,0,0,0,0,1,0,0,0,1,0,0,0,5,,
434,Acropora Speciosa Coral,,,marine habitat in American Samoa (AS),Pacific,American Samoa,"Sites that support the normal function of all life stages of the corals, including reproduction, recruitment, and maturation. These sites are natural, consolidated hard substrate or dead coral skeleton free of algae and sediment at the appropriate scale at the point of larval settlement or fragment reattachment, and the associated water column. Several attributes of these sites determine the quality of the area and influence the value of the associated feature to the conservation of the species, including",Reefscape (all the visible features of an area of reef) with no more than a thin veneer of sediment and low occupancy by fleshy and turf macroalgae,0,0,1,0,1,1,,designated,90 FR 31800,7/15/2025,https://www.federalregister.gov/documents/2025/07/15/2025-13238/endangered-and-threatened-species-designation-of-critical-habitat-for-five-species-of-threatened,,,,0,0,0,0,1,1,0,0,0,0,0,0,0,0,0,0,0,0,1,0,0,0,1,0,0,0,5,,
435,Acropora Speciosa Coral,,,marine habitat in American Samoa (AS),Pacific,American Samoa,"Sites that support the normal function of all life stages of the corals, including reproduction, recruitment, and maturation. These sites are natural, consolidated hard substrate or dead coral skeleton free of algae and sediment at the appropriate scale at the point of larval settlement or fragment reattachment, and the associated water column. Several attributes of these sites determine the quality of the area and influence the value of the associated feature to the conservation of the species, including","Marine water with levels of temperature, aragonite saturation, nutrients, and water clarity that have been observed to support any demographic function",0,0,1,0,1,1,,designated,90 FR 31800,7/15/2025,https://www.federalregister.gov/documents/2025/07/15/2025-13238/endangered-and-threatened-species-designation-of-critical-habitat-for-five-species-of-threatened,,,,0,0,0,0,0,0,0,0,0,0,0,0,0,1,1,0,0,1,1,1,0,0,0,0,0,0,5,,
436,Acropora Speciosa Coral,,,marine habitat in American Samoa (AS),Pacific,American Samoa,"Sites that support the normal function of all life stages of the corals, including reproduction, recruitment, and maturation. These sites are natural, consolidated hard substrate or dead coral skeleton free of algae and sediment at the appropriate scale at the point of larval settlement or fragment reattachment, and the associated water column. Several attributes of these sites determine the quality of the area and influence the value of the associated feature to the conservation of the species, including",Marine water with levels of anthropogenically-introduced (from humans) chemical contaminants that do not preclude or inhibit any demographic function,0,0,1,0,1,1,,designated,90 FR 31800,7/15/2025,https://www.federalregister.gov/documents/2025/07/15/2025-13238/endangered-and-threatened-species-designation-of-critical-habitat-for-five-species-of-threatened,,,,0,0,0,0,0,0,0,0,1,0,0,0,0,1,0,0,0,0,0,0,0,0,0,0,0,0,5,,
437,Fimbriaphyllia Paradivisa Coral,,,marine habitat in American Samoa (AS),Pacific,American Samoa,,,0,0,1,0,1,1,,designated,90 FR 31800,7/15/2025,https://www.federalregister.gov/documents/2025/07/15/2025-13238/endangered-and-threatened-species-designation-of-critical-habitat-for-five-species-of-threatened,,,,0,0,0,0,1,1,0,0,1,0,0,0,0,1,1,1,1,1,1,1,0,0,1,0,0,0,5,,"Sites that support the normal function of all life stages of the corals, including reproduction, recruitment, and maturation"
438,Fimbriaphyllia Paradivisa Coral,,,marine habitat in American Samoa (AS),Pacific,American Samoa,"Sites that support the normal function of all life stages of the corals, including reproduction, recruitment, and maturation. These sites are natural, consolidated hard substrate or dead coral skeleton free of algae and sediment at the appropriate scale at the point of larval settlement or fragment reattachment, and the associated water column. Several attributes of these sites determine the quality of the area and influence the value of the associated feature to the conservation of the species, including","Substrate with presence of crevices and holes that provide cryptic habitat, the presence of microbial biofilms, or presence of crustose coralline algae",0,0,1,0,1,1,,designated,90 FR 31800,7/15/2025,https://www.federalregister.gov/documents/2025/07/15/2025-13238/endangered-and-threatened-species-designation-of-critical-habitat-for-five-species-of-threatened,,,,0,0,0,0,1,1,1,0,0,0,0,0,0,0,0,0,0,0,1,0,0,0,1,0,0,0,5,,
439,Fimbriaphyllia Paradivisa Coral,,,marine habitat in American Samoa (AS),Pacific,American Samoa,"Sites that support the normal function of all life stages of the corals, including reproduction, recruitment, and maturation. These sites are natural, consolidated hard substrate or dead coral skeleton free of algae and sediment at the appropriate scale at the point of larval settlement or fragment reattachment, and the associated water column. Several attributes of these sites determine the quality of the area and influence the value of the associated feature to the conservation of the species, including",Reefscape (all the visible features of an area of reef) with no more than a thin veneer of sediment and low occupancy by fleshy and turf macroalgae,0,0,1,0,1,1,,designated,90 FR 31800,7/15/2025,https://www.federalregister.gov/documents/2025/07/15/2025-13238/endangered-and-threatened-species-designation-of-critical-habitat-for-five-species-of-threatened,,,,0,0,0,0,1,1,0,0,0,0,0,0,0,0,0,0,0,0,1,0,0,0,1,0,0,0,5,,
440,Fimbriaphyllia Paradivisa Coral,,,marine habitat in American Samoa (AS),Pacific,American Samoa,"Sites that support the normal function of all life stages of the corals, including reproduction, recruitment, and maturation. These sites are natural, consolidated hard substrate or dead coral skeleton free of algae and sediment at the appropriate scale at the point of larval settlement or fragment reattachment, and the associated water column. Several attributes of these sites determine the quality of the area and influence the value of the associated feature to the conservation of the species, including","Marine water with levels of temperature, aragonite saturation, nutrients, and water clarity that have been observed to support any demographic function",0,0,1,0,1,1,,designated,90 FR 31800,7/15/2025,https://www.federalregister.gov/documents/2025/07/15/2025-13238/endangered-and-threatened-species-designation-of-critical-habitat-for-five-species-of-threatened,,,,0,0,0,0,0,0,0,0,0,0,0,0,0,1,1,0,0,1,1,1,0,0,0,0,0,0,5,,
441,Fimbriaphyllia Paradivisa Coral,,,marine habitat in American Samoa (AS),Pacific,American Samoa,"Sites that support the normal function of all life stages of the corals, including reproduction, recruitment, and maturation. These sites are natural, consolidated hard substrate or dead coral skeleton free of algae and sediment at the appropriate scale at the point of larval settlement or fragment reattachment, and the associated water column. Several attributes of these sites determine the quality of the area and influence the value of the associated feature to the conservation of the species, including",Marine water with levels of anthropogenically-introduced (from humans) chemical contaminants that do not preclude or inhibit any demographic function,0,0,1,0,1,1,,designated,90 FR 31800,7/15/2025,https://www.federalregister.gov/documents/2025/07/15/2025-13238/endangered-and-threatened-species-designation-of-critical-habitat-for-five-species-of-threatened,,,,0,0,0,0,0,0,0,0,1,0,0,0,0,1,0,0,0,0,0,0,0,0,0,0,0,0,5,,
442,Isopora Crateriformis Coral,,,marine habitat in American Samoa (AS),Pacific,American Samoa,,,0,0,1,0,1,1,,designated,90 FR 31800,7/15/2025,https://www.federalregister.gov/documents/2025/07/15/2025-13238/endangered-and-threatened-species-designation-of-critical-habitat-for-five-species-of-threatened,,,,0,0,0,0,1,1,0,0,1,0,0,0,0,1,1,1,1,1,1,1,0,0,1,0,0,0,5,,"Sites that support the normal function of all life stages of the corals, including reproduction, recruitment, and maturation"
443,Isopora Crateriformis Coral,,,marine habitat in American Samoa (AS),Pacific,American Samoa,"Sites that support the normal function of all life stages of the corals, including reproduction, recruitment, and maturation. These sites are natural, consolidated hard substrate or dead coral skeleton free of algae and sediment at the appropriate scale at the point of larval settlement or fragment reattachment, and the associated water column. Several attributes of these sites determine the quality of the area and influence the value of the associated feature to the conservation of the species, including","Substrate with presence of crevices and holes that provide cryptic habitat, the presence of microbial biofilms, or presence of crustose coralline algae",0,0,1,0,1,1,,designated,90 FR 31800,7/15/2025,https://www.federalregister.gov/documents/2025/07/15/2025-13238/endangered-and-threatened-species-designation-of-critical-habitat-for-five-species-of-threatened,,,,0,0,0,0,1,1,1,0,0,0,0,0,0,0,0,0,0,0,1,0,0,0,1,0,0,0,5,,
444,Isopora Crateriformis Coral,,,marine habitat in American Samoa (AS),Pacific,American Samoa,"Sites that support the normal function of all life stages of the corals, including reproduction, recruitment, and maturation. These sites are natural, consolidated hard substrate or dead coral skeleton free of algae and sediment at the appropriate scale at the point of larval settlement or fragment reattachment, and the associated water column. Several attributes of these sites determine the quality of the area and influence the value of the associated feature to the conservation of the species, including",Reefscape (all the visible features of an area of reef) with no more than a thin veneer of sediment and low occupancy by fleshy and turf macroalgae,0,0,1,0,1,1,,designated,90 FR 31800,7/15/2025,https://www.federalregister.gov/documents/2025/07/15/2025-13238/endangered-and-threatened-species-designation-of-critical-habitat-for-five-species-of-threatened,,,,0,0,0,0,1,1,0,0,0,0,0,0,0,0,0,0,0,0,1,0,0,0,1,0,0,0,5,,
445,Isopora Crateriformis Coral,,,marine habitat in American Samoa (AS),Pacific,American Samoa,"Sites that support the normal function of all life stages of the corals, including reproduction, recruitment, and maturation. These sites are natural, consolidated hard substrate or dead coral skeleton free of algae and sediment at the appropriate scale at the point of larval settlement or fragment reattachment, and the associated water column. Several attributes of these sites determine the quality of the area and influence the value of the associated feature to the conservation of the species, including","Marine water with levels of temperature, aragonite saturation, nutrients, and water clarity that have been observed to support any demographic function",0,0,1,0,1,1,,designated,90 FR 31800,7/15/2025,https://www.federalregister.gov/documents/2025/07/15/2025-13238/endangered-and-threatened-species-designation-of-critical-habitat-for-five-species-of-threatened,,,,0,0,0,0,0,0,0,0,0,0,0,0,0,1,1,0,0,1,1,1,0,0,0,0,0,0,5,,
446,Isopora Crateriformis Coral,,,marine habitat in American Samoa (AS),Pacific,American Samoa,"Sites that support the normal function of all life stages of the corals, including reproduction, recruitment, and maturation. These sites are natural, consolidated hard substrate or dead coral skeleton free of algae and sediment at the appropriate scale at the point of larval settlement or fragment reattachment, and the associated water column. Several attributes of these sites determine the quality of the area and influence the value of the associated feature to the conservation of the species, including",Marine water with levels of anthropogenically-introduced (from humans) chemical contaminants that do not preclude or inhibit any demographic function,0,0,1,0,1,1,,designated,90 FR 31800,7/15/2025,https://www.federalregister.gov/documents/2025/07/15/2025-13238/endangered-and-threatened-species-designation-of-critical-habitat-for-five-species-of-threatened,,,,0,0,0,0,0,0,0,0,1,0,0,0,0,1,0,0,0,0,0,0,0,0,0,0,0,0,5,,